player,team,league,age,nation,pos,playing time_min,standard_sot%,standard_g/sh,team success_ppm,performance_gls_per90,performance_ast_per90,performance_g-pk_per90,performance_pk_per90,performance_crdy_per90,performance_crdr_per90,performance_fls_per90,performance_fld_per90,performance_off_per90,performance_crs_per90,performance_int_per90,performance_tklw_per90,standard_sh_per90,standard_sot_per90
Aaron Cresswell,West Ham,ENG-Premier League,34,ENG,DF,3495.0,3.6999999999999997,0.0,1.2966666666666666,0.0,0.025751072961373394,0.0,0.0,0.1802575107296137,0.0,0.38626609442060084,0.3605150214592274,0.07725321888412016,4.660944206008584,1.004291845493562,0.5665236051502146,0.3605150214592274,0.025751072961373394
Aaron Hickey,Brentford,ENG-Premier League,24-092,SCO,"DF,MF",3383.0,12.3,0.0,1.43,0.0,0.026603606266627257,0.0,0.0,0.34584688146615433,0.0,1.037540644398463,1.6228199822642624,0.026603606266627257,1.0109370381318357,0.7981081879988176,1.143955069464972,0.6384865503990541,0.10641442506650903
Aaron Ramsey,Nice,FRA-Ligue 1,31,WAL,MF,2111.0,30.299999999999997,0.025,0.9750000000000001,0.04263382283278067,0.04263382283278067,0.04263382283278067,0.0,0.1705352913311227,0.0,1.27901468498342,0.9379441023211748,0.1705352913311227,2.600663192799621,0.8100426338228328,1.8332543818095688,1.1937470393178589,0.3410705826622454
Aaron Wan-Bissaka,Aston Villa,ENG-Premier League,28-288,COD,"DF,MF",8469.0,16.919999999999998,0.026000000000000002,1.232,0.021253985122210415,0.09564293304994687,0.021253985122210415,0.0,0.11689691817215728,0.0,0.8182784272051009,0.5419766206163655,0.06376195536663125,1.540913921360255,1.7109458023379382,1.2964930924548355,0.308182784272051,0.08501594048884166
Aaron Zehnter,Wolfsburg,Unknown,20,GER,"DF,MF",1457.0,22.75,0.09,2.05,0.12354152367879204,0.0,0.12354152367879204,0.0,0.0,0.0,0.12354152367879204,0.0,0.0,2.2237474262182566,1.0501029512697322,0.6177076183939602,0.6794783802333562,0.3088538091969801
Aarón Martín,Mainz 05,Unknown,25,ESP,"MF,DF",8465.0,20.7,0.06999999999999999,0.966,0.06379208505611342,0.18074424099232134,0.06379208505611342,0.0,0.1488481984642646,0.010632014176018901,1.2758417011222682,0.8930891907855877,0.08505611340815121,7.421145894861194,0.5528647371529828,1.2120496160661547,0.5422327229769639,0.17011222681630242
Abakar Sylla,Strasbourg,FRA-Ligue 1,22,CIV,DF,2809.0,16.375,0.095,0.9724999999999999,0.09611961552153792,0.0,0.09611961552153792,0.0,0.19223923104307583,0.03203987184051264,1.601993592025632,0.35243859024563906,0.03203987184051264,0.12815948736205057,1.2175151299394804,1.1854752580989676,0.5767176931292275,0.19223923104307583
Abdallah Sima,Lens,FRA-Ligue 1,25-085,SEN,FW,4040.0,30.075000000000003,0.095,1.1925,0.3118811881188119,0.13366336633663367,0.3118811881188119,0.0,0.11138613861386139,0.0,1.4702970297029703,1.5148514851485149,0.44554455445544555,1.0915841584158417,0.1782178217821782,0.6460396039603961,2.495049504950495,0.8242574257425742
Abde Ezzalzouli,Real Betis,ESP-La Liga,24-267,MAR,"FW,MF",6685.0,28.166666666666668,0.05000000000000001,1.3116666666666668,0.2288706058339566,0.16155572176514585,0.2288706058339566,0.0,0.13462976813762154,0.02692595362752431,1.1847419596110695,2.181002243829469,0.1884816753926702,3.0291697830964845,0.4442782348541511,1.2251308900523559,2.867614061331339,1.0501121914734481
Abde Rebbach,Alavés,ESP-La Liga,28-030,ALG,"MF,DF",2922.0,31.375,0.0225,1.395,0.061601642710472276,0.12320328542094455,0.061601642710472276,0.0,0.40041067761806987,0.0,2.0328542094455853,1.4784394250513349,0.3080082135523614,6.3757700205338805,0.8624229979466118,0.9856262833675564,1.8172484599589322,0.5544147843942505
Abdel Abqar,Getafe,ESP-La Liga,27-184,MAR,DF,6303.0,13.15,0.0,1.1925,0.0,0.042836744407425034,0.0,0.0,0.47120418848167545,0.014278914802475014,1.5706806282722514,1.313660161827701,0.057115659209900055,0.12851023322227512,1.170871013802951,0.8710138029509756,0.4140885292717753,0.07139457401237506
Abdelhamid Ait Boudlal,Rennes,FRA-Ligue 1,20-147,MAR,DF,1583.0,15.4,0.075,1.925,0.11370814908401768,0.05685407454200884,0.11370814908401768,0.0,0.22741629816803535,0.05685407454200884,0.9096651926721414,0.5685407454200885,0.05685407454200884,0.11370814908401768,1.421351863550221,0.8528111181301328,0.7391029690461149,0.22741629816803535
Abdelhamid Sabiri,Fiorentina,ITA-Serie A,28,MAR,MF,1096.0,16.65,0.03,0.75,0.16423357664233576,0.0,0.08211678832116788,0.08211678832116788,0.4105839416058394,0.0,2.3813868613138687,3.284671532846715,0.0,4.762773722627737,0.16423357664233576,0.8211678832116788,2.791970802919708,0.9032846715328468
Abdou Harroui,Hellas Verona,ITA-Serie A,27,NED,MF,3036.0,27.1,0.095,0.9475,0.2075098814229249,0.1482213438735178,0.1482213438735178,0.05928853754940712,0.23715415019762848,0.0,1.8379446640316204,0.6818181818181819,0.11857707509881424,1.7786561264822134,0.32608695652173914,1.1561264822134387,2.1936758893280635,0.6521739130434783
Abdoul Coulibaly,Werder Bremen,Unknown,18,GER,DF,2149.0,8.35,0.085,1.965,0.041879944160074456,0.0,0.041879944160074456,0.0,0.20939972080037228,0.041879944160074456,0.7538389948813401,0.37691949744067005,0.041879944160074456,0.5444392740809679,1.005118659841787,0.5863192182410424,0.25127966496044674,0.041879944160074456
Abdoul Ouattara,Strasbourg,FRA-Ligue 1,19,FRA,"MF,DF",2281.0,33.56666666666667,0.09000000000000001,1.4400000000000002,0.11836913634370891,0.0394563787812363,0.11836913634370891,0.0,0.11836913634370891,0.0,0.7496711968434897,0.47347654537483563,0.0789127575624726,0.8680403331871986,1.1047786058746163,0.6313020604997808,1.2626041209995615,0.5523893029373081
Abdoulaye Bamba,Angers,FRA-Ligue 1,35,CIV,DF,3129.0,33.333333333333336,0.0,0.77,0.0,0.0,0.0,0.0,0.14381591562799617,0.0,0.6615532118887824,0.7190795781399808,0.11505273250239693,0.7190795781399808,1.2080536912751678,0.9491850431447747,0.05752636625119847,0.028763183125599234
Abdoulaye Doucouré,Everton,ENG-Premier League,31,MLI,MF,6726.0,40.4,0.16666666666666666,1.3133333333333332,0.20071364852809992,0.06690454950936664,0.20071364852809992,0.0,0.2408563782337199,0.026761819803746652,1.6458519179304192,0.22747546833184656,0.5218554861730598,0.7627118644067796,0.5218554861730598,1.0169491525423728,1.311329170383586,0.5486173059768065
Abdoulaye Faye,Lorient,FRA-Ligue 1,20,SEN,DF,1489.0,12.5,0.0,0.59,0.0,0.0,0.0,0.0,0.48354600402955006,0.0,1.5715245130960378,0.9066487575554063,0.0,0.24177300201477503,1.752854264607119,1.45063801208865,0.48354600402955006,0.12088650100738751
Abdoulaye Ndiaye,Parma,ITA-Serie A,24-153,SEN,DF,2577.0,6.066666666666666,0.03,1.0733333333333335,0.034924330616996506,0.0,0.034924330616996506,0.0,0.31431897555296856,0.06984866123399301,1.2922002328288709,1.1175785797438882,0.0,0.06984866123399301,0.8032596041909197,1.4668218859138533,0.6286379511059371,0.06984866123399301
Abdoulaye Touré,Le Havre,FRA-Ligue 1,31,GUI,MF,5348.0,31.0,0.13999999999999999,1.0033333333333332,0.23560209424083772,0.016828721017202692,0.06731488406881077,0.1682872101720269,0.18511593118922962,0.0,1.1611817501869859,1.5650710545998503,0.016828721017202692,0.47120418848167545,1.0770381451009723,1.144353029169783,1.5650710545998503,0.48803290949887806
Abdu Conté,Troyes,FRA-Ligue 1,24,POR,"DF,MF",1315.0,75.0,0.25,0.68,0.06844106463878327,0.13688212927756654,0.06844106463878327,0.0,0.0,0.0,0.8212927756653993,0.8212927756653993,0.2737642585551331,2.532319391634981,0.41064638783269963,1.3688212927756653,0.2737642585551331,0.20532319391634982
Abdukodir Khusanov,Lens,FRA-Ligue 1,20,UZB,DF,3987.0,27.52,0.0,1.938,0.0,0.0,0.0,0.0,0.24830699774266365,0.02257336343115124,0.9255079006772009,0.4514672686230248,0.0,0.29345372460496616,1.670428893905192,1.1512415349887133,0.42889390519187354,0.1805869074492099
Abdul Mumin,Rayo Vallecano,ESP-La Liga,27,GHA,DF,4712.0,18.35,0.0925,1.6775,0.05730050933786079,0.019100169779286927,0.05730050933786079,0.0,0.24830220713073006,0.038200339558573854,0.8786078098471987,0.7067062818336163,0.0,0.19100169779286927,0.9741086587436333,0.8404074702886247,0.42020373514431236,0.11460101867572157
Abdulai Juma Bah,Nice,FRA-Ligue 1,19,SLE,DF,3508.0,37.300000000000004,0.0,1.2733333333333332,0.0,0.0,0.0,0.0,0.25655644241733183,0.0,1.0262257696693273,0.35917901938426455,0.07696693272519954,0.0,1.4623717217787913,0.8722919042189282,0.30786773090079816,0.10262257696693272
Abdón Prats,Mallorca,ESP-La Liga,32,ESP,FW,2285.0,48.0,0.1225,1.2625,0.3544857768052517,0.0787746170678337,0.3150984682713348,0.03938730853391685,0.3544857768052517,0.0,1.2210065645514223,1.811816192560175,0.3544857768052517,0.3544857768052517,0.1575492341356674,0.19693654266958424,2.2844638949671774,1.024070021881838
Abel Bretones,Osasuna,ESP-La Liga,26-020,ESP,DF,4058.0,20.2,0.08666666666666667,1.4633333333333332,0.0665352390340069,0.04435682602267127,0.0665352390340069,0.0,0.19960571710202069,0.022178413011335635,1.0645638245441105,1.153277476589453,0.11089206505667816,2.772301626416954,0.8649581074420898,1.2641695416461312,0.5544603252833908,0.15524889107934944
Abel Ruiz,Girona,ESP-La Liga,25,ESP,FW,1533.0,29.55,0.085,1.2650000000000001,0.23483365949119372,0.0,0.1761252446183953,0.05870841487279843,0.1761252446183953,0.0,0.5283757338551859,0.7632093933463796,0.3522504892367906,0.3522504892367906,0.29354207436399216,0.1761252446183953,1.643835616438356,0.5870841487279843
Ablie Jallow,Metz,FRA-Ligue 1,24,GAM,"MF,FW",918.0,38.9,0.17,0.53,0.29411764705882354,0.19607843137254904,0.19607843137254904,0.09803921568627452,0.09803921568627452,0.0,0.7843137254901962,1.3725490196078431,0.0,2.2549019607843137,0.7843137254901962,0.5882352941176471,1.7647058823529411,0.6862745098039216
Abner,Lyon,FRA-Ligue 1,26-106,BRA,DF,5348.0,24.82,0.064,1.668,0.06731488406881077,0.06731488406881077,0.06731488406881077,0.0,0.1682872101720269,0.016828721017202692,1.0770381451009723,0.28608825729244575,0.05048616305160808,2.288706058339566,0.6394913986537023,1.194839192221391,0.5553477935676888,0.20194465220643232
Achraf Dari,Brest,FRA-Ligue 1,24,MAR,DF,1438.0,75.0,0.125,0.86,0.06258692628650904,0.0,0.06258692628650904,0.0,0.06258692628650904,0.0,0.9388038942976357,0.8136300417246176,0.12517385257301808,0.06258692628650904,1.3143254520166898,0.9388038942976357,0.31293463143254524,0.18776077885952713
Achraf Hakimi,Paris SG,FRA-Ligue 1,27-310,MAR,DF,7696.0,33.36,0.11600000000000002,0.9860000000000001,0.17541580041580043,0.18711018711018712,0.17541580041580043,0.0,0.2104989604989605,0.035083160083160085,0.9238565488565489,1.0524948024948027,0.2455821205821206,2.982068607068607,0.8303014553014554,1.227910602910603,1.4734927234927235,0.5145530145530146
Adam Armstrong,Wolves,ENG-Premier League,28,ENG,"FW,MF",3723.0,38.63333333333333,0.09000000000000001,0.6533333333333333,0.145044319097502,0.12087026591458502,0.12087026591458502,0.024174053182917002,0.21756647864625303,0.0,0.9911361804995971,0.410958904109589,0.38678485092667203,0.7977437550362612,0.19339242546333602,0.38678485092667203,1.6680096696212732,0.6526994359387591
Adam Buksa,Udinese,ITA-Serie A,29,POL,FW,1023.0,25.0,0.125,1.81,0.26392961876832843,0.0,0.26392961876832843,0.0,0.26392961876832843,0.0,2.6392961876832848,1.4076246334310851,0.26392961876832843,0.17595307917888564,0.26392961876832843,0.7038123167155426,1.0557184750733137,0.5278592375366569
Adam Daghim,Hoffenheim,Unknown,20-347,DEN,MF,1540.0,54.15,0.16,0.335,0.17532467532467533,0.23376623376623376,0.17532467532467533,0.0,0.17532467532467533,0.0,1.168831168831169,1.461038961038961,0.29220779220779225,1.87012987012987,0.8766233766233766,1.2857142857142856,1.8116883116883116,0.7012987012987013
Adam Dźwigała,St Pauli,Unknown,29,POL,DF,1661.0,25.0,0.125,0.915,0.054184226369656835,0.054184226369656835,0.054184226369656835,0.0,0.3792895845875978,0.054184226369656835,1.3546056592414208,0.4876580373269115,0.0,0.27092113184828415,1.5171583383503913,2.004816375677303,0.5418422636965683,0.10836845273931367
Adam Hložek,Hoffenheim,Unknown,24-047,CZE,FW,3781.0,34.14,0.084,1.278,0.3570483998942079,0.23803226659613858,0.3570483998942079,0.0,0.11901613329806929,0.0,1.0235387463633958,1.4043903729172178,0.19042581327691088,0.8807193864057128,0.28563871991536627,0.499867759851891,2.7135678391959797,1.0473419730230098
Adam Karabec,Lyon,FRA-Ligue 1,22,CZE,"MF,FW",922.0,55.6,0.11,1.95,0.09761388286334056,0.0,0.09761388286334056,0.0,0.2928416485900217,0.0,1.3665943600867678,1.9522776572668112,0.2928416485900217,7.809110629067245,0.09761388286334056,0.2928416485900217,0.8785249457700651,0.4880694143167028
Adam Lallana,Southampton,ENG-Premier League,36,ENG,MF,1933.0,26.900000000000002,0.08333333333333333,1.0999999999999999,0.09311950336264874,0.18623900672529747,0.09311950336264874,0.0,0.2793585100879462,0.0,0.8846352819451629,1.2105535437144335,0.09311950336264874,0.6518365235385412,0.46559751681324363,0.6518365235385412,1.024314536989136,0.3259182617692706
Adam Marušić,Lazio,ITA-Serie A,33-328,MNE,DF,10993.0,33.2,0.072,1.922,0.04912216865277904,0.03274811243518603,0.04912216865277904,0.0,0.10643136541435459,0.02456108432638952,0.7286455016828892,0.46666060220140093,0.06549622487037206,1.2362412444282727,0.9251341762940053,0.8023287546620576,0.5239697989629765,0.2210497589375057
Adam Masina,Torino,ITA-Serie A,31,MAR,DF,4031.0,49.72,0.22800000000000004,0.9880000000000001,0.06698089804018854,0.06698089804018854,0.06698089804018854,0.0,0.20094269412056562,0.0,1.361944926817167,0.5805011163483007,0.04465393202679236,0.6251550483750931,1.2279831307367899,0.8930786405358473,0.33490449020094265,0.1339617960803771
Adam Obert,Cagliari,ITA-Serie A,24-018,SVK,DF,5055.0,50.55,0.0275,1.165,0.017804154302670624,0.0712166172106825,0.017804154302670624,0.0,0.26706231454005935,0.017804154302670624,1.370919881305638,0.42729970326409494,0.05341246290801187,1.9050445103857565,1.566765578635015,1.086053412462908,0.42729970326409494,0.1602373887240356
Adam Ounas,Napoli,ITA-Serie A,25,ALG,"FW,MF",1497.0,25.066666666666663,0.05000000000000001,2.2533333333333334,0.12024048096192386,0.06012024048096193,0.12024048096192386,0.0,0.12024048096192386,0.0,1.0821643286573146,2.404809619238477,0.18036072144288576,5.771543086172344,0.8416833667334669,0.721442885771543,2.164328657314629,0.721442885771543
Adam Smith,Bournemouth,ENG-Premier League,35-134,ENG,DF,8030.0,4.0,0.0,1.252,0.0,0.05603985056039851,0.0,0.0,0.32503113325031135,0.0,1.1320049813200497,0.863013698630137,0.0112079701120797,1.5354919053549192,0.8518057285180574,0.8854296388542964,0.12328767123287672,0.0112079701120797
Adam Webster,Brighton,ENG-Premier League,29,ENG,DF,4016.0,14.533333333333333,0.0,1.72,0.0,0.0,0.0,0.0,0.11205179282868526,0.0,0.5826693227091634,0.2241035856573705,0.044820717131474105,0.1344621513944223,1.2325697211155378,0.6723107569721116,0.6947211155378487,0.08964143426294821
Adam Wharton,Crystal Palace,ENG-Premier League,22-216,ENG,MF,5437.0,16.825,0.0075,1.24,0.016553246275519587,0.16553246275519587,0.016553246275519587,0.0,0.16553246275519587,0.016553246275519587,1.0759610079087734,1.3077064557660474,0.0,2.4995401876034578,1.1421739930108514,1.4235791796946846,0.9104285451535774,0.19863895530623507
Adama Boiro,Athletic Club,ESP-La Liga,24-080,ESP,DF,1937.0,0.0,0.0,0.9166666666666666,0.0,0.0,0.0,0.0,0.18585441404233352,0.0,0.8828084667010841,0.9292720702116675,0.04646360351058338,2.5554981930820855,1.3939081053175013,1.0221992772328343,0.3252452245740836,0.0
Adama Camara,Paris FC,FRA-Ligue 1,29-327,FRA,"DF,MF",2429.0,14.7,0.03,1.855,0.03705228489090161,0.0,0.03705228489090161,0.0,0.29641827912721286,0.0,1.0004116920543433,0.7410456978180321,0.03705228489090161,0.5557842733635241,1.519143680526966,1.3709345409633595,0.6669411280362288,0.18526142445450802
Adama Soumaoro,Bologna,ITA-Serie A,30,FRA,DF,1867.0,50.0,0.0,1.39,0.0,0.0,0.0,0.0,0.241028387787895,0.048205677557579,1.0123192287091591,0.578468130690948,0.0,0.0,0.723085163363685,0.8194965184788431,0.096411355115158,0.048205677557579
Adama Traoré,Dep. A Coruña,ESP-La Liga,30-228,ESP,"FW,MF",4065.0,26.083333333333332,0.056666666666666664,1.5216666666666665,0.13284132841328414,0.24354243542435428,0.13284132841328414,0.0,0.17712177121771217,0.0,1.2398523985239853,1.7490774907749078,0.2878228782287823,5.269372693726937,0.11070110701107011,0.5535055350553506,1.6826568265682658,0.6199261992619927
Ademola Lookman,Atalanta,ITA-Serie A,27,NGA,"FW,MF",7572.0,37.46666666666667,0.165,1.6450000000000002,0.5467511885895404,0.21394611727416799,0.4873217115689382,0.05942947702060222,0.14263074484944532,0.0,1.2480190174326466,1.3431061806656102,0.7369255150554676,3.1616481774960383,0.26148969889064977,0.5110935023771791,3.0427892234548337,1.200475435816165
Adil Rami,Troyes,FRA-Ligue 1,36,FRA,DF,1596.0,33.3,0.0,0.45,0.0,0.05639097744360902,0.0,0.0,0.11278195488721804,0.0,0.5639097744360901,0.7894736842105263,0.05639097744360902,0.28195488721804507,1.2406015037593985,0.7894736842105263,0.5075187969924811,0.16917293233082706
Adnan Januzaj,Sevilla,ESP-La Liga,30,BEL,"MF,FW",1159.0,12.0,0.0325,0.5575,0.1553062985332183,0.07765314926660916,0.1553062985332183,0.0,0.4659188955996548,0.0,1.3201035375323555,3.3390854184641934,0.07765314926660916,7.998274374460743,0.3882657463330457,1.009490940465919,2.251941328731665,0.4659188955996548
Ado Onaiwu,Auxerre,FRA-Ligue 1,28,JPN,"MF,FW",2039.0,41.0,0.14,1.2349999999999999,0.26483570377636095,0.08827856792545366,0.26483570377636095,0.0,0.04413928396272683,0.04413928396272683,1.0593428151054438,1.1917606669936245,0.26483570377636095,0.5296714075527219,0.22069641981363414,0.5738106915154487,1.8538499264345265,0.7945071113290828
Adri Embarba,Rayo Vallecano,ESP-La Liga,32,ESP,"MF,FW",5590.0,28.3,0.04,1.0375,0.1288014311270125,0.09660107334525939,0.09660107334525939,0.032200357781753126,0.22540250447227192,0.016100178890876563,1.3846153846153846,1.4973166368515205,0.6118067978533095,6.665474060822898,0.5957066189624329,1.368515205724508,2.4311270125223614,0.9177101967799642
Adrian Beck,Heidenheim,Unknown,28,GER,MF,3440.0,31.566666666666663,0.09000000000000001,0.9166666666666666,0.1569767441860465,0.07848837209302326,0.1569767441860465,0.0,0.07848837209302326,0.0,1.125,0.9941860465116279,0.1308139534883721,1.3604651162790697,0.41860465116279066,1.2296511627906976,1.6220930232558142,0.5232558139534884
Adrian Bernabe,Parma,ITA-Serie A,25-107,ESP,MF,4067.0,14.166666666666666,0.03333333333333333,0.7933333333333333,0.08851733464470125,0.04425866732235063,0.08851733464470125,0.0,0.022129333661175313,0.0,0.5753626751905582,2.2793213671010575,0.022129333661175313,2.45635603639046,0.5753626751905582,0.9736906810917139,1.7260880255716744,0.3761986722399803
Adrien Hunou,Angers,FRA-Ligue 1,28,FRA,"MF,FW",2234.0,40.0,0.09,0.5,0.1611459265890779,0.04028648164726947,0.1611459265890779,0.0,0.08057296329453895,0.0,0.604297224709042,1.7726051924798567,0.20143240823634734,0.6445837063563116,0.2820053715308863,0.8460161145926589,1.8128916741271264,0.7251566696508506
Adrien Rabiot,Milan,ITA-Serie A,31-160,FRA,MF,10651.0,33.666666666666664,0.15833333333333335,1.6500000000000001,0.24504741338841424,0.13519857290395268,0.24504741338841424,0.0,0.2365975025819172,0.008449910806497042,1.5294338559759648,1.4702844803304855,0.22814759177542016,1.5970331424279411,0.7773917941977279,1.1660876912965918,1.5547835883954557,0.6506431321002722
Adrien Tameze,Torino,ITA-Serie A,31,CMR,DF,6946.0,14.9,0.0,1.2125,0.0,0.02591419522027066,0.0,0.0,0.19435646415202992,0.01295709761013533,0.9847394183702851,0.7515116613878491,0.01295709761013533,0.7644687589979844,1.4382378347250215,0.8422113446587964,0.42758422113446587,0.06478548805067665
Adrien Thomasson,Rennes,FRA-Ligue 1,32-274,FRA,MF,8900.0,25.599999999999998,0.06833333333333334,1.6900000000000002,0.12134831460674157,0.27303370786516856,0.12134831460674157,0.0,0.24269662921348314,0.010112359550561799,1.6382022471910112,1.506741573033708,0.25280898876404495,2.608988764044944,0.5764044943820225,1.4764044943820225,1.557303370786517,0.4651685393258427
Adrien Truffert,Rennes,FRA-Ligue 1,22,FRA,"MF,DF",10500.0,30.060000000000002,0.04,1.306,0.03428571428571429,0.12857142857142856,0.03428571428571429,0.0,0.13714285714285715,0.0,0.9942857142857142,1.0371428571428571,0.09428571428571429,3.428571428571429,0.9771428571428571,1.2857142857142856,0.6000000000000001,0.23142857142857143
Adrià Altimira,Dep. A Coruña,ESP-La Liga,25-166,ESP,MF,2562.0,7.15,0.0,0.9624999999999999,0.0,0.0,0.0,0.0,0.38641686182669793,0.0351288056206089,1.5105386416861828,1.2295081967213115,0.1053864168618267,1.2295081967213115,0.8079625292740047,1.1943793911007026,0.2810304449648712,0.0702576112412178
Adrià Pedrosa,Rayo Vallecano,ESP-La Liga,28-120,ESP,DF,5509.0,22.21666666666667,0.03,0.9049999999999999,0.04901070974768561,0.09802141949537121,0.04901070974768561,0.0,0.21237974223997094,0.0,1.1109094209475403,1.0618987111998548,0.11435832274459976,4.492648393537847,0.9475403884552551,1.3069522599382828,0.8985296787075694,0.2613904519876566
Adrián Liso,Getafe,ESP-La Liga,20,ESP,"FW,MF",1702.0,38.5,0.12,1.36,0.15863689776733256,0.0,0.15863689776733256,0.0,0.26439482961222094,0.052878965922444184,2.062279670975323,2.2737955346651,0.8460634547591069,2.2209165687426555,0.21151586368977673,1.163337250293772,1.3748531139835487,0.5287896592244419
Adrián de la Fuente,Levante,ESP-La Liga,27-196,ESP,DF,3071.0,19.9,0.125,1.2,0.1172256593943341,0.029306414848583526,0.08791924454575058,0.029306414848583526,0.17583848909150115,0.0,1.1429501790947574,0.9378052751546728,0.029306414848583526,1.3774014978834257,1.5239335721263432,0.5861282969716705,1.3187886681862584,0.29306414848583523
Afonso Moreira,Leverkusen,Unknown,21-175,POR,MF,1896.0,37.5,0.05,1.7149999999999999,0.18987341772151897,0.3322784810126582,0.18987341772151897,0.0,0.14240506329113925,0.0,1.4240506329113924,2.895569620253165,0.18987341772151897,5.9335443037974684,0.569620253164557,1.0443037974683544,2.136075949367089,0.7594936708860759
Agustín Rogel,Hertha BSC,Unknown,24,URU,DF,1426.0,0.0,0.0,0.8,0.0,0.06311360448807854,0.0,0.0,0.44179523141654975,0.0,1.3253856942496494,0.37868162692847124,0.06311360448807854,0.0,0.8835904628330995,0.5680224403927069,0.3155680224403927,0.0
Aihen Muñoz,Real Sociedad,ESP-La Liga,29-025,ESP,DF,4848.0,19.04,0.034,1.178,0.018564356435643563,0.055693069306930694,0.018564356435643563,0.0,0.18564356435643561,0.0,1.280940594059406,0.7054455445544554,0.0,2.673267326732673,0.6311881188118812,1.4294554455445545,0.4641089108910891,0.11138613861386139
Aimar Oroz,Osasuna,ESP-La Liga,24-287,ESP,"MF,FW",9607.0,21.18,0.062,1.556,0.0936816904340585,0.12178619756427606,0.06557718330384095,0.02810450713021755,0.21546788799833455,0.0,1.2928073279900072,2.2858332465910274,0.10304985947746435,0.7775580306026855,0.6651400020818153,0.7400853544290622,1.189757468512543,0.3185177474757989
Aimen Moueffek,Saint-Étienne,FRA-Ligue 1,23,FRA,MF,1039.0,20.0,0.0,1.09,0.0,0.08662175168431184,0.0,0.0,0.17324350336862368,0.0,1.7324350336862366,0.6063522617901829,0.2598652550529355,0.34648700673724736,0.43310875842155916,1.039461020211742,0.8662175168431183,0.17324350336862368
Ainsley Maitland-Niles,Lyon,FRA-Ligue 1,27,ENG,"DF,MF",7321.0,63.02,0.236,1.3880000000000001,0.049173610162546094,0.14752083048763828,0.03688020762190957,0.012293402540636524,0.14752083048763828,0.024586805081273047,0.8728315803851933,0.5040295041660975,0.061467012703182625,1.635022537904658,1.192460046441743,1.4875017074170196,0.6884305422756454,0.2704548558940036
Aitor Paredes,Athletic Club,ESP-La Liga,26-134,ESP,DF,7213.0,48.28,0.346,1.58,0.08734229862747817,0.0,0.08734229862747817,0.0,0.24954942464993762,0.024954942464993763,1.172882295854707,0.3368917232774158,0.0,0.08734229862747817,1.1604048246222098,0.5739636766948565,0.5115763205323721,0.17468459725495633
Aitor Ruibal,Real Betis,ESP-La Liga,29,ESP,"DF,MF",5592.0,31.325000000000003,0.08499999999999999,1.5025,0.11266094420600858,0.09656652360515021,0.11266094420600858,0.0,0.3218884120171674,0.032188841201716736,1.255364806866953,1.1748927038626609,0.09656652360515021,1.9635193133047208,1.1587982832618027,1.8186695278969958,1.1748927038626609,0.38626609442060084
Akim Zedadka,Lille,FRA-Ligue 1,27,ALG,"DF,MF",1953.0,16.65,0.165,1.29,0.04608294930875576,0.0,0.04608294930875576,0.0,0.2764976958525346,0.0,1.336405529953917,1.6589861751152073,0.04608294930875576,2.1658986175115205,1.1520737327188941,1.1520737327188941,0.5529953917050692,0.04608294930875576
Akor Adams,Venezia,ITA-Serie A,26-224,NGA,FW,5774.0,54.94,0.076,0.626,0.32732940768964325,0.07793557325943887,0.2805680637339799,0.046761343955663316,0.1091098025632144,0.0,1.4963630065812261,0.7014201593349497,1.3560789747142363,0.545549012816072,0.1091098025632144,0.18704537582265326,2.7433321787322478,1.2469691721510219
Al-Musrati,Hellas Verona,ITA-Serie A,29,LBY,MF,1230.0,19.2,0.045,1.155,0.07317073170731707,0.14634146341463414,0.07317073170731707,0.0,0.43902439024390244,0.07317073170731707,1.4634146341463417,0.43902439024390244,0.07317073170731707,0.14634146341463414,1.170731707317073,1.3170731707317074,1.4634146341463417,0.2926829268292683
Alan Matturro,Genoa,ITA-Serie A,19,URU,DF,1953.0,29.166666666666668,0.043333333333333335,1.4933333333333334,0.04608294930875576,0.04608294930875576,0.04608294930875576,0.0,0.09216589861751152,0.04608294930875576,0.783410138248848,0.6912442396313364,0.09216589861751152,0.3686635944700461,1.0138248847926268,0.9216589861751152,0.5990783410138248,0.18433179723502305
Alan Virginius,Lille,FRA-Ligue 1,20,FRA,MF,1263.0,33.9,0.02666666666666667,1.42,0.07125890736342043,0.14251781472684086,0.07125890736342043,0.0,0.07125890736342043,0.0,0.7125890736342042,0.5700712589073634,0.4275534441805226,1.7814726840855106,0.2850356294536817,0.5700712589073634,1.5676959619952495,0.7838479809976248
Alassane Pléa,Gladbach,Unknown,31,FRA,MF,5589.0,36.96666666666666,0.15,1.1366666666666667,0.322061191626409,0.27375201288244766,0.27375201288244766,0.04830917874396135,0.14492753623188406,0.0,0.9178743961352657,1.497584541062802,0.2898550724637681,2.1578099838969402,0.24154589371980678,0.27375201288244766,2.077294685990338,0.7407407407407408
Albert Grønbaek,Hamburger SV,Unknown,25-110,DEN,MF,1731.0,51.52,0.044,0.8400000000000001,0.1559792027729636,0.1559792027729636,0.1559792027729636,0.0,0.10398613518197573,0.0,0.6759098786828424,1.3518197573656847,0.0,2.287694974003466,0.779896013864818,1.2998266897746968,1.8717504332755635,0.8318890814558059
Albert Guðmundsson,Lazio,ITA-Serie A,29-087,ISL,"FW,MF",6620.0,41.660000000000004,0.21799999999999997,1.41,0.3534743202416919,0.12235649546827794,0.23111782477341392,0.12235649546827794,0.14954682779456194,0.013595166163141994,1.0468277945619335,1.2915407854984895,0.2854984894259819,3.5347432024169185,0.2719033232628399,0.2719033232628399,1.7673716012084593,0.7477341389728097
Albert Sambi Lokonga,Hamburger SV,Unknown,26-323,BEL,MF,5308.0,28.566666666666666,0.065,1.0566666666666666,0.10173323285606632,0.08477769404672193,0.10173323285606632,0.0,0.2373775433308214,0.0,1.186887716654107,1.6107761868877166,0.0,0.4917106254709872,0.7121326299924642,0.9834212509419744,0.7290881688018085,0.32215523737754337
Alberto Dossena,Cagliari,ITA-Serie A,26,ITA,DF,5661.0,28.96666666666667,0.02666666666666667,1.0533333333333335,0.031796502384737683,0.11128775834658189,0.031796502384737683,0.0,0.17488076311605721,0.015898251192368842,1.1287758346581875,1.0492845786963434,0.031796502384737683,0.031796502384737683,1.2241653418124006,1.0810810810810811,0.6836248012718601,0.1907790143084261
Alberto Grassi,Cremonese,ITA-Serie A,30,ITA,MF,6957.0,29.724999999999998,0.0225,0.9425,0.012936610608020697,0.012936610608020697,0.012936610608020697,0.0,0.2716688227684347,0.025873221216041395,1.1513583441138422,1.4230271668822767,0.012936610608020697,0.2457956015523933,1.6817593790426906,0.905562742561449,0.7373868046571798,0.20698576972833116
Alberto Moleiro,Villarreal,ESP-La Liga,22-345,ESP,MF,7198.0,52.275,0.1,1.08,0.23756599055293137,0.1250347318699639,0.23756599055293137,0.0,0.1250347318699639,0.0,1.0377882745207,1.0878021672686857,0.10002778549597109,1.2378438455126424,0.4626285079188664,0.5376493470408447,1.8630175048624618,0.7001944984717977
Alberto Moreno,Como,ITA-Serie A,33,ESP,DF,5740.0,32.175,0.075,1.6749999999999998,0.0627177700348432,0.0627177700348432,0.0627177700348432,0.0,0.313588850174216,0.0313588850174216,1.3170731707317074,0.7682926829268293,0.18815331010452963,2.6498257839721253,0.9721254355400697,0.9878048780487805,0.8937282229965158,0.28222996515679444
Alberto Reina,Oviedo,ESP-La Liga,27,ESP,MF,2462.0,45.8,0.17,0.78,0.1462225832656377,0.036555645816409424,0.1462225832656377,0.0,0.21933387489845654,0.036555645816409424,1.3525588952071486,1.6815597075548334,0.07311129163281885,1.90089358245329,0.6945572705117791,0.6580016246953696,0.8773354995938262,0.4021121039805037
Albian Hajdari,Hoffenheim,Unknown,23-115,KVX,DF,2610.0,10.55,0.025,0.885,0.034482758620689655,0.06896551724137931,0.034482758620689655,0.0,0.3793103448275862,0.0,1.6551724137931034,0.8620689655172413,0.0,0.689655172413793,1.5517241379310345,1.3103448275862069,0.689655172413793,0.13793103448275862
Albin Ekdal,Spezia,ITA-Serie A,33,SWE,MF,1734.0,21.1,0.0,0.97,0.0,0.10380622837370243,0.0,0.0,0.31141868512110726,0.051903114186851215,1.6608996539792389,1.5051903114186849,0.0,0.20761245674740486,1.4013840830449826,1.245674740484429,0.9861591695501731,0.20761245674740486
Aleix Febas,Celta Vigo,ESP-La Liga,30-220,ESP,MF,3326.0,67.4,0.045,0.805,0.054119061936259774,0.054119061936259774,0.054119061936259774,0.0,0.27059530968129886,0.0,1.0553217077570656,3.3824413710162355,0.054119061936259774,0.5953096812988575,0.7576668671076369,1.2988574864702347,0.6494287432351173,0.24353577871316898
Aleix García,Leverkusen,Unknown,29-074,ESP,MF,9838.0,34.64,0.082,1.7099999999999997,0.0914820085383208,0.21040861963813784,0.0914820085383208,0.0,0.12807481195364911,0.009148200853832078,0.5305956495222607,0.8690790811140475,0.0457410042691604,5.452327708883919,0.9514128887985362,0.7318560683065664,1.1069323033136815,0.34763163244561907
Aleix Vidal,Espanyol,ESP-La Liga,32,ESP,"MF,FW",1025.0,66.7,0.0,1.16,0.0,0.2634146341463415,0.0,0.0,0.8780487804878049,0.08780487804878048,2.0195121951219512,1.4926829268292683,0.08780487804878048,3.5121951219512195,1.1414634146341465,0.43902439024390244,0.2634146341463415,0.17560975609756097
Alejandro Balde,Barcelona,ESP-La Liga,21,ESP,DF,8002.0,19.025,0.0125,2.275,0.011247188202949263,0.1462134466383404,0.011247188202949263,0.0,0.10122469382654335,0.0,0.7198200449887528,1.2259435141214696,0.1462134466383404,2.215696075981005,0.3374156460884779,0.8097975506123468,0.5173706573356661,0.10122469382654335
Alejandro Francés,Girona,ESP-La Liga,22,ESP,DF,2289.0,12.5,0.0,1.11,0.0,0.07863695937090433,0.0,0.0,0.15727391874180865,0.039318479685452164,1.3761467889908257,1.45478374836173,0.07863695937090433,1.9659239842726082,1.3368283093053734,1.5334207077326345,0.8650065530799476,0.15727391874180865
Alejandro Garnacho,Aston Villa,ENG-Premier League,22-071,ARG,MF,6635.0,25.32,0.06000000000000001,1.268,0.23059532780708367,0.1627731725697061,0.23059532780708367,0.0,0.1627731725697061,0.0,0.6646571213263,1.7498116051243406,0.4204973624717408,2.414468726450641,0.5290128108515448,0.6239638281838734,3.2690278824415975,1.0173323285606632
Alejandro Pozo Pozo,Almería,ESP-La Liga,24,ESP,"DF,MF",2856.0,35.0,0.0,0.88,0.0,0.09453781512605042,0.0,0.0,0.15756302521008403,0.0,0.976890756302521,0.6302521008403361,0.031512605042016806,3.4978991596638656,0.976890756302521,0.976890756302521,0.4411764705882353,0.12605042016806722
Alejandro Rego,Athletic Club,ESP-La Liga,22,ESP,MF,1279.0,25.0,0.08,1.31,0.07036747458952307,0.07036747458952307,0.07036747458952307,0.0,0.42220484753713844,0.0,2.8146989835809224,0.42220484753713844,0.0,0.42220484753713844,1.4777169663799845,1.4073494917904612,0.8444096950742769,0.21110242376856922
Alejo Véliz,Espanyol,ESP-La Liga,20,ARG,FW,1212.0,60.53333333333333,0.18333333333333335,1.3133333333333332,0.1485148514851485,0.0,0.1485148514851485,0.0,0.297029702970297,0.0,1.7821782178217822,2.599009900990099,0.594059405940594,0.0,0.297029702970297,0.1485148514851485,1.7079207920792079,0.6683168316831682
Aleksa Terzić,Frosinone,ITA-Serie A,27-024,SRB,DF,967.0,11.1,0.055,1.4100000000000001,0.09307135470527406,0.09307135470527406,0.09307135470527406,0.0,0.1861427094105481,0.0,0.4653567735263702,1.2099276111685626,0.2792140641158221,7.445708376421924,0.5584281282316442,0.8376421923474664,0.9307135470527405,0.1861427094105481
Aleksandar Mitrović,Fulham,ENG-Premier League,28,SRB,FW,2041.0,43.8,0.075,2.25,0.61734443900049,0.04409603135717785,0.4409603135717785,0.1763841254287114,0.308672219500245,0.0,1.499265066144047,1.763841254287114,0.61734443900049,0.1763841254287114,0.13228809407153355,0.2645761881430671,4.189122978931896,1.587457128858403
Aleksandar Pavlovic,Bayern Munich,Unknown,22-130,GER,MF,4296.0,46.525,0.2475,2.315,0.14664804469273743,0.06284916201117319,0.14664804469273743,0.0,0.23044692737430167,0.0,1.2988826815642458,0.7541899441340782,0.0,0.7960893854748603,0.7751396648044693,1.1941340782122905,0.6284916201117318,0.2723463687150838
Aleksandar Sedlar,Alavés,ESP-La Liga,32,SRB,DF,1540.0,12.5,0.125,1.1,0.05844155844155844,0.0,0.05844155844155844,0.0,0.17532467532467533,0.05844155844155844,1.344155844155844,0.525974025974026,0.05844155844155844,0.0,1.5194805194805194,1.051948051948052,0.29220779220779225,0.05844155844155844
Aleksandr Golovin,Monaco,FRA-Ligue 1,30-103,RUS,MF,7669.0,57.379999999999995,0.11600000000000002,2.0,0.2581822923458078,0.23471117485982526,0.2581822923458078,0.0,0.222975616116834,0.023471117485982525,1.384795931672969,1.1500847568131438,0.14082670491589516,3.391576476724475,1.067935845612205,1.2557047855000651,1.7955404876776633,0.8684313469813535
Aleksei Miranchuk,Atalanta,ITA-Serie A,27,RUS,"MF,FW",3265.0,48.95,0.09,1.67,0.19295558958652373,0.27565084226646247,0.19295558958652373,0.0,0.027565084226646247,0.0,0.5788667687595712,1.4609494640122511,0.11026033690658499,3.114854517611026,0.13782542113323124,0.30321592649310875,2.1500765696784074,1.0474732006125573
Alessandro Bastoni,Inter,ITA-Serie A,27-150,ITA,DF,9323.0,25.5,0.042,2.374,0.028960634988737532,0.1351496299474418,0.028960634988737532,0.0,0.19307089992491686,0.009653544996245845,1.361149844470664,1.0136222246058137,0.01930708999249169,2.6836855089563447,0.8977796846508634,1.1680789445457471,0.5695591547785048,0.18341735492867103
Alessandro Bianco,Monza,ITA-Serie A,21,ITA,MF,2771.0,24.366666666666664,0.013333333333333334,1.0599999999999998,0.032479249368459036,0.0,0.032479249368459036,0.0,0.3247924936845904,0.0,1.623962468422952,1.9162757127390833,0.09743774810537711,0.7795019848430169,0.7795019848430169,1.0068567304222302,0.9094189823168531,0.22735474557921329
Alessandro Buongiorno,Napoli,ITA-Serie A,26,ITA,DF,9693.0,34.625,0.10250000000000001,1.7675,0.04642525533890436,0.027855153203342618,0.04642525533890436,0.0,0.18570102135561745,0.0,1.847725162488394,1.1513463324048283,0.027855153203342618,0.1764159702878366,1.9498607242339834,1.012070566388115,0.46425255338904364,0.12999071494893222
Alessandro Circati,Parma,ITA-Serie A,21,AUS,DF,3204.0,6.25,0.065,1.215,0.028089887640449437,0.0,0.028089887640449437,0.0,0.19662921348314608,0.0,0.9550561797752809,0.6460674157303371,0.0,0.14044943820224717,0.8707865168539325,0.8426966292134832,0.28089887640449435,0.028089887640449437
Alessandro Deiola,Cagliari,ITA-Serie A,31-040,ITA,DF,4732.0,20.9,0.037500000000000006,1.33,0.05705832628909552,0.05705832628909552,0.05705832628909552,0.0,0.3423499577345731,0.0,1.521555367709214,0.760777683854607,0.1331360946745562,0.5896027049873204,0.7227387996618766,1.2172442941673711,1.2552831783601015,0.3423499577345731
Alessandro Florenzi,Milan,ITA-Serie A,33,ITA,"DF,FW",1940.0,24.8,0.01,2.0566666666666666,0.04639175257731959,0.18556701030927836,0.04639175257731959,0.0,0.27835051546391754,0.0,0.6494845360824743,0.4639175257731959,0.09278350515463918,6.680412371134021,1.1134020618556701,1.0670103092783505,1.7164948453608249,0.6030927835051546
Alessandro Marcandalli,Genoa,ITA-Serie A,23-320,ITA,DF,3257.0,22.5,0.0,0.775,0.0,0.055265581823764204,0.0,0.0,0.1657967454712926,0.0,0.9118821000921093,0.3315934909425852,0.0,0.3315934909425852,0.552655818237642,0.8842493091802273,0.1934295363831747,0.0828983727356463
Alessandro Vogliacco,Parma,ITA-Serie A,25,ITA,DF,2656.0,46.666666666666664,0.13333333333333333,1.1566666666666665,0.06777108433734941,0.033885542168674704,0.06777108433734941,0.0,0.3049698795180723,0.0,1.2198795180722892,0.3727409638554217,0.033885542168674704,0.8471385542168676,1.457078313253012,0.7115963855421686,0.3727409638554217,0.1016566265060241
Alessandro Zanoli,Udinese,ITA-Serie A,24,ITA,MF,5516.0,40.1,0.09166666666666667,1.285,0.06526468455402466,0.11421319796954314,0.06526468455402466,0.0,0.1794778825235678,0.0,0.7342277012327773,0.6200145032632342,0.048948513415518494,2.8063814358230603,0.5710659898477157,1.0768672951414069,0.5384336475707034,0.21211022480058012
Alessio Romagnoli,Lazio,ITA-Serie A,30,ITA,DF,10671.0,42.1,0.0625,1.6275,0.03373629463030644,0.0,0.03373629463030644,0.0,0.21085184143941527,0.025302220972729828,0.9783525442788867,0.5650829350576329,0.03373629463030644,0.025302220972729828,1.0542592071970762,0.6156873770030925,0.4470059038515603,0.1855496204666854
Alessio Zerbin,Frosinone,ITA-Serie A,27-191,ITA,"FW,MF",4275.0,28.199999999999996,0.008571428571428572,1.5285714285714285,0.021052631578947368,0.10526315789473685,0.021052631578947368,0.0,0.16842105263157894,0.021052631578947368,2.2315789473684213,1.6842105263157896,0.25263157894736843,3.6842105263157894,0.5052631578947369,1.4947368421052631,1.0736842105263158,0.4
Alex Ferrari,Sampdoria,ITA-Serie A,28,ITA,DF,1875.0,0.0,0.0,0.525,0.0,0.0,0.0,0.0,0.28800000000000003,0.0,0.96,0.96,0.0,0.48,2.16,1.44,0.24,0.0
Alex Iwobi,Fulham,ENG-Premier League,30-130,NGA,MF,11372.0,33.68333333333333,0.06333333333333334,0.8250000000000001,0.15828350334154062,0.14245515300738656,0.15828350334154062,0.0,0.06331340133661625,0.0,0.47485051002462186,0.39570875835385155,0.14245515300738656,3.1577558916637356,0.5856489623637003,0.7835033415406262,1.6303200844178685,0.6252198381990854
Alex Král,Union Berlin,Unknown,27,CZE,MF,6900.0,21.625,0.0,1.03,0.0,0.013043478260869565,0.0,0.0,0.09130434782608696,0.0,0.9391304347826088,0.8478260869565218,0.06521739130434782,1.2391304347826086,0.7304347826086957,1.0434782608695652,1.0173913043478262,0.1565217391304348
Alex Sandro,Juventus,ITA-Serie A,32,BRA,DF,2508.0,10.0,0.1,1.805,0.03588516746411483,0.03588516746411483,0.03588516746411483,0.0,0.21531100478468898,0.03588516746411483,1.6148325358851674,1.3277511961722488,0.03588516746411483,0.8612440191387559,1.291866028708134,0.9330143540669856,0.3588516746411483,0.03588516746411483
Alex Scott,Bournemouth,ENG-Premier League,23-020,ENG,MF,4883.0,31.975,0.0975,1.1875,0.09215646119189022,0.03686258447675609,0.09215646119189022,0.0,0.22117550686053655,0.0,1.5482285480237559,2.2117550686053655,0.03686258447675609,2.5619496211345485,1.1058775343026828,1.3086217489248413,1.4376407945934875,0.46078230595945113
Alex Sola,Getafe,ESP-La Liga,26,ESP,"DF,FW",2683.0,11.42,0.0,1.558,0.0,0.13417815877748787,0.0,0.0,0.23481177786060378,0.0,1.3417815877748789,2.21393961982855,0.5702571748043236,3.7569884457696605,0.8050689526649273,1.207603428997391,1.5430488259411106,0.30190085724934773
Alex Telles,Sevilla,ESP-La Liga,29,BRA,"DF,MF",1427.0,8.3,0.0,1.22,0.0,0.12613875262789068,0.0,0.0,0.37841625788367206,0.0,1.4505956552207429,0.8829712683952348,0.06306937631394534,4.793272599859846,1.324456902592852,0.8829712683952348,0.7568325157673441,0.06306937631394534
Alexander Bernhardsson,Holstein Kiel,Unknown,25,SWE,"FW,MF",1263.0,51.9,0.26,0.79,0.498812351543943,0.14251781472684086,0.498812351543943,0.0,0.2137767220902613,0.0,1.496437054631829,1.0688836104513064,0.14251781472684086,2.422802850356294,0.3562945368171021,0.997624703087886,1.9239904988123513,0.997624703087886
Alexander Djiku,Strasbourg,FRA-Ligue 1,27,GHA,DF,2677.0,29.4,0.06,1.13,0.03361972357116175,0.0672394471423235,0.03361972357116175,0.0,0.268957788569294,0.03361972357116175,1.3447889428464699,0.9077325364213672,0.03361972357116175,0.2017183414269705,2.151662308554352,1.2439297721329847,0.5715353007097497,0.16809861785580874
Alexander Hack,Mainz 05,Unknown,28,GER,DF,1132.0,25.0,0.0,1.63,0.0,0.0,0.0,0.0,0.15901060070671377,0.07950530035335689,1.9876325088339224,0.9540636042402828,0.0,0.15901060070671377,1.6696113074204948,1.351590106007067,0.31802120141342755,0.07950530035335689
Alexander Isak,Real Sociedad,ESP-La Liga,22,SWE,FW,7627.0,45.800000000000004,0.25666666666666665,1.6566666666666665,0.7198111970630654,0.1180018355841091,0.5900091779205454,0.12980201914252,0.05900091779205455,0.0,0.8024124819719418,0.5782089943621346,0.51920807657008,0.44840697521961453,0.15340238625934183,0.2360036711682182,3.0326471745116033,1.4868231283597746
Alexander Prass,Hoffenheim,Unknown,24,AUT,MF,2874.0,34.7,0.085,1.44,0.0939457202505219,0.0939457202505219,0.0939457202505219,0.0,0.15657620041753653,0.0,1.3465553235908143,1.4405010438413361,0.06263048016701461,3.1941544885177455,0.5323590814196242,1.4405010438413361,0.9394572025052192,0.3757828810020876
Alexander Sørloth,RB Leipzig,Unknown,26,NOR,FW,8427.0,39.06,0.184,1.636,0.7262370950516198,0.11747953008187968,0.7155571377714489,0.01067995728017088,0.17087931648273408,0.01067995728017088,1.3136347454610182,0.6835172659309363,0.6301174795300819,0.33107867568529725,0.03203987184051264,0.266998932004272,3.0758276966892133,1.5058739765040938
Alexandre Alemão,Rayo Vallecano,ESP-La Liga,28-162,BRA,FW,1212.0,73.1,0.075,1.21,0.297029702970297,0.0,0.297029702970297,0.0,0.22277227722772278,0.0,1.9306930693069306,2.1534653465346536,0.37128712871287123,0.37128712871287123,0.07425742574257425,0.22277227722772278,2.0792079207920793,1.0396039603960396
Alexandre Lacazette,Lyon,FRA-Ligue 1,33,FRA,FW,7273.0,56.199999999999996,0.26333333333333336,1.7066666666666668,0.7548466932490031,0.11137082359411521,0.5939777258352812,0.16086896741372197,0.13611989550391862,0.012374535954901691,2.004674824694074,1.5468169943627115,0.5939777258352812,0.7672212292039049,0.35886154269214904,0.49498143819606766,2.920390485356799,1.5839406022274165
Alexis Blin,Lecce,ITA-Serie A,26,FRA,MF,4018.0,18.55,0.02,1.08,0.02239920358387257,0.04479840716774514,0.02239920358387257,0.0,0.26879044300647087,0.0,1.612742658038825,1.1871577899452463,0.02239920358387257,0.8959681433549028,1.2767546042807367,1.321553011448482,0.8063713290194126,0.156794425087108
Alexis Claude-Maurice,Augsburg,Unknown,28-096,FRA,"FW,MF",5408.0,34.13333333333333,0.15166666666666667,1.58,0.3328402366863905,0.14977810650887574,0.316198224852071,0.016642011834319525,0.1331360946745562,0.0,1.2148668639053255,1.8472633136094676,0.08321005917159763,1.9803994082840237,0.5325443786982248,1.1815828402366864,2.7792159763313613,1.0650887573964496
Alexis Flips,Reims,FRA-Ligue 1,22,FRA,"MF,DF",1978.0,38.5,0.08,1.45,0.1820020222446916,0.2730030333670374,0.1820020222446916,0.0,0.1365015166835187,0.0455005055611729,1.0465116279069768,1.0465116279069768,0.0910010111223458,6.461071789686551,1.0010111223458038,1.3195146612740143,2.366026289180991,0.910010111223458
Alexis Mac Allister,Liverpool,ENG-Premier League,27-260,ARG,MF,10929.0,33.980000000000004,0.07999999999999999,1.86,0.18116936590721933,0.13175953884161404,0.12352456766401317,0.057644798243206154,0.2388141641504255,0.008234971177600877,1.548174581388965,1.4740598407905572,0.016469942355201755,1.358770244304145,0.7658523195168817,1.4822948119681583,1.828163601427395,0.5764479824320615
Alexis Saelemaekers,Milan,ITA-Serie A,27-075,BEL,MF,7674.0,22.78333333333333,0.09166666666666667,1.781666666666667,0.18764659890539484,0.14073494917904614,0.18764659890539484,0.0,0.19937451133698203,0.011727912431587178,0.9265050820953871,2.0758405003909304,0.07036747458952307,3.2720875684128226,0.8795934323690383,1.2431587177482408,1.5598123534010948,0.5043002345582486
Alexis Sánchez,Udinese,ITA-Serie A,35,CHI,FW,5187.0,29.45,0.12,1.6,0.3470213996529786,0.1735106998264893,0.2776171197223829,0.06940427993059572,0.10410641989589357,0.0,1.3533834586466165,1.7698091382301908,0.9196067090803933,1.7524580682475417,0.2949681897050318,0.6766917293233082,2.012724117987276,0.8155002891844997
Alexis Vossah,Toulouse,FRA-Ligue 1,18-183,FRA,MF,1222.0,11.1,0.055,0.945,0.07364975450081833,0.07364975450081833,0.07364975450081833,0.0,0.36824877250409166,0.07364975450081833,1.4729950900163666,0.88379705400982,0.0,0.44189852700491,0.662847790507365,0.662847790507365,0.88379705400982,0.14729950900163666
Alexsandro Ribeiro,Lille,FRA-Ligue 1,27-032,BRA,DF,7311.0,20.12,0.046,1.97,0.04924086992203529,0.012310217480508822,0.04924086992203529,0.0,0.24620434961017643,0.024620434961017644,1.0217480508822323,1.2310217480508823,0.06155108740254411,0.19696347968814115,1.2310217480508823,0.9109560935576527,0.7632334837915469,0.18465326220763234
Alfie Doughty,Luton Town,ENG-Premier League,23,ENG,"MF,DF",2925.0,30.8,0.08,0.7,0.06153846153846154,0.24615384615384617,0.06153846153846154,0.0,0.15384615384615385,0.0,0.9538461538461539,0.27692307692307694,0.4307692307692308,10.461538461538462,0.9230769230769231,1.1384615384615386,0.8,0.24615384615384617
Alfon,Sevilla,ESP-La Liga,27-129,ESP,FW,2027.0,40.075,0.0925,0.9975,0.3108041440552541,0.08880118401578689,0.3108041440552541,0.0,0.044400592007893445,0.044400592007893445,1.110014800197336,1.731623088307844,0.3108041440552541,2.353231376418352,0.3108041440552541,0.17760236803157378,2.7528367044893933,1.3764183522446967
Alfonso Espino,Rayo Vallecano,ESP-La Liga,33,URU,"DF,MF",7948.0,24.45,0.025,1.245,0.02264720684448918,0.06794162053346754,0.02264720684448918,0.0,0.2604428787116255,0.0,1.5400100654252642,1.38147961751384,0.14720684448917967,2.6383995973829895,1.245596376446905,1.7664821338701562,0.7700050327126321,0.19250125817815802
Alfonso Pedraza,Lazio,ITA-Serie A,30-154,ESP,DF,5004.0,30.339999999999996,0.04,1.9460000000000002,0.03597122302158273,0.19784172661870503,0.03597122302158273,0.0,0.3057553956834532,0.017985611510791366,1.2410071942446042,1.0431654676258992,0.19784172661870503,4.4784172661870505,1.1330935251798562,1.2589928057553956,0.9172661870503598,0.34172661870503596
Alfred Duncan,Venezia,ITA-Serie A,31,GHA,MF,3948.0,25.0,0.06666666666666667,1.25,0.06838905775075987,0.11398176291793313,0.06838905775075987,0.0,0.1595744680851064,0.0,1.6869300911854104,0.8662613981762919,0.09118541033434652,2.507598784194529,0.5699088145896656,0.9802431610942249,1.0714285714285714,0.2735562310030395
Ali Abdi,Nice,FRA-Ligue 1,32-264,TUN,"DF,MF",2598.0,20.966666666666665,0.12,1.16,0.27713625866050806,0.06928406466512702,0.27713625866050806,0.0,0.20785219399538105,0.03464203233256351,1.7321016166281755,1.1085450346420322,0.20785219399538105,2.909930715935335,1.0392609699769053,1.3163972286374133,1.5588914549653579,0.5196304849884527
Ali Yousuf,Nantes,FRA-Ligue 1,24,LBY,DF,969.0,16.7,0.0,0.69,0.0,0.0,0.0,0.0,0.37151702786377705,0.0,1.021671826625387,1.021671826625387,0.0,0.09287925696594426,1.671826625386997,0.6501547987616099,0.5572755417956656,0.09287925696594426
Alidu Seidu,Rennes,FRA-Ligue 1,25,GHA,DF,6171.0,14.0,0.0,1.3119999999999998,0.0,0.02916869227029655,0.0,0.0,0.3354399611084103,0.02916869227029655,1.2542537676227516,2.5085075352455033,0.08750607681088964,0.7000486144871171,1.6917841516771996,1.5896937287311619,0.32085561497326204,0.0583373845405931
Alieu Fadera,Cagliari,ITA-Serie A,24-311,GAM,"FW,MF",2690.0,29.3,0.06333333333333334,1.4633333333333336,0.10037174721189591,0.13382899628252787,0.10037174721189591,0.0,0.23420074349442377,0.03345724907063197,2.643122676579926,2.9107806691449816,0.7360594795539034,2.241635687732342,0.6022304832713755,2.3754646840148697,1.5055762081784385,0.46840148698884754
Alimami Gory,Paris FC,FRA-Ligue 1,28,MLI,"MF,DF",982.0,31.6,0.26,1.21,0.45824847250509165,0.09164969450101833,0.45824847250509165,0.0,0.27494908350305497,0.0,1.0997963340122199,1.374745417515275,0.7331975560081466,0.9164969450101833,0.7331975560081466,1.0081466395112015,1.741344195519348,0.5498981670061099
Alisson Santos,Napoli,ITA-Serie A,23-348,BRA,FW,1013.0,33.85,0.07,1.4649999999999999,0.35538005923000987,0.0,0.35538005923000987,0.0,0.08884501480750247,0.0,0.35538005923000987,0.7996051332675221,0.08884501480750247,4.797630799605133,0.17769002961500494,0.8884501480750246,3.2872655478775914,1.5103652517275419
Aljoscha Kemlein,Union Berlin,Unknown,22-039,GER,MF,3046.0,9.775,0.0225,1.3575,0.02954694681549573,0.05909389363099146,0.02954694681549573,0.0,0.20682862770847013,0.0,1.1523309258043335,0.38411030860144457,0.02954694681549573,0.4727511490479317,0.7682206172028891,0.9750492449113592,0.8568614576493763,0.14773473407747867
Allan Nyom,Getafe,ESP-La Liga,37,CMR,DF,1410.0,38.849999999999994,0.055,1.29,0.06382978723404256,0.19148936170212766,0.06382978723404256,0.0,0.6382978723404256,0.06382978723404256,1.9787234042553192,1.0851063829787233,0.06382978723404256,1.4680851063829787,0.3829787234042553,1.1489361702127658,0.7659574468085106,0.3191489361702128
Allan Saint-Maximin,Lens,FRA-Ligue 1,28,FRA,MF,1530.0,30.35,0.09000000000000001,1.63,0.23529411764705882,0.47058823529411764,0.23529411764705882,0.0,0.058823529411764705,0.0,0.5294117647058824,1.3529411764705883,0.1764705882352941,3.294117647058824,0.23529411764705882,0.23529411764705882,2.88235294117647,0.9411764705882353
Alpha Touré,Metz,FRA-Ligue 1,19,SEN,MF,1606.0,5.9,0.0,0.53,0.0,0.05603985056039851,0.0,0.0,0.28019925280199254,0.0,1.5130759651307597,1.5130759651307597,0.05603985056039851,0.7285180572851805,0.5603985056039851,1.2889165628891657,0.9526774595267746,0.05603985056039851
Alphonso Davies,Bayern Munich,Unknown,25-312,CAN,DF,6355.0,23.1,0.10200000000000001,2.196,0.07081038552321008,0.1982690794649882,0.07081038552321008,0.0,0.014162077104642014,0.0,0.5098347757671126,1.1329661683713612,0.08497246262785209,1.1896144767899293,0.920535011801731,1.1471282454760032,0.7505900865460269,0.22659323367427223
Amad Diallo,Manchester Utd,ENG-Premier League,23,CIV,MF,4632.0,39.86666666666667,0.10333333333333333,1.4433333333333334,0.21373056994818654,0.19430051813471502,0.21373056994818654,0.0,0.15544041450777202,0.0,0.9520725388601037,1.3601036269430051,0.4080310880829015,1.7487046632124352,0.5051813471502591,1.1269430051813472,2.1373056994818653,0.8549222797927462
Amadou Haidara,RB Leipzig,Unknown,26,MLI,MF,4615.0,47.12,0.142,1.8,0.09750812567713976,0.0780065005417118,0.09750812567713976,0.0,0.37053087757313113,0.0,1.3846153846153846,0.7020585048754062,0.0390032502708559,0.3510292524377031,1.2871072589382448,1.1115926327193935,1.209100758396533,0.39003250270855905
Amadou Koné,Reims,FRA-Ligue 1,19,MLI,MF,1768.0,22.65,0.0,1.32,0.0,0.0,0.0,0.0,0.35633484162895923,0.10180995475113123,1.3235294117647058,3.614253393665159,0.0,0.20361990950226247,1.4762443438914028,1.9852941176470589,1.0180995475113122,0.25452488687782804
Amadou Onana,Aston Villa,ENG-Premier League,23,BEL,MF,7954.0,27.599999999999998,0.0975,1.465,0.09052049283379432,0.02263012320844858,0.09052049283379432,0.0,0.2376162936887101,0.0,1.5049031933618304,1.6859441790294192,0.03394518481267287,0.11315061604224289,1.1541362836308775,1.6067387477998492,1.1201910988182047,0.28287654010560725
Amari'i Bell,Luton Town,ENG-Premier League,29,JAM,DF,1720.0,100.0,0.0,0.86,0.0,0.0,0.0,0.0,0.0,0.0,1.1511627906976745,0.8372093023255813,0.0,0.7325581395348837,1.3604651162790697,1.6220930232558142,0.10465116279069767,0.10465116279069767
Amath,Valladolid,ESP-La Liga,28,SEN,"FW,MF",1996.0,25.133333333333336,0.03,0.8866666666666667,0.09018036072144288,0.04509018036072144,0.09018036072144288,0.0,0.22545090180360722,0.04509018036072144,2.164328657314629,1.7134268537074149,0.5861723446893787,1.3076152304609219,0.405811623246493,1.037074148296593,1.8036072144288577,0.4959919839679359
Ameen Al-Dakhil,Stuttgart,Unknown,23,BEL,DF,1868.0,12.5,0.043333333333333335,1.1266666666666667,0.048179871520342615,0.0,0.048179871520342615,0.0,0.09635974304068523,0.048179871520342615,0.5299785867237687,0.4336188436830835,0.0,0.14453961456102785,1.2044967880085653,0.6745182012847966,0.4817987152034261,0.14453961456102785
Amin Sarr,Wolfsburg,Unknown,22,SWE,"MF,FW",4030.0,43.72,0.068,0.834,0.11166253101736973,0.06699751861042183,0.11166253101736973,0.0,0.06699751861042183,0.022332506203473945,2.032258064516129,1.1389578163771712,0.5136476426799008,0.5806451612903226,0.20099255583126552,0.6253101736972705,1.317617866004963,0.4913151364764268
Amine Adli,Leverkusen,Unknown,24,MAR,"MF,FW",4193.0,45.375,0.135,1.9175,0.3005008347245409,0.21464345337467206,0.3005008347245409,0.0,0.2575721440496065,0.04292869067493441,2.082041497734319,2.296684951108991,0.4936799427617458,2.4040066777963274,0.38635821607440973,0.9229668495110899,2.2322919150965896,1.030288576198426
Amine Gouiri,Marseille,FRA-Ligue 1,26-206,ALG,FW,8497.0,44.98571428571428,0.16571428571428573,1.3128571428571427,0.49782276097446154,0.14828763092856304,0.48723078733670705,0.010591973637754501,0.0953277627397905,0.0,1.2074849947040132,0.8579498646581146,0.23302342003059903,1.419324467459103,0.33894315640814404,0.6143344709897611,3.050488407673296,1.3028127574438038
Amine Harit,Marseille,FRA-Ligue 1,29-084,MAR,MF,3117.0,42.5,0.07,1.56,0.08662175168431184,0.20211742059672763,0.08662175168431184,0.0,0.20211742059672763,0.028873917228103944,0.7795957651588065,2.4254090471607315,0.08662175168431184,1.9634263715110685,0.5774783445620789,0.8373435996150145,1.4436958614051973,0.4908565928777671
Amine Salama,Reims,FRA-Ligue 1,24,FRA,FW,1935.0,36.86666666666667,0.04,0.8766666666666666,0.13953488372093023,0.046511627906976744,0.13953488372093023,0.0,0.046511627906976744,0.0,0.5581395348837209,0.6046511627906976,0.7906976744186047,0.9767441860465116,0.5116279069767442,0.5116279069767442,1.8604651162790697,0.7441860465116279
Amine Sbai,Angers,FRA-Ligue 1,25-309,MAR,MF,2070.0,28.55,0.045,1.1,0.13043478260869565,0.043478260869565216,0.13043478260869565,0.0,0.13043478260869565,0.043478260869565216,0.6956521739130435,1.3043478260869565,0.2608695652173913,3.1739130434782608,0.17391304347826086,0.4782608695652174,1.9130434782608696,0.7391304347826088
Amir Richardson,Fiorentina,ITA-Serie A,23,MAR,MF,2763.0,33.15,0.0675,0.8300000000000001,0.13029315960912052,0.06514657980456026,0.13029315960912052,0.0,0.3583061889250814,0.0,2.214983713355049,1.5960912052117264,0.06514657980456026,0.6840390879478827,0.6840390879478827,1.3029315960912051,1.1074918566775245,0.48859934853420195
Amir Rrahmani,Napoli,ITA-Serie A,32-198,KVX,DF,10519.0,17.46,0.078,1.78,0.06844757106188801,0.05133567829641601,0.06844757106188801,0.0,0.09411541021009602,0.0,0.9325981557182241,0.4449092119022721,0.04277973191368001,0.05989162467915201,0.7272554425325601,0.7785911208289761,0.7785911208289761,0.16256298127198404
Amos Pieper,Werder Bremen,Unknown,28-236,GER,DF,5727.0,30.139999999999997,0.036,1.1940000000000002,0.03143006809848088,0.01571503404924044,0.03143006809848088,0.0,0.25144054478784705,0.0,0.785751702462022,0.7386066003143007,0.06286013619696176,0.5028810895756941,1.398638030382399,1.3043478260869565,0.5028810895756941,0.14143530644316396
Anass Zaroury,Lens,FRA-Ligue 1,23,MAR,"MF,FW",1557.0,33.8,0.03,0.7799999999999999,0.11560693641618497,0.11560693641618497,0.11560693641618497,0.0,0.17341040462427745,0.11560693641618497,0.9826589595375722,1.5606936416184969,0.11560693641618497,7.919075144508671,0.3468208092485549,0.9826589595375722,2.1965317919075145,0.7514450867052024
Anastasios Douvikas,Como,ITA-Serie A,27-039,GRE,FW,4703.0,48.5,0.202,1.6920000000000002,0.5358281947692962,0.0956836062088029,0.5166914735275356,0.019136721241760576,0.0956836062088029,0.0,1.4926642568573252,2.372953433978312,0.4401445885604933,0.1913672124176058,0.1530937699340846,0.4401445885604933,2.5260472039123965,1.2247501594726768
Ander Barrenetxea,Real Sociedad,ESP-La Liga,24-257,ESP,MF,5545.0,37.5,0.132,1.378,0.19477006311992787,0.1623083859332732,0.19477006311992787,0.0,0.25969341749323716,0.0,2.012623985572588,1.3471596032461677,0.24346257889990985,3.067628494138864,0.6492335437330928,1.2010820559062219,1.9314697926059514,0.7141568981064021
Ander Guevara,Alavés,ESP-La Liga,29-065,ESP,MF,5755.0,12.76,0.052000000000000005,1.8219999999999998,0.03127715030408341,0.03127715030408341,0.03127715030408341,0.0,0.25021720243266726,0.015638575152041704,1.6107732406602955,0.8601216333622937,0.0,0.31277150304083406,0.6099044309296264,1.157254561251086,0.5317115551694179,0.10947002606429192
Ander Herrera,Athletic Club,ESP-La Liga,34,ESP,MF,2000.0,24.766666666666666,0.0,1.46,0.0,0.18,0.0,0.0,0.45,0.045,2.16,1.125,0.0,0.9,1.17,2.16,1.44,0.315
Andoni Gorosabel,Athletic Club,ESP-La Liga,28,ESP,DF,7407.0,29.275,0.0175,1.4849999999999999,0.01215066828675577,0.03645200486026732,0.01215066828675577,0.0,0.2065613608748481,0.0,1.0935601458080195,0.8991494532199271,0.01215066828675577,2.67314702308627,0.9356014580801943,1.4580801944106927,0.43742405832320774,0.10935601458080194
Andre Brooks,Sheffield United,ENG-Premier League,19,JAM,MF,938.0,22.2,0.0,0.25,0.0,0.0,0.0,0.0,0.09594882729211088,0.0,1.0554371002132197,0.863539445628998,0.0,0.767590618336887,1.439232409381663,0.9594882729211087,0.863539445628998,0.19189765458422176
Andrea Belotti,Cagliari,ITA-Serie A,31,ITA,FW,3588.0,41.78,0.146,1.41,0.2508361204013378,0.10033444816053512,0.22575250836120403,0.02508361204013378,0.05016722408026756,0.0,1.5551839464882944,2.7842809364548495,0.7775919732441472,0.5016722408026756,0.3010033444816054,0.45150501672240806,2.3076923076923075,0.8277591973244148
Andrea Cambiaso,Juventus,ITA-Serie A,26-202,ITA,"DF,MF",9564.0,28.46,0.062,1.948,0.06587202007528231,0.12233375156838143,0.06587202007528231,0.0,0.18820577164366376,0.009410288582183186,1.1198243412797992,0.8939774153074027,0.1599749058971142,3.077164366373902,0.7151819322459222,1.2797992471769135,0.8375156838143036,0.30112923462986196
Andrea Carboni,Monza,ITA-Serie A,25-218,ITA,DF,4105.0,42.0,0.015,0.56,0.02192448233861145,0.02192448233861145,0.02192448233861145,0.0,0.1315468940316687,0.0,1.0085261875761267,0.5042630937880633,0.0438489646772229,0.9866017052375152,1.0962241169305724,1.2496954933008526,0.6577344701583434,0.15347137637028013
Andrea Colpani,Monza,ITA-Serie A,27-122,ITA,"MF,FW",5244.0,41.675,0.17,1.0725,0.2574370709382151,0.10297482837528604,0.2574370709382151,0.0,0.05148741418764302,0.0,1.1670480549199085,1.6647597254004576,0.05148741418764302,3.140732265446224,0.44622425629290613,0.5320366132723112,2.196796338672769,0.7208237986270023
Andrea Petagna,Monza,ITA-Serie A,29,ITA,FW,2993.0,26.066666666666666,0.05333333333333334,0.8566666666666666,0.15035081857667892,0.1804209822920147,0.12028065486134314,0.030070163715335784,0.15035081857667892,0.0,1.5937186769127967,1.683929168058804,0.48112261944537255,0.1804209822920147,0.15035081857667892,0.24056130972268627,1.7741396592048113,0.6314734380220515
Andrea Pinamonti,Lazio,ITA-Serie A,27-114,ITA,FW,10702.0,27.619999999999997,0.09,1.4780000000000002,0.29433750700803585,0.04204821528686227,0.2691085778359185,0.02522892917211736,0.10932535974584189,0.016819286114744907,0.6727714445897963,1.353952532236965,0.3784339375817604,0.42048215286862267,0.05886750140160718,0.22706036254905623,2.556531489441226,0.8746028779667351
Andreas Bruus,Troyes,FRA-Ligue 1,23,DEN,"MF,DF",1628.0,27.3,0.0,0.59,0.0,0.11056511056511056,0.0,0.0,0.11056511056511056,0.0,0.6081081081081081,0.386977886977887,0.11056511056511056,3.593366093366093,0.8292383292383292,0.386977886977887,0.6081081081081081,0.16584766584766586
Andreas Christensen,Barcelona,ESP-La Liga,30-153,DEN,DF,4611.0,26.660000000000004,0.054000000000000006,2.57,0.058555627846454135,0.058555627846454135,0.058555627846454135,0.0,0.2147039687703318,0.0,1.1515940143135979,0.40988939492517895,0.0,0.019518542615484708,0.9759271307742355,0.7221860767729342,0.5465191932335719,0.2147039687703318
Andreas Hanche-Olsen,Mainz 05,Unknown,28,NOR,DF,4624.0,30.075,0.11750000000000001,1.3050000000000002,0.05839100346020761,0.09731833910034603,0.05839100346020761,0.0,0.33088235294117646,0.019463667820069204,1.3235294117647058,0.6033737024221454,0.05839100346020761,0.13624567474048443,1.2846020761245676,1.051038062283737,0.5644463667820069,0.15570934256055363
Andreas Hountondji,St Pauli,Unknown,23,BEN,FW,1067.0,61.9,0.19,0.48,0.3373945641986879,0.0,0.3373945641986879,0.0,0.16869728209934395,0.0,0.7591377694470478,0.5060918462980318,0.5904404873477038,1.6869728209934394,0.0,0.0,1.7713214620431115,1.0965323336457358
Andreas Pereira,Fulham,ENG-Premier League,28,BRA,MF,7318.0,30.333333333333332,0.056666666666666664,1.3133333333333332,0.11068597977589506,0.2090735173544684,0.09838753757857337,0.01229844219732167,0.2582672861437551,0.0,1.1314566821535939,0.9961738179830555,0.07379065318393004,7.231484012025144,0.2336704017491118,0.40584859251161515,1.881661656190216,0.5903252254714403
Andrei Girotto,Nantes,FRA-Ligue 1,30,BRA,"DF,MF",3149.0,25.9,0.04,0.97,0.028580501746586218,0.028580501746586218,0.028580501746586218,0.0,0.20006351222610355,0.0,1.5147665925690694,1.0003175611305175,0.028580501746586218,0.25722451571927596,1.9434741187678628,2.143537630993966,0.7716735471578279,0.20006351222610355
Andrei Ratiu,Rayo Vallecano,ESP-La Liga,28-082,ROU,DF,6772.0,27.875,0.065,1.1775,0.03987005316007088,0.09303012404016539,0.03987005316007088,0.0,0.19935026580035442,0.0,0.677790903721205,0.6512108682811577,0.13290017720023625,2.8972238629651503,0.9435912581216774,1.3024217365623154,0.9701712935617247,0.2658003544004725
Andrej Ilic,Union Berlin,Unknown,25,SRB,FW,3203.0,25.76666666666667,0.11,1.8133333333333332,0.3371838901030284,0.280986575085857,0.3090852325944427,0.028098657508585704,0.1685919450515142,0.0,1.489228847955042,1.123946300343428,0.6743677802060568,0.5900718076802998,0.1404932875429285,0.1404932875429285,2.7536684358413988,1.039650327817671
Andrej Kramarić,Hoffenheim,Unknown,35-083,CRO,"FW,MF",9581.0,35.980000000000004,0.158,1.01,0.4884667571234735,0.22544619559544934,0.32877570191003025,0.1596910552134433,0.1315102807640121,0.0,0.32877570191003025,1.0614758375952407,0.29120133597745534,3.3629057509654525,0.29120133597745534,0.1596910552134433,2.49869533451623,1.117837386494103
Andrew Gravillon,Torino,ITA-Serie A,24,GLP,DF,1350.0,7.15,0.0,0.925,0.0,0.0,0.0,0.0,0.33333333333333337,0.0,1.8666666666666667,1.0,0.0,1.2666666666666666,1.8666666666666667,0.6000000000000001,0.5333333333333333,0.06666666666666667
Andrew Omobamidele,Strasbourg,FRA-Ligue 1,24-079,IRL,DF,2859.0,18.75,0.0625,1.4475,0.031479538300104935,0.0,0.031479538300104935,0.0,0.3462749213011543,0.031479538300104935,1.0388247639034627,0.6295907660020986,0.0,0.0,1.2591815320041972,0.4092339979013641,0.1888772298006296,0.0944386149003148
Andrey Santos,Strasbourg,FRA-Ligue 1,20,BRA,MF,5038.0,17.259999999999998,0.078,1.142,0.21437078205637156,0.05359269551409289,0.21437078205637156,0.0,0.28582770940849545,0.0,0.9646685192536721,1.9829297340214371,0.03572846367606193,0.08932115919015482,1.053989678443827,2.018658197697499,1.2683604605001986,0.3930131004366812
Andrias Edmundsson,Hellas Verona,ITA-Serie A,24,FRO,DF,1319.0,25.0,0.0,0.47,0.0,0.0,0.0,0.0,0.2047005307050796,0.0,0.8870356330553449,0.4776345716451858,0.0,0.27293404094010615,1.9105382865807432,1.3646702047005308,0.27293404094010615,0.06823351023502654
Andros Townsend,Luton Town,ENG-Premier League,32,ENG,"MF,FW",1210.0,35.0,0.05,0.78,0.0743801652892562,0.2231404958677686,0.0743801652892562,0.0,0.0743801652892562,0.0,0.8925619834710744,0.8925619834710744,0.1487603305785124,5.5041322314049586,0.2975206611570248,0.9669421487603306,1.487603305785124,0.5206611570247933
András Schäfer,Union Berlin,Unknown,27-150,HUN,MF,5101.0,16.68,0.04,1.1800000000000002,0.07057439717702411,0.07057439717702411,0.07057439717702411,0.0,0.10586159576553617,0.03528719858851206,1.7290727308370908,1.5526367378945305,0.05293079788276808,1.093903156243874,1.2526955498921781,1.28798274848069,1.1821211527151538,0.2999411880023525
André,Wolves,ENG-Premier League,24,BRA,MF,5234.0,8.35,0.035,0.83,0.01719526175009553,0.0,0.01719526175009553,0.0,0.32670997325181506,0.0,1.4272067252579288,1.3240351547573557,0.0,0.6878104700038212,1.0661062285059228,1.6679403897592664,0.42988154375238824,0.03439052350019106
André Almeida,Racing Sant,ESP-La Liga,26-103,POR,"FW,MF",6534.0,27.179999999999996,0.05800000000000001,0.9400000000000001,0.05509641873278237,0.15151515151515152,0.05509641873278237,0.0,0.06887052341597796,0.0,1.143250688705234,1.6528925619834711,0.05509641873278237,3.8154269972451793,0.5509641873278237,1.3774104683195592,0.8264462809917356,0.27548209366391185
André Ayew,Le Havre,FRA-Ligue 1,34,GHA,FW,2873.0,43.43333333333334,0.10999999999999999,0.8233333333333333,0.2819352593108249,0.03132613992342499,0.2819352593108249,0.0,0.15663069961712495,0.03132613992342499,1.1590671771667247,2.0048729550991995,0.34458753915767487,0.3759136790810999,0.15663069961712495,0.7205012182387749,1.8482422554820743,0.7518273581621998
André Gomes,Lille,FRA-Ligue 1,32,POR,MF,3421.0,26.275,0.07500000000000001,1.9449999999999998,0.10523238819058754,0.05261619409529377,0.10523238819058754,0.0,0.34200526161940953,0.0,2.4466530254311603,0.8944752996199942,0.026308097047646885,1.2627886582870504,0.473545746857644,0.947091493715288,0.9733995907629348,0.3156971645717626
André Silva,Werder Bremen,Unknown,28,POR,FW,4823.0,42.980000000000004,0.128,1.35,0.3545511092680904,0.09330292349160274,0.24258760107816713,0.11196350818992327,0.14928467758656438,0.0,1.3808832676757206,1.772755546340452,0.4291934480613726,0.1679452622848849,0.14928467758656438,0.3545511092680904,2.873730043541364,1.2689197594857973
Andrés Guardado,Real Betis,ESP-La Liga,36,MEX,MF,1820.0,18.75,0.065,1.615,0.04945054945054945,0.04945054945054945,0.04945054945054945,0.0,0.44505494505494503,0.0,1.2857142857142856,0.6428571428571428,0.0,0.9395604395604396,1.3846153846153846,1.879120879120879,0.6428571428571428,0.14835164835164835
Andy Delort,Montpellier,FRA-Ligue 1,32,ALG,FW,1857.0,45.166666666666664,0.07666666666666667,0.7033333333333335,0.29079159935379645,0.048465266558966075,0.14539579967689822,0.14539579967689822,0.048465266558966075,0.0,1.3570274636510502,1.211631663974152,1.0177705977382876,2.132471728594507,0.048465266558966075,0.33925686591276255,3.0048465266558964,1.3570274636510502
Andy Diouf,Inter,ITA-Serie A,23-116,FRA,MF,4286.0,30.880000000000003,0.034,1.6199999999999999,0.06299580027998133,0.08399440037330845,0.06299580027998133,0.0,0.10499300046663555,0.0,1.280914605692954,0.8399440037330844,0.06299580027998133,1.7428838077461501,0.377974801679888,1.1969202053196453,1.7428838077461501,0.377974801679888
Andy Pelmard,Lecce,ITA-Serie A,24,MAD,DF,3323.0,16.666666666666668,0.0,0.44,0.0,0.0,0.0,0.0,0.08125188083057477,0.0,0.4604273247065904,0.5687631658140234,0.0,0.2166716822148661,0.9750225699668973,1.2729461330123384,0.08125188083057477,0.027083960276858263
Andy Robertson,Tottenham,ENG-Premier League,32-183,SCO,DF,8121.0,47.82,0.06999999999999999,1.608,0.04432951606944957,0.12190616919098633,0.04432951606944957,0.0,0.08865903213889914,0.011082379017362393,0.5097894347986701,0.2881418544514222,0.1994828223125231,6.516438862209088,0.6538603620243812,0.8755079423716291,0.565201329885482,0.1994828223125231
Anel Ahmedhodžić,Sheffield United,ENG-Premier League,24,BIH,DF,2649.0,26.3,0.11,0.35,0.06795016987542468,0.0,0.06795016987542468,0.0,0.3737259343148358,0.03397508493771234,1.1551528878822197,0.4416761041902605,0.06795016987542468,0.20385050962627407,1.1211778029445074,1.1891279728199322,0.6455266138165345,0.16987542468856173
Ange-Yoan Bonny,Inter,ITA-Serie A,22-320,CIV,FW,3720.0,25.099999999999998,0.10666666666666667,2.0500000000000003,0.2661290322580645,0.1935483870967742,0.21774193548387097,0.04838709677419355,0.07258064516129033,0.0,0.9193548387096775,1.7419354838709677,0.5564516129032258,0.5564516129032258,0.12096774193548387,0.7016129032258064,2.1048387096774195,0.75
Angel Gomes,Marseille,FRA-Ligue 1,26-010,ENG,MF,7717.0,32.233333333333334,0.07,1.4533333333333331,0.0699753790333031,0.18660101075547494,0.058312815861085915,0.011662563172217184,0.22158870027212646,0.0,1.3645198911494105,1.4228327070104962,0.0,1.527795775560451,0.4315148373720357,0.571465595438642,1.4344952701827136,0.4315148373720357
Angeliño,Hoffenheim,Unknown,25,ESP,MF,7351.0,27.25,0.02,1.8074999999999999,0.024486464426608623,0.12243232213304313,0.024486464426608623,0.0,0.08570262549313018,0.0,0.7590803972248673,0.9059991837845192,0.15916201877295608,4.554482383349204,0.8570262549313018,0.8080533260780847,0.7101074683716502,0.17140525098626036
Angelo Fulgini,Mainz 05,Unknown,25,NCL,MF,3804.0,43.25,0.035,1.575,0.07097791798107256,0.11829652996845426,0.07097791798107256,0.0,0.11829652996845426,0.0,0.970031545741325,2.271293375394322,0.11829652996845426,5.370662460567823,0.5441640378548895,0.8990536277602524,2.176656151419558,0.7334384858044164
Angelo Ogbonna,West Ham,ENG-Premier League,35,ITA,DF,1872.0,0.0,0.0,1.475,0.0,0.0,0.0,0.0,0.04807692307692308,0.0,0.14423076923076922,0.33653846153846156,0.0,0.0,1.0096153846153846,0.4326923076923077,0.19230769230769232,0.0
Angelo Stiller,Stuttgart,Unknown,25-159,GER,MF,9142.0,29.633333333333336,0.06166666666666667,1.3616666666666666,0.04922336469043973,0.18704878582367096,0.04922336469043973,0.0,0.1279807481951433,0.0,0.8860205644279152,1.289652154889521,0.009844672938087946,2.864799824983592,0.905709910304091,0.9352439291183549,0.6300590680376286,0.18704878582367096
Ansgar Knauff,Frankfurt,Unknown,23,GER,"MF,FW",6318.0,40.75,0.1275,1.455,0.22792022792022792,0.12820512820512822,0.22792022792022792,0.0,0.1994301994301994,0.014245014245014245,1.4387464387464388,1.1538461538461537,0.31339031339031337,2.0655270655270654,0.7407407407407408,1.210826210826211,1.6524216524216524,0.6552706552706553
Ansu Fati,Monaco,FRA-Ligue 1,22,ESP,"MF,FW",3290.0,36.72,0.09,2.018,0.547112462006079,0.08206686930091185,0.46504559270516715,0.08206686930091185,0.19148936170212766,0.0,0.9574468085106382,1.0395136778115501,0.4924012158054711,0.5744680851063829,0.3009118541033435,0.601823708206687,4.075987841945288,1.6139817629179332
Ante Budimir,Osasuna,ESP-La Liga,35-050,CRO,FW,10415.0,45.239999999999995,0.202,1.408,0.5789726356216994,0.05184829572731637,0.40614498319731157,0.17282765242438788,0.13826212193951032,0.0,1.6591454632741238,1.1233797407585213,0.6826692270763323,0.19875180028804607,0.14690350456072973,0.4320691310609698,3.033125300048008,1.244359097455593
Ante Rebić,Lecce,ITA-Serie A,30,CRO,"FW,MF",1768.0,43.3,0.095,1.315,0.20361990950226247,0.10180995475113123,0.20361990950226247,0.0,0.35633484162895923,0.10180995475113123,1.8834841628959276,1.4762443438914028,0.7635746606334841,3.5633484162895925,0.15271493212669685,0.9162895927601811,2.0361990950226243,0.9162895927601811
Anthony Caci,Mainz 05,Unknown,29-071,FRA,MF,7874.0,29.380000000000003,0.05800000000000001,1.3940000000000001,0.0571501143002286,0.12573025146050293,0.0571501143002286,0.0,0.25146050292100586,0.0,1.1544323088646178,0.4343408686817374,0.19431038862077724,3.7376174752349507,1.3030226060452121,1.2344424688849378,0.9258318516637034,0.26289052578105154
Anthony Elanga,Newcastle,ENG-Premier League,24-136,SWE,MF,6911.0,47.12,0.146,1.5219999999999998,0.1692953262914195,0.2864997829547099,0.1692953262914195,0.0,0.0390681522210968,0.0,0.41672695702503254,1.419476197366517,0.5469541310953552,4.388655766169874,0.24743163073361307,0.5990450007234843,1.6799305455071625,0.7553176096078715
Anthony Gordon,Barcelona,ESP-La Liga,25-198,ENG,"FW,MF",8943.0,40.516666666666666,0.10333333333333333,1.6783333333333335,0.2717208990271721,0.21133847702113384,0.22140221402214022,0.05031868500503187,0.24152968802415298,0.020127474002012747,0.9963099630996309,2.022811137202281,0.2717208990271721,3.5021804763502185,0.21133847702113384,0.9761824890976182,2.3247232472324724,0.9258638040925863
Anthony Jung,Freiburg,Unknown,33,GER,DF,7620.0,13.825,0.08,1.2625,0.03543307086614173,0.05905511811023622,0.03543307086614173,0.0,0.1062992125984252,0.011811023622047244,0.5905511811023622,0.6732283464566929,0.047244094488188976,0.8740157480314961,1.0275590551181102,0.8622047244094488,0.28346456692913385,0.0826771653543307
Anthony Losilla,Bochum,Unknown,38,FRA,MF,6433.0,18.5,0.036666666666666674,0.98,0.04197108658479714,0.05596144877972952,0.04197108658479714,0.0,0.23783615731385047,0.01399036219493238,1.4270169438831026,0.6715373853567542,0.1259132597543914,0.29379760609357997,1.105238613399658,1.399036219493238,0.8254313695010104,0.2098554329239857
Anthony Lozano,Getafe,ESP-La Liga,30,HON,FW,2307.0,21.933333333333337,0.05333333333333334,0.7199999999999999,0.15604681404421325,0.03901170351105331,0.15604681404421325,0.0,0.3120936280884265,0.0,2.7698309492847852,2.184655396618986,0.5461638491547465,0.4681404421326398,0.2340702210663199,0.3511053315994799,2.223667100130039,0.6631989596879063
Anthony Martial,Manchester Utd,ENG-Premier League,27,FRA,FW,1426.0,57.400000000000006,0.195,1.785,0.44179523141654975,0.12622720897615708,0.37868162692847124,0.06311360448807854,0.0,0.0,0.6942496493688639,1.262272089761571,0.6311360448807855,0.25245441795231416,0.06311360448807854,0.25245441795231416,2.082748948106592,1.072931276297335
Anthony Oyono,Frosinone,ITA-Serie A,25-151,GAB,DF,1402.0,29.15,0.0,1.595,0.0,0.12838801711840228,0.0,0.0,0.3209700427960057,0.0,1.1554921540656204,1.0912981455064195,0.0,0.9629101283880172,0.7703281027104137,2.182596291012839,0.44935805991440797,0.12838801711840228
Anthony Rouault,Stuttgart,Unknown,23,FRA,DF,8322.0,29.916666666666668,0.06833333333333334,1.8733333333333333,0.043258832011535686,0.032444124008651765,0.043258832011535686,0.0,0.16222062004325882,0.010814708002883922,0.8759913482335977,0.410958904109589,0.032444124008651765,0.043258832011535686,1.1247296322999278,0.8759913482335977,0.48666186012977647,0.1946647440519106
Antoine Bernede,Hellas Verona,ITA-Serie A,26,FRA,MF,2895.0,34.5,0.15,0.675,0.06217616580310881,0.06217616580310881,0.06217616580310881,0.0,0.12435233160621761,0.0,2.2072538860103625,0.7461139896373057,0.031088082901554404,1.2124352331606219,0.6528497409326425,1.461139896373057,0.7772020725388601,0.18652849740932642
Antoine Griezmann,Atlético Madrid,ESP-La Liga,34,FRA,FW,9453.0,43.175,0.1625,1.9725,0.43795620437956206,0.3141859727070771,0.390352269120914,0.04760393525864805,0.0952078705172961,0.0,0.5046017137416693,0.9806410663281497,0.5141225007933989,4.512853062519834,0.45699777848302126,0.7616629641383688,2.732465883846398,1.1615360203110123
Antoine Hainaut,Venezia,ITA-Serie A,24-204,FRA,MF,1470.0,25.0,0.165,0.48,0.12244897959183673,0.061224489795918366,0.12244897959183673,0.0,0.24489795918367346,0.0,1.163265306122449,1.163265306122449,0.1836734693877551,2.2653061224489797,1.0408163265306123,0.9183673469387754,0.6122448979591837,0.1836734693877551
Antoine Joujou,Le Havre,FRA-Ligue 1,21,FRA,"MF,FW",1722.0,16.6,0.0,0.84,0.0,0.20905923344947736,0.0,0.0,0.10452961672473868,0.0,1.254355400696864,0.8885017421602788,0.10452961672473868,2.822299651567944,0.8362369337979094,1.254355400696864,1.6202090592334495,0.2613240418118467
Antoine Makoumbou,Cagliari,ITA-Serie A,26,CGO,MF,4852.0,19.65,0.065,0.9550000000000001,0.018549051937345424,0.055647155812036275,0.018549051937345424,0.0,0.16694146743610883,0.055647155812036275,1.0201978565539984,0.7976092333058532,0.018549051937345424,0.33388293487221765,0.612118713932399,0.8161582852431987,0.2782357790601814,0.055647155812036275
Antoine Mendy,Nice,FRA-Ligue 1,22-106,SEN,DF,3984.0,25.46,0.012,1.424,0.02259036144578313,0.02259036144578313,0.02259036144578313,0.0,0.15813253012048192,0.0,1.2876506024096386,0.9262048192771084,0.06777108433734941,0.9939759036144579,0.858433734939759,1.7394578313253013,0.8810240963855422,0.24849397590361447
Antoine Semenyo,Manchester City,ENG-Premier League,26-246,GHA,MF,9031.0,41.06666666666667,0.15666666666666668,1.7633333333333334,0.3687299302402835,0.12955375927361312,0.35876425645000554,0.009965673790277931,0.21924482338611448,0.0,1.7838556084597499,0.9168419887055697,0.4185582991916731,1.6144391540250251,0.27903886612778206,0.8570479459639021,2.8601483778097667,1.15601815967224
Anton Kade,Augsburg,Unknown,22-236,GER,MF,1833.0,55.25,0.15000000000000002,2.145,0.3436988543371522,0.049099836333878884,0.3436988543371522,0.0,0.14729950900163666,0.0,1.0310965630114566,0.9328968903436989,0.4909983633387889,1.1292962356792144,0.6382978723404256,0.6873977086743044,2.65139116202946,1.227495908346972
Anton Stach,Hoffenheim,Unknown,25,GER,"MF,DF",9786.0,32.6,0.06666666666666667,1.1533333333333333,0.0919681177191907,0.1103617412630288,0.0919681177191907,0.0,0.17473942366646228,0.0,1.2783568362967503,1.3795217657878602,0.0275904353157572,2.8694052728387494,1.729000613120785,1.351931330472103,1.5726548129981608,0.4230533415082771
Antonee Robinson,Fulham,ENG-Premier League,29-033,USA,DF,11261.0,14.6,0.034,1.074,0.007992185418701713,0.13586715211792913,0.0,0.007992185418701713,0.21578900630494627,0.0,0.9031169523132936,0.5914217209839268,0.1198827812805257,4.227866086493207,1.7502886066956755,1.534499600390729,0.35165615842287545,0.07992185418701714
Antonino Gallo,Lecce,ITA-Serie A,26-248,ITA,DF,10776.0,18.0,0.0,1.11,0.0,0.08351893095768374,0.0,0.0,0.10857461024498885,0.016703786191536747,0.34242761692650336,0.5178173719376392,0.06681514476614699,3.992204899777283,0.5846325167037862,1.1943207126948776,0.34242761692650336,0.07516703786191536
Antonio Blanco,Alavés,ESP-La Liga,26-049,ESP,MF,8780.0,11.9,0.01,1.204,0.02050113895216401,0.05125284738041002,0.02050113895216401,0.0,0.2665148063781321,0.02050113895216401,1.896355353075171,1.1583143507972666,0.02050113895216401,0.8097949886104784,1.3735763097949885,1.3940774487471526,0.9328018223234623,0.19476082004555806
Antonio Candela,Venezia,ITA-Serie A,24,ITA,"MF,DF",1914.0,0.0,0.0,0.39499999999999996,0.0,0.047021943573667714,0.0,0.0,0.14106583072100312,0.0,0.9404388714733543,0.5642633228840125,0.09404388714733543,1.9278996865203761,0.658307210031348,1.2695924764890283,0.28213166144200624,0.0
Antonio Candreva,Salernitana,ITA-Serie A,36,ITA,MF,5476.0,39.0,0.12,0.82,0.21365960555149746,0.16435354273192113,0.19722425127830534,0.01643535427319211,0.13148283418553688,0.01643535427319211,0.295836376917458,1.2983929875821767,0.5094959824689554,7.231555880204529,0.4108838568298027,0.34514243973703435,1.8243243243243243,0.6902848794740687
Antonio Caracciolo,Pisa,ITA-Serie A,35,ITA,DF,3073.0,24.0,0.08,0.49,0.05857468272046859,0.0,0.05857468272046859,0.0,0.292873413602343,0.0,1.2007809957696063,0.3221607549625773,0.05857468272046859,0.0878620240807029,1.669378457533355,1.2886430198503092,0.7321835340058575,0.1757240481614058
Antonio Nusa,RB Leipzig,Unknown,21-146,NOR,FW,3758.0,42.9,0.12333333333333334,1.6733333333333331,0.19159127195316655,0.14369345396487493,0.19159127195316655,0.0,0.02394890899414582,0.0,0.5747738158594997,2.3469930814262905,0.2394890899414582,2.562533262373603,0.3592336349121873,0.7663650878126662,2.1793507184672696,0.7424161788185205
Antonio Raillo,Mallorca,ESP-La Liga,33,ESP,DF,10238.0,25.175,0.0775,1.19,0.061535456143778075,0.05274467669466693,0.061535456143778075,0.0,0.2461418245751123,0.026372338347333466,1.2922445790193398,0.4659113108028912,0.0966985739402227,0.07032623559288924,0.9318226216057824,0.6329361203360031,0.7823793709708928,0.20218792732955654
Antonio Rüdiger,Real Madrid,ESP-La Liga,33-191,GER,DF,8995.0,10.620000000000001,0.036,2.3739999999999997,0.03001667593107282,0.0,0.03001667593107282,0.0,0.11006114508060033,0.0,0.6503613118399111,0.30016675931072817,0.07003891050583658,0.15008337965536409,0.4402445803224013,0.5302946081156198,0.7904391328515842,0.11006114508060033
Antonio Sanabria,Cremonese,ITA-Serie A,29,PAR,FW,6829.0,30.2,0.11499999999999999,1.2000000000000002,0.26358178357006884,0.07907453507102065,0.2240445160345585,0.039537267535510325,0.13179089178503442,0.0,1.1597598477083029,1.1729389368868062,0.30311905110557913,0.13179089178503442,0.17132815932054474,0.329477229462586,2.0164006443110267,0.6457753697466686
Antonio Sánchez,Mallorca,ESP-La Liga,28,ESP,"MF,DF",4996.0,35.650000000000006,0.0325,1.2774999999999999,0.05404323458767013,0.018014411529223378,0.05404323458767013,0.0,0.28823058446757405,0.018014411529223378,1.6393114491593272,0.8827061649319456,0.10808646917534026,2.323859087269816,1.2249799839871898,0.8827061649319456,1.044835868694956,0.3422738190552442
Antoniu,Espanyol,ESP-La Liga,22,ESP,MF,1311.0,30.0,0.0,1.155,0.0,0.06864988558352403,0.0,0.0,0.34324942791762014,0.0,1.990846681922197,2.128146453089245,0.2745995423340961,1.8535469107551488,0.6864988558352403,0.8924485125858123,1.0297482837528604,0.34324942791762014
Antony,Real Betis,ESP-La Liga,26-198,BRA,MF,7422.0,38.233333333333334,0.04833333333333333,1.6383333333333334,0.2182700080840744,0.13338722716248988,0.2182700080840744,0.0,0.2182700080840744,0.024252223120452707,0.9094583670169766,1.6855295068714633,0.08488278092158448,2.049312853678254,0.6911883589329022,0.8367016976556184,3.310428455941795,1.2126111560226354
Antonín Barák,Fiorentina,ITA-Serie A,29,CZE,MF,2686.0,40.475,0.04,0.9875,0.1340282948622487,0.10052122114668652,0.1340282948622487,0.0,0.20104244229337304,0.0,0.7036485480268057,0.8041697691734921,0.1340282948622487,0.6701414743112435,0.16753536857781087,0.43559195830230824,1.8093819806403573,0.569620253164557
Anuar,Valladolid,ESP-La Liga,29,MAR,"MF,FW",1930.0,43.9,0.255,0.375,0.13989637305699482,0.0,0.13989637305699482,0.0,0.37305699481865284,0.0,1.538860103626943,2.518134715025907,0.5129533678756477,1.072538860103627,0.9326424870466321,1.4455958549222798,0.6528497409326425,0.32642487046632124
Ao Tanaka,Leeds United,ENG-Premier League,28-000,JPN,MF,1432.0,14.7,0.06,1.2149999999999999,0.12569832402234637,0.06284916201117319,0.12569832402234637,0.0,0.06284916201117319,0.0,0.8798882681564246,0.691340782122905,0.06284916201117319,2.451117318435754,1.3198324022346368,1.005586592178771,1.1941340782122905,0.3142458100558659
Arber Zeneli,Reims,FRA-Ligue 1,27,KVX,"MF,FW",1000.0,23.3,0.0,1.48,0.0,0.18,0.0,0.0,0.0,0.0,0.63,1.08,0.27,4.59,0.18,0.27,2.6999999999999997,0.63
Archie Gray,Tottenham,ENG-Premier League,20-182,ENG,DF,3381.0,48.5,0.06,0.6466666666666666,0.05323868677905944,0.05323868677905944,0.05323868677905944,0.0,0.15971606033717836,0.0,0.7985803016858918,0.45252883762200535,0.0,0.8251996450754214,0.9849157054125998,0.479148181011535,0.3194321206743567,0.15971606033717836
Arda Güler,Real Madrid,ESP-La Liga,21-197,TUR,MF,3848.0,38.925,0.1825,2.3775,0.3274428274428275,0.3274428274428275,0.3274428274428275,0.0,0.09355509355509356,0.0,1.1694386694386696,1.7541580041580043,0.18711018711018712,5.028586278586279,0.3976091476091476,1.1928274428274428,2.5493762993762994,1.0291060291060292
Ardian Ismajli,Torino,ITA-Serie A,29-345,ALB,DF,8718.0,17.78,0.0,1.074,0.0,0.01032346868547832,0.0,0.0,0.13420509291121818,0.0,0.8155540261527874,0.8052305574673091,0.01032346868547832,0.12388162422573984,1.4762560220233998,0.8568479008947006,0.258086717136958,0.06194081211286992
Aridane Hernández,Rayo Vallecano,ESP-La Liga,35,ESP,DF,4508.0,15.0,0.0,1.1633333333333333,0.0,0.019964507542147295,0.0,0.0,0.09982253771073647,0.0,0.5989352262644188,0.6787932564330079,0.0,0.0,0.9383318544809227,0.6987577639751553,0.35936113575865125,0.059893522626441875
Arijon Ibrahimović,Augsburg,Unknown,20-273,GER,FW,2727.0,34.5,0.02,1.7550000000000001,0.099009900990099,0.16501650165016502,0.066006600660066,0.033003300330033,0.099009900990099,0.0,0.594059405940594,1.1221122112211221,0.23102310231023102,4.554455445544554,0.792079207920792,0.825082508250825,2.178217821782178,0.8580858085808581
Aritz Elustondo,Real Sociedad,ESP-La Liga,31,ESP,DF,4438.0,20.825,0.0,1.5150000000000001,0.0,0.06083821541234791,0.0,0.0,0.1825146462370437,0.040558810274898605,1.4601171698963495,0.9734114465975665,0.040558810274898605,0.38530869761153674,0.9531320414601172,0.87201442091032,0.44614691302388465,0.08111762054979721
Arkadiusz Milik,Juventus,ITA-Serie A,31,POL,FW,2670.0,47.4,0.0675,1.9425,0.3707865168539326,0.06741573033707865,0.3707865168539326,0.0,0.20224719101123598,0.06741573033707865,1.7865168539325842,1.8876404494382024,0.6741573033707865,0.33707865168539325,0.20224719101123598,0.5056179775280899,2.764044943820225,1.2808988764044944
Arkadiusz Pyrka,St Pauli,Unknown,22,POL,MF,2576.0,15.8,0.0,0.84,0.0,0.03493788819875776,0.0,0.0,0.1048136645962733,0.0,0.593944099378882,1.1180124223602483,0.0,1.6420807453416149,0.8035714285714285,0.8385093167701864,0.6638198757763976,0.1048136645962733
Arkadiusz Reca,Spezia,ITA-Serie A,27,POL,"MF,DF",2173.0,36.4,0.05,0.71,0.04141739530602853,0.04141739530602853,0.04141739530602853,0.0,0.20708697653014263,0.0,1.325356649792913,0.621260929590428,0.08283479061205706,4.058904739990796,0.8697653014265991,1.159687068568799,0.9111826967326276,0.33133916244822825
Armand Lauriente,Sassuolo,ITA-Serie A,27-280,FRA,FW,8211.0,34.46,0.072,1.4100000000000001,0.21921812203142124,0.2082572159298502,0.2082572159298502,0.010960906101571063,0.21921812203142124,0.010960906101571063,1.1070515162586774,1.6550968213372304,0.35074899525027403,4.011691633175009,0.4384362440628425,0.6466934599926927,2.641578370478626,0.9535988308366825
Armando Broja,Burnley,ENG-Premier League,23,ALB,FW,2030.0,27.24,0.062,1.1640000000000001,0.1330049261083744,0.08866995073891625,0.1330049261083744,0.0,0.04433497536945812,0.0,1.374384236453202,1.6403940886699506,0.7980295566502463,0.2660098522167488,0.22167487684729065,0.22167487684729065,1.729064039408867,0.5763546798029556
Armando Izzo,Monza,ITA-Serie A,32,ITA,DF,6551.0,39.43333333333333,0.07666666666666667,1.11,0.027476721111280723,0.013738360555640362,0.027476721111280723,0.0,0.42588917722485115,0.0,1.9233704777896505,1.6073881850099223,0.027476721111280723,0.24729049000152648,1.5524347427873606,1.1402839261181499,0.37093573500228977,0.12364524500076324
Armel Bella Kotchap,Venezia,ITA-Serie A,24-273,GER,DF,3752.0,3.575,0.0,0.3225,0.0,0.04797441364605544,0.0,0.0,0.16791044776119401,0.0,0.8395522388059701,1.36727078891258,0.0,0.11993603411513859,1.9669509594882728,0.9115138592750534,0.47974413646055436,0.04797441364605544
Armin Gigovic,Holstein Kiel,Unknown,22,BIH,MF,1895.0,42.3,0.19,0.81,0.23746701846965698,0.047493403693931395,0.23746701846965698,0.0,0.23746701846965698,0.0,1.0448548812664906,1.329815303430079,0.09498680738786279,0.6649076517150395,1.0448548812664906,0.6649076517150395,1.2348284960422162,0.5224274406332453
Armindo Sieb,Mainz 05,Unknown,22,GER,FW,1310.0,28.7,0.09,1.19,0.2748091603053435,0.13740458015267176,0.2748091603053435,0.0,0.20610687022900764,0.0,1.9923664122137406,1.0305343511450382,0.8931297709923665,1.3053435114503817,0.06870229007633588,0.6183206106870229,3.2290076335877864,0.8931297709923665
Arnau Martinez,Valencia,ESP-La Liga,23-138,ESP,DF,9434.0,13.540000000000001,0.074,1.162,0.06677973288106848,0.10493958024167904,0.06677973288106848,0.0,0.24803900784396862,0.0,0.9062963748145008,1.4882340470638118,0.12401950392198431,1.6981132075471697,0.9826160695357218,1.240195039219843,0.5628577485690057,0.12401950392198431
Arnau Puigmal,Almería,ESP-La Liga,22,ESP,"MF,DF",1018.0,17.65,0.03,0.455,0.08840864440078584,0.0,0.08840864440078584,0.0,0.618860510805501,0.0,1.5029469548133596,1.6797642436149314,0.1768172888015717,2.829076620825147,1.237721021611002,1.237721021611002,1.5029469548133596,0.5304518664047151
Arnaud Kalimuendo,Frankfurt,Unknown,23,FRA,"FW,MF",8080.0,35.63333333333333,0.12333333333333334,0.9283333333333333,0.44554455445544555,0.0891089108910891,0.36757425742574257,0.07797029702970297,0.13366336633663367,0.0,0.9245049504950495,1.4702970297029703,0.3564356435643564,0.6014851485148515,0.1448019801980198,0.3118811881188119,2.383663366336634,1.0915841584158417
Arnaud Nordin,Mainz 05,Unknown,27,FRA,"MF,FW",5966.0,31.814285714285717,0.07142857142857142,1.1757142857142857,0.28662420382165604,0.13576935970499499,0.27153871940998997,0.015085484411666109,0.12068387529332887,0.015085484411666109,0.9051290646999665,2.956754944686557,0.12068387529332887,2.4287629902782433,0.36205162587998657,0.709017767348307,2.3231645993965806,0.8900435802883003
Arnaut Danjuma,Valencia,ESP-La Liga,29-222,NED,"FW,MF",4663.0,43.32857142857143,0.12285714285714286,1.0214285714285716,0.21230967188505256,0.03860175852455501,0.19300879262277504,0.019300879262277505,0.057902637786832516,0.0,0.9843448423761527,1.1001501179498177,0.5983272571306026,2.8372292515547928,0.15440703409822004,0.4825219815569376,2.412609907784688,1.0036457216384302
Arne Engels,Augsburg,Unknown,20,BEL,FW,2924.0,26.7,0.049999999999999996,1.0933333333333335,0.09233926128590972,0.1538987688098495,0.09233926128590972,0.0,0.21545827633378933,0.030779753761969904,1.631326949384405,1.1080711354309165,0.030779753761969904,5.786593707250342,0.8926128590971272,0.954172366621067,1.231190150478796,0.307797537619699
Arne Maier,Augsburg,Unknown,26,GER,MF,3905.0,22.925,0.0675,1.5474999999999999,0.1613316261203585,0.11523687580025607,0.1613316261203585,0.0,0.06914212548015365,0.023047375160051214,0.5761843790012804,0.6683738796414853,0.04609475032010243,5.001280409731113,0.645326504481434,0.8297055057618439,1.5672215108834828,0.4839948783610755
Aron Dønnum,Toulouse,FRA-Ligue 1,27,NOR,MF,6703.0,34.56666666666667,0.06666666666666667,1.2466666666666668,0.09398776667163956,0.09398776667163956,0.05370729524093689,0.04028047143070267,0.3222437714456214,0.013426823810234223,1.4903774429359988,1.7186334477099805,0.05370729524093689,3.840071609726988,0.8458899000447562,0.9935849619573326,1.2352677905415486,0.41623153811726094
Arouna Sangante,Le Havre,FRA-Ligue 1,23,SEN,DF,6467.0,32.875,0.135,1.3725,0.055667233647750114,0.013916808411937528,0.055667233647750114,0.0,0.22266893459100046,0.055667233647750114,1.6978506262563786,1.322096799134065,0.027833616823875057,0.3479202102984382,1.7396010514921911,1.0298438224833772,0.4453378691820009,0.16700170094325034
Arsen Zakharyan,Real Sociedad,ESP-La Liga,23-107,RUS,"FW,MF",1763.0,24.674999999999997,0.07,0.88,0.10209869540555871,0.10209869540555871,0.10209869540555871,0.0,0.15314804310833807,0.0,1.58252977878616,0.7146908678389109,0.40839478162223486,5.46228020419739,0.35734543391945545,1.1230856494611459,2.603516732841747,0.7146908678389109
Arsène Kouassi,Lorient,FRA-Ligue 1,21-364,BFA,MF,2875.0,27.8,0.11,1.31,0.06260869565217392,0.18782608695652173,0.06260869565217392,0.0,0.12521739130434784,0.0,0.5321739130434783,1.7843478260869565,0.3130434782608696,3.8504347826086955,0.8139130434782608,0.5947826086956522,0.2817391304347826,0.1565217391304348
Artem Dovbyk,Bologna,ITA-Serie A,29-081,UKR,FW,5485.0,43.0,0.2425,1.6175,0.6563354603463992,0.18049225159525978,0.5086599817684595,0.14767547857793983,0.049225159525979945,0.0,1.1485870556061988,0.5742935278030994,0.984503190519599,0.049225159525979945,0.032816773017319965,0.11485870556061988,2.690975387420237,1.3126709206927984
Arthur,Werder Bremen,Unknown,23-177,BRA,DF,2138.0,17.5,0.025,2.4625,0.042095416276894296,0.25257249766136575,0.042095416276894296,0.0,0.16838166510757718,0.0,1.725912067352666,0.6735266604303087,0.12628624883068287,2.3573433115060807,1.1786716557530403,1.2207670720299344,0.5472404115996258,0.12628624883068287
Arthur Atta,Fiorentina,ITA-Serie A,23-239,FRA,MF,4940.0,34.925,0.05,0.7775000000000001,0.10931174089068826,0.10931174089068826,0.10931174089068826,0.0,0.145748987854251,0.0,1.0384615384615385,1.0748987854251013,0.23684210526315788,1.694331983805668,0.7469635627530364,0.7469635627530364,1.8400809716599191,0.6194331983805669
Arthur Avom,Lorient,FRA-Ligue 1,21-269,CMR,MF,2323.0,14.3,0.05,1.31,0.07748600947051226,0.03874300473525613,0.07748600947051226,0.0,0.11622901420576841,0.0,0.9298321136461473,1.5884631941455014,0.0,1.8984072320275505,1.2397761515281962,1.2785191562634524,0.9685751183814034,0.23245802841153682
Arthur Cabral,Fiorentina,ITA-Serie A,24,BRA,FW,1432.0,40.7,0.15,1.5,0.5027932960893855,0.06284916201117319,0.3770949720670391,0.12569832402234637,0.25139664804469275,0.0,1.6340782122905029,1.1941340782122905,0.12569832402234637,0.25139664804469275,0.06284916201117319,0.18854748603351956,3.393854748603352,1.38268156424581
Arthur Chaves,Hoffenheim,Unknown,24,BRA,DF,3254.0,22.733333333333334,0.19666666666666666,1.4100000000000001,0.08297480024585126,0.0,0.08297480024585126,0.0,0.27658266748617083,0.0,1.4105716041794714,0.8297480024585127,0.027658266748617086,0.30424093423478793,1.3552550706822373,1.4658881376767057,0.4425322679778734,0.11063306699446834
Arthur Melo,Fiorentina,ITA-Serie A,26,BRA,MF,2927.0,33.35,0.085,1.2,0.061496412709258624,0.09224461906388795,0.030748206354629312,0.030748206354629312,0.12299282541851725,0.0,1.0454390160573965,2.2753672702425694,0.0,0.8302015715749914,0.8916979842842501,1.2606764605398018,0.5534677143833276,0.2152374444824052
Arthur Theate,Frankfurt,Unknown,25,BEL,DF,10358.0,25.34,0.05800000000000001,1.436,0.0608225526163352,0.0,0.0608225526163352,0.0,0.19984553002510136,0.008688936088047886,0.608225526163352,0.5821587178992084,0.017377872176095772,0.45182467657849007,1.1034948831820814,0.7385595674840703,0.9210272253330758,0.2693570187294844
Arthur Vermeeren,RB Leipzig,Unknown,21-215,BEL,MF,2570.0,14.575,0.0,1.99,0.0,0.10505836575875487,0.0,0.0,0.35019455252918286,0.03501945525291829,1.575875486381323,0.10505836575875487,0.0,0.21011673151750973,1.4007782101167314,1.085603112840467,0.2801556420233463,0.07003891050583658
Arturo Calabresi,Pisa,ITA-Serie A,29,ITA,DF,1514.0,25.0,0.0,0.62,0.0,0.0,0.0,0.0,0.47556142668428003,0.0,1.961690885072655,1.4861294583883753,0.059445178335535004,1.0105680317040953,1.1294583883751652,0.7727873183619551,0.23778071334214002,0.059445178335535004
Ashley Young,Everton,ENG-Premier League,39,ENG,DF,6191.0,28.46666666666667,0.08,1.45,0.029074462930059764,0.04361169439508965,0.029074462930059764,0.0,0.3052818607656275,0.029074462930059764,1.2647391374575998,1.0757551284122113,0.029074462930059764,3.1255047649814247,1.0176062025520918,1.4391859150379585,0.494265869811016,0.11629785172023906
Asier Illarramendi,Real Sociedad,ESP-La Liga,32,ESP,MF,1076.0,25.0,0.08,2.04,0.08364312267657992,0.0,0.08364312267657992,0.0,0.41821561338289964,0.0,2.091078066914498,1.0873605947955391,0.0,0.5018587360594795,1.5055762081784385,1.3382899628252787,1.003717472118959,0.25092936802973975
Asier Villalibre,Racing Sant,ESP-La Liga,28-345,ESP,FW,1096.0,36.8,0.07,1.2875,0.24635036496350365,0.16423357664233576,0.16423357664233576,0.08211678832116788,0.16423357664233576,0.0,1.7244525547445255,1.8886861313868613,0.4105839416058394,0.3284671532846715,0.08211678832116788,0.24635036496350365,2.217153284671533,0.8211678832116788
Assan Ceesay,Lecce,ITA-Serie A,28,GAM,FW,1812.0,27.9,0.14,0.91,0.2980132450331126,0.0,0.24834437086092717,0.04966887417218543,0.09933774834437085,0.0,1.7880794701986755,1.3410596026490067,1.0927152317880795,0.7947019867549668,0.09933774834437085,0.8940397350993378,2.1357615894039736,0.5960264900662252
Assan Ouédraogo,RB Leipzig,Unknown,19,GER,MF,998.0,24.05,0.075,1.295,0.3607214428857715,0.27054108216432865,0.3607214428857715,0.0,0.0,0.0,0.45090180360721444,2.2545090180360723,0.09018036072144288,0.45090180360721444,0.27054108216432865,0.5410821643286573,2.5250501002004007,1.1723446893787575
Assane Diao,Como,ITA-Serie A,21-003,SEN,MF,3844.0,30.04,0.176,1.7079999999999997,0.3511966701352757,0.11706555671175858,0.3511966701352757,0.0,0.18730489073881376,0.0,1.2408949011446408,2.6925078043704476,0.2809573361082206,1.4516129032258065,0.3511966701352757,0.7960457856399583,2.2008324661810614,0.7023933402705514
Aster Vranckx,Wolfsburg,Unknown,21,BEL,MF,2647.0,16.66,0.0,1.0939999999999999,0.0,0.0,0.0,0.0,0.34000755572346053,0.0,2.142047601057801,1.938043067623725,0.03400075557234605,0.7140158670192671,0.8840196448809974,1.1900264450321119,0.3060068001511145,0.10200226671703816
Atakan Karazor,Stuttgart,Unknown,28,TUR,MF,9087.0,22.275,0.035,1.6325,0.019808517662594918,0.09904258831297458,0.019808517662594918,0.0,0.3367448002641136,0.019808517662594918,1.0696599537801255,1.8322878837900296,0.029712776493892375,0.14856388246946187,1.0498514361175306,1.3568834598877517,0.4555959062396831,0.10894684714427202
Aurèle Amenda,Frankfurt,Unknown,22,SUI,DF,2044.0,6.666666666666667,0.0,1.3066666666666666,0.0,0.0,0.0,0.0,0.3082191780821918,0.0,1.3209393346379648,0.6604696673189824,0.0,0.26418786692759294,1.4090019569471623,0.5724070450097847,0.5283757338551859,0.08806262230919765
Aurélien Tchouaméni,Real Madrid,ESP-La Liga,25,FRA,MF,9410.0,18.275,0.0325,2.2725,0.03825717321997875,0.04782146652497343,0.03825717321997875,0.0,0.21041445270988313,0.0,1.0712008501594048,1.032943676939426,0.0,0.5260361317747078,1.616365568544102,1.22422954303932,1.2337938363443146,0.21997874601487777
Aurélio Buta,Frankfurt,Unknown,28,POR,DF,5176.0,21.925,0.10250000000000001,1.3525,0.0695517774343122,0.0695517774343122,0.0695517774343122,0.0,0.24343122102009274,0.0,1.5475270479134466,1.2171561051004636,0.08693972179289026,2.4517001545595054,0.7650695517774343,1.304095826893354,0.5390262751159196,0.15649149922720249
Auston Trusty,Sheffield United,ENG-Premier League,24,USA,DF,2572.0,25.0,0.0,0.38,0.0,0.0,0.0,0.0,0.13996889580093314,0.0,0.8048211508553654,0.4199066874027994,0.10497667185069985,0.2099533437013997,1.1897356143079316,1.0147744945567652,0.27993779160186627,0.06998444790046657
Axel Disasi,Monaco,FRA-Ligue 1,24,FRA,DF,8123.0,28.25,0.12166666666666666,1.6383333333333334,0.06647790225286225,0.033238951126431125,0.06647790225286225,0.0,0.14403545488120154,0.0,0.6536993721531454,0.3877877631416964,0.07755755262833929,0.265911609011449,1.052566785670319,0.6536993721531454,0.5983011202757602,0.19943370675858674
Axel Tuanzebe,Burnley,ENG-Premier League,27,COD,DF,2911.0,25.0,0.25,0.675,0.03091721058055651,0.03091721058055651,0.03091721058055651,0.0,0.18550326348333904,0.03091721058055651,0.9275163174166954,0.43284094812779117,0.03091721058055651,0.3400893163861216,1.0511851597389212,0.8347646856750257,0.18550326348333904,0.03091721058055651
Axel Witsel,Nice,FRA-Ligue 1,37-241,BEL,MF,8563.0,13.580000000000002,0.06799999999999999,1.544,0.031531005488730585,0.031531005488730585,0.031531005488730585,0.0,0.10510335162910195,0.02102067032582039,0.8723578185215463,0.9038888240102768,0.02102067032582039,0.07357234614037136,0.9038888240102768,0.861847483358636,0.40990307135349763,0.08408268130328156
Ayden Heaven,Manchester Utd,ENG-Premier League,19-353,ENG,DF,1184.0,0.0,0.0,1.25,0.0,0.07601351351351351,0.0,0.0,0.22804054054054054,0.0,0.9121621621621622,1.1402027027027029,0.0,0.07601351351351351,0.3800675675675676,1.2162162162162162,0.5320945945945946,0.0
Ayman Kari,Lorient,FRA-Ligue 1,18,FRA,MF,989.0,21.45,0.07,1.5,0.0910010111223458,0.0910010111223458,0.0910010111223458,0.0,0.0910010111223458,0.0,1.0010111223458038,3.0030333670374114,0.0910010111223458,0.0910010111223458,0.5460060667340748,1.0920121334681496,1.0010111223458038,0.2730030333670374
Aymen Barkok,Mainz 05,Unknown,26,MAR,MF,978.0,25.5,0.02666666666666667,1.0166666666666666,0.09202453987730062,0.09202453987730062,0.09202453987730062,0.0,0.27607361963190186,0.0,3.128834355828221,0.736196319018405,0.0,2.852760736196319,0.5521472392638037,1.3803680981595092,2.1165644171779143,0.8282208588957056
Aymeric Laporte,Athletic Club,ESP-La Liga,32-106,ESP,DF,3366.0,35.825,0.0,2.0175,0.0,0.026737967914438505,0.0,0.0,0.10695187165775402,0.0,0.40106951871657753,0.5614973262032086,0.05347593582887701,0.26737967914438504,0.8556149732620322,0.6951871657754011,0.7486631016042781,0.18716577540106952
Ayoze Pérez,Villarreal,ESP-La Liga,33-043,ESP,FW,7361.0,39.06666666666667,0.11333333333333333,1.3266666666666667,0.4401575872843364,0.12226599646787122,0.4279309876375493,0.01222659964678712,0.18339899470180682,0.0,1.418285559027306,1.931802744192365,0.2812117918761038,0.8069555766879499,0.5868767830457818,1.0392609699769053,2.640945523706018,1.0637141692704797
Ayumu Seko,Le Havre,FRA-Ligue 1,26-095,JPN,DF,2895.0,17.65,0.0,0.6,0.0,0.0,0.0,0.0,0.21761658031088082,0.0,0.9637305699481866,0.6217616580310881,0.031088082901554404,0.18652849740932642,1.2435233160621761,0.8082901554404145,0.5906735751295337,0.18652849740932642
Ayyoub Bouaddi,Lille,FRA-Ligue 1,17,MAR,MF,3627.0,16.15,0.0,2.1275,0.0,0.04962779156327543,0.0,0.0,0.2977667493796526,0.04962779156327543,1.5632754342431763,0.8188585607940447,0.0,0.6203473945409429,1.0173697270471465,1.8362282878411913,0.47146401985111663,0.1488833746898263
Azor Matusiwa,Rennes,FRA-Ligue 1,26,NED,MF,6741.0,22.9,0.042499999999999996,1.465,0.0267022696929239,0.0534045393858478,0.0267022696929239,0.0,0.1602136181575434,0.0,1.268357810413885,1.0947930574098799,0.0,0.0801068090787717,1.6421895861148197,1.5754339118825098,0.520694259012016,0.12016021361815754
Azzedine Ounahi,Marseille,FRA-Ligue 1,23,MAR,MF,4219.0,38.775000000000006,0.14,1.2625000000000002,0.1706565536857075,0.04266413842142688,0.14932448447499408,0.02133206921071344,0.2133206921071344,0.0,0.9599431144821047,2.4318558900213323,0.06399620763214031,1.7278976060677886,0.8746148376392511,0.7466224223749703,1.9838824365963499,0.6612941455321166
Aïssa Laïdouni,Union Berlin,Unknown,26,TUN,MF,1942.0,35.9,0.165,1.275,0.09268795056642636,0.13903192584963955,0.09268795056642636,0.0,0.2780638516992791,0.0,1.4830072090628217,2.873326467559217,0.04634397528321318,1.5756951596292483,0.9732234809474768,0.9268795056642637,0.8805355303810504,0.32440782698249226
Aïssa Mandi,Lille,FRA-Ligue 1,33,ALG,DF,7091.0,42.38,0.064,1.6239999999999999,0.025384289945000707,0.0,0.025384289945000707,0.0,0.20307431956000566,0.0,0.5965308137075166,0.5457622338175152,0.07615286983500212,0.2792271893950078,1.1422930475250317,0.7742208433225215,0.3426879142575095,0.12692144972500352
Babis Lykogiannis,Bologna,ITA-Serie A,31,GRE,DF,3687.0,30.049999999999997,0.06,1.25,0.09764035801464606,0.14646053702196907,0.09764035801464606,0.0,0.26851098454027666,0.0,1.0740439381611067,0.46379170056956875,0.12205044751830757,6.76159479251424,1.0252237591537836,0.9519934906427989,1.1472742066720911,0.3417412530512612
Badredine Bouanani,Stuttgart,Unknown,20,ALG,MF,3122.0,29.28333333333333,0.028333333333333335,1.4133333333333333,0.11531069827033952,0.20179372197309417,0.08648302370275465,0.02882767456758488,0.08648302370275465,0.0,0.8071748878923767,1.7584881486226778,0.1441383728379244,3.6899423446508646,0.6630365150544523,0.5765534913516976,2.652146060217809,1.0377962844330557
Bafodé Diakité,Lille,FRA-Ligue 1,23,FRA,DF,8392.0,29.799999999999997,0.18,1.6825,0.12869399428026693,0.03217349857006673,0.12869399428026693,0.0,0.20376549094375596,0.010724499523355576,1.2118684461391802,0.4933269780743565,0.053622497616777884,0.2895614871306006,0.7507149666348903,0.986653956148713,0.55767397521449,0.21448999046711154
Bahereba Guirassy,Nantes,FRA-Ligue 1,18,FRA,"FW,MF",1169.0,51.900000000000006,0.21,0.8999999999999999,0.30795551753635586,0.07698887938408897,0.30795551753635586,0.0,0.15397775876817793,0.0,1.3088109495295124,0.8468776732249785,0.2309666381522669,2.3866552609067577,0.5389221556886228,1.693755346449957,1.693755346449957,0.8468776732249785
Bakery Jatta,Hamburger SV,Unknown,28-096,GAM,MF,992.0,18.2,0.045,0.665,0.0907258064516129,0.0907258064516129,0.0907258064516129,0.0,0.0907258064516129,0.0,1.3608870967741935,0.5443548387096774,0.1814516129032258,1.7237903225806452,0.8165322580645162,0.997983870967742,0.997983870967742,0.3629032258064516
Balthazar Pierret,Lecce,ITA-Serie A,25,FRA,MF,1750.0,0.0,0.0,0.72,0.0,0.0,0.0,0.0,0.10285714285714287,0.0,1.7485714285714284,1.1314285714285715,0.0,0.46285714285714286,1.1828571428571428,1.8,0.30857142857142855,0.0
Bamba Dieng,Lorient,FRA-Ligue 1,25,SEN,FW,3234.0,49.660000000000004,0.178,1.27,0.5844155844155845,0.05565862708719852,0.5009276437847866,0.08348794063079777,0.22263450834879409,0.0,1.6697588126159555,2.282003710575139,0.6957328385899815,0.5009276437847866,0.08348794063079777,0.5844155844155845,3.0612244897959187,1.5306122448979593
Bamo Meïté,Lorient,FRA-Ligue 1,23,CIV,DF,4716.0,7.633333333333333,0.055,1.32,0.019083969465648856,0.05725190839694657,0.019083969465648856,0.0,0.2480916030534351,0.019083969465648856,1.2404580152671756,0.9351145038167938,0.05725190839694657,0.3053435114503817,0.9541984732824427,0.7633587786259541,0.2480916030534351,0.03816793893129771
Baptiste Santamaria,Rennes,FRA-Ligue 1,29,FRA,MF,5902.0,30.26,0.05600000000000001,1.4940000000000002,0.045747204337512705,0.045747204337512705,0.045747204337512705,0.0,0.13724161301253812,0.0,1.2656726533378515,1.2504235852253474,0.060996272450016945,0.25923415791257204,1.3419179939003727,1.1741782446628262,1.1131819722128091,0.35072856658759743
Bartol Franjić,Darmstadt 98,Unknown,23,CRO,MF,1590.0,66.66666666666667,0.0,0.7666666666666666,0.0,0.11320754716981131,0.0,0.0,0.2830188679245283,0.0,1.1886792452830188,0.22641509433962262,0.0,0.3962264150943396,2.150943396226415,0.7358490566037735,0.45283018867924524,0.22641509433962262
Bartosz Bereszyński,Empoli,ITA-Serie A,31,POL,DF,3126.0,11.1,0.0,1.0466666666666666,0.0,0.05758157389635316,0.0,0.0,0.14395393474088292,0.0,1.1228406909788866,0.7773512476007678,0.0,1.3531669865642995,1.2667946257197698,1.324376199616123,0.1727447216890595,0.02879078694817658
Bashir Humphreys,Burnley,ENG-Premier League,22,ENG,"DF,MF",1578.0,33.3,0.0,0.5,0.0,0.0,0.0,0.0,0.34220532319391633,0.0,0.7984790874524715,0.5703422053231939,0.11406844106463877,0.9695817490494297,0.6273764258555133,0.9695817490494297,0.5133079847908746,0.17110266159695817
Batista Mendy,Angers,FRA-Ligue 1,22,FRA,"MF,DF",4476.0,21.35,0.03,0.83,0.020107238605898123,0.0,0.020107238605898123,0.0,0.28150134048257375,0.020107238605898123,2.071045576407507,1.3873994638069704,0.020107238605898123,0.28150134048257375,0.7037533512064342,1.146112600536193,0.6434316353887399,0.14075067024128687
Bazoumana Touré,Hoffenheim,Unknown,19,CIV,"MF,FW",2918.0,17.8,0.03333333333333333,1.8499999999999999,0.15421521590130227,0.3701165181631254,0.15421521590130227,0.0,0.09252912954078135,0.0,1.7580534612748457,0.9869773817683345,0.46264564770390676,4.410555174777245,0.27758738862234406,0.9869773817683345,2.0664838930774505,0.5551747772446881
Becir Omeragic,Montpellier,FRA-Ligue 1,22,SUI,DF,4111.0,38.099999999999994,0.0,0.9550000000000001,0.0,0.0,0.0,0.0,0.10946241790318657,0.0,0.6786669909997568,0.5692045730965701,0.0,0.21892483580637315,0.9413767939674045,1.0289467282899538,0.350279737290197,0.1313549014838239
Ben Brereton Díaz,Villarreal,ESP-La Liga,24,CHI,"MF,FW",1824.0,27.8,0.05666666666666667,0.45,0.29605263157894735,0.049342105263157895,0.24671052631578946,0.049342105263157895,0.29605263157894735,0.0,0.9868421052631579,1.529605263157895,0.6414473684210525,0.888157894736842,0.14802631578947367,0.39473684210526316,2.5164473684210527,1.0361842105263157
Ben Chilwell,Strasbourg,FRA-Ligue 1,28,ENG,"DF,MF",4038.0,55.660000000000004,0.266,1.7879999999999998,0.08915304606240712,0.11144130757800891,0.08915304606240712,0.0,0.28974739970282315,0.0,0.8915304606240713,1.337295690936107,0.28974739970282315,3.8781575037147102,1.0921248142644875,1.136701337295691,0.8692421991084696,0.3343239227340267
Ben Davies,Tottenham,ENG-Premier League,32,WAL,DF,4846.0,43.1,0.18,1.19,0.07428807263722659,0.037144036318613294,0.07428807263722659,0.0,0.2228642179116797,0.0,1.0586050350804788,0.7985967808501857,0.018572018159306647,0.9843169624432521,0.7800247626908791,0.7985967808501857,0.6128765992571193,0.18572018159306644
Ben Godfrey,Atalanta,ITA-Serie A,26,ENG,"DF,MF",2104.0,10.85,0.0,1.1725,0.0,0.04277566539923954,0.0,0.0,0.21387832699619772,0.0,0.8555133079847909,0.4705323193916349,0.12832699619771865,1.1977186311787071,1.1121673003802282,1.3688212927756653,0.8982889733840305,0.21387832699619772
Ben Johnson,Ipswich Town,ENG-Premier League,24,ENG,"MF,DF",2764.0,42.06666666666666,0.04666666666666667,1.04,0.03256150506512301,0.06512301013024602,0.03256150506512301,0.0,0.19536903039073808,0.03256150506512301,1.0419681620839363,0.5861070911722142,0.09768451519536904,2.735166425470333,0.8465991316931983,1.3350217076700435,0.48842257597684513,0.19536903039073808
Ben Mee,Brentford,ENG-Premier League,34,ENG,DF,4724.0,15.299999999999999,0.10333333333333333,1.42,0.09525825571549534,0.03810330228619813,0.09525825571549534,0.0,0.09525825571549534,0.019051651143099067,0.4953429297205758,0.34292972057578325,0.0571549534292972,0.2286198137171888,1.2383573243014396,0.7811176968670618,0.7049110922946655,0.17146486028789162
Ben Osborn,Sheffield United,ENG-Premier League,28,ENG,MF,1367.0,0.0,0.0,0.42,0.0,0.13167520117044623,0.0,0.0,0.19751280175566935,0.0,0.5267008046817849,0.592538405267008,0.06583760058522312,3.0943672275054865,0.5267008046817849,0.5267008046817849,0.26335040234089246,0.0
Ben White,Arsenal,ENG-Premier League,28-337,ENG,DF,8213.0,26.74,0.10200000000000001,2.166,0.06574942164860587,0.14245708023864606,0.06574942164860587,0.0,0.16437355412151466,0.0,0.6903689273103616,0.6136612687203215,0.1862900280043833,1.7204431998051868,0.8547424814318764,0.9643248508462194,0.41641300377450385,0.15341531718008036
Bence Dárdai,Wolfsburg,Unknown,19,HUN,MF,1339.0,4.55,0.045,2.26,0.06721433905899926,0.06721433905899926,0.06721433905899926,0.0,0.0,0.0,0.6721433905899925,1.0754294249439882,0.0,0.6721433905899925,0.8737864077669902,1.0082150858849888,0.7393577296489918,0.06721433905899926
Benedict Hollerbach,Mainz 05,Unknown,24,GER,"FW,MF",4694.0,29.3,0.10666666666666667,0.9666666666666668,0.2876011930123562,0.07669365146996165,0.2876011930123562,0.0,0.09586706433745205,0.0,1.7256071580741372,1.4763527907967617,0.49850873455475075,2.6267575628461866,0.17256071580741372,0.7669365146996164,2.550063911376225,0.7669365146996164
Benedikt Gimber,Heidenheim,Unknown,28,GER,DF,6128.0,16.466666666666665,0.02,0.9833333333333334,0.01468668407310705,0.01468668407310705,0.01468668407310705,0.0,0.3524804177545692,0.0,1.9092689295039162,1.5714751958224544,0.01468668407310705,0.16155352480417756,0.910574412532637,1.3364882506527416,0.5140339425587467,0.07343342036553524
Benjamin André,Lille,FRA-Ligue 1,36-038,FRA,MF,10660.0,20.6,0.05600000000000001,1.846,0.05909943714821764,0.05065666041275797,0.05909943714821764,0.0,0.3545966228893059,0.0,1.6801125703564728,1.5281425891181988,0.07598499061913697,0.599437148217636,1.325515947467167,1.950281425891182,0.7598499061913696,0.19418386491557224
Benjamin Bouchouari,Saint-Étienne,FRA-Ligue 1,22,MAR,MF,1772.0,18.8,0.06,0.8,0.05079006772009029,0.0,0.05079006772009029,0.0,0.3047404063205418,0.0,0.7618510158013545,2.1331828442437923,0.0,0.4571106094808126,0.8126410835214446,1.4221218961625284,0.8126410835214446,0.1523702031602709
Benjamin Bourigeaud,Rennes,FRA-Ligue 1,30,FRA,MF,5570.0,37.36666666666667,0.26,2.0233333333333334,0.2746858168761221,0.25852782764811494,0.12926391382405747,0.14542190305206462,0.11310592459605028,0.016157989228007184,0.8240574506283663,0.4201077199281867,0.06463195691202873,6.47935368043088,0.8402154398563734,0.7271095152603231,2.035906642728905,0.63016157989228
Benjamin Henrichs,RB Leipzig,Unknown,29-199,GER,"DF,MF",5972.0,19.580000000000002,0.06799999999999999,2.1100000000000003,0.060281312793034156,0.13563295378432685,0.060281312793034156,0.0,0.24112525117213662,0.0,1.1905559276624247,1.1001339584728735,0.0753516409912927,2.004353650368386,1.2809778968519758,1.6275954454119224,1.2206965840589417,0.24112525117213662
Benjamin Pavard,Bayern Munich,Unknown,26,FRA,DF,7795.0,34.73333333333333,0.034999999999999996,2.4516666666666667,0.05772931366260423,0.06927517639512508,0.05772931366260423,0.0,0.25400898011545864,0.0,1.0737652341244388,0.6350224502886466,0.150096215522771,1.1430404105195637,1.3393200769724183,1.0737652341244388,0.8082103912764593,0.25400898011545864
Benjamin Stambouli,Metz,FRA-Ligue 1,34,FRA,MF,1246.0,8.35,0.0,0.72,0.0,0.07223113964686999,0.0,0.0,0.28892455858747995,0.0,1.5168539325842696,0.6500802568218299,0.0,0.7223113964686998,0.7945425361155698,1.6613162118780098,0.5778491171749599,0.07223113964686999
Benjamin Šeško,RB Leipzig,Unknown,21,SVN,"FW,MF",5605.0,46.95,0.25,1.6625,0.6262265834076717,0.12845673505798394,0.5941123996431757,0.032114183764495985,0.06422836752899197,0.016057091882247992,0.9313113291703836,0.5780553077609277,0.5941123996431757,0.2247992863514719,0.16057091882247992,0.17662801070472794,2.8742194469223907,1.4611953612845672
Benjamín Domínguez,Sassuolo,ITA-Serie A,22-356,ARG,MF,1876.0,24.46666666666667,0.03333333333333333,1.6033333333333335,0.1439232409381663,0.23987206823027718,0.1439232409381663,0.0,0.04797441364605544,0.0,0.8155650319829424,2.4466950959488276,0.33582089552238803,0.9594882729211087,0.2878464818763326,0.47974413646055436,2.0628997867803838,0.9115138592750534
Benno Schmitz,Köln,Unknown,28,GER,DF,3575.0,41.25,0.05,0.945,0.025174825174825173,0.025174825174825173,0.025174825174825173,0.0,0.27692307692307694,0.0,1.0321678321678323,0.7048951048951049,0.0,3.3482517482517484,0.7804195804195805,1.3846153846153846,0.45314685314685316,0.17622377622377622
Benoît Badiashile,Napoli,ITA-Serie A,25-168,FRA,DF,3898.0,18.333333333333332,0.09500000000000001,1.3666666666666665,0.06926629040533606,0.023088763468445354,0.06926629040533606,0.0,0.23088763468445356,0.0,1.108260646485377,0.4617752693689071,0.023088763468445354,0.11544381734222678,1.4776808619805026,1.0159055926115956,0.39250897896357106,0.13853258081067213
Berat Djimsiti,Atalanta,ITA-Serie A,32,ALB,DF,9794.0,8.125,0.0125,1.65,0.009189299571166019,0.036757198284664075,0.009189299571166019,0.0,0.16540739228098836,0.0,0.6616295691239534,0.44108637941596895,0.0,0.1745966918521544,1.6632632223810497,0.9924443536859302,0.4870328772717991,0.05513579742699612
Bernardo,Hoffenheim,Unknown,31-119,BRA,DF,7070.0,13.15,0.0075,0.9650000000000001,0.012729844413012729,0.0,0.012729844413012729,0.0,0.2927864214992928,0.0,1.5148514851485149,0.6364922206506365,0.03818953323903819,0.7892503536067893,1.463932107496464,1.654879773691655,0.5983026874115983,0.1272984441301273
Bernardo Espinosa,Girona,ESP-La Liga,34,COL,DF,1227.0,22.75,0.045,1.525,0.07334963325183373,0.07334963325183373,0.07334963325183373,0.0,0.3667481662591687,0.0,0.8801955990220048,0.8068459657701711,0.0,0.0,1.0268948655256724,0.2933985330073349,0.8068459657701711,0.3667481662591687
Bernardo Silva,Real Madrid,ESP-La Liga,32-031,POR,MF,10530.0,28.98,0.10800000000000001,2.166,0.13675213675213674,0.18803418803418806,0.13675213675213674,0.0,0.25641025641025644,0.0,1.0341880341880343,0.8119658119658119,0.1111111111111111,2.5213675213675213,0.6324786324786325,0.982905982905983,1.0341880341880343,0.3760683760683761
Bertrand Traoré,Villarreal,ESP-La Liga,27,BFA,MF,1444.0,29.575,0.0875,2.125,0.24930747922437674,0.0,0.24930747922437674,0.0,0.37396121883656513,0.0,1.2465373961218835,2.5554016620498614,0.37396121883656513,1.6828254847645427,0.3116343490304709,0.685595567867036,2.5554016620498614,0.997229916897507
Bertuğ Yıldırım,Rennes,FRA-Ligue 1,23,TUR,FW,1555.0,25.599999999999998,0.016666666666666666,1.1266666666666667,0.057877813504823156,0.057877813504823156,0.057877813504823156,0.0,0.5787781350482315,0.0,2.951768488745981,1.852090032154341,1.0418006430868167,0.46302250803858525,0.057877813504823156,0.5787781350482315,1.6784565916398715,0.6366559485530547
Beto,Fiorentina,ITA-Serie A,28-222,GNB,FW,6304.0,21.814285714285713,0.08571428571428572,0.9799999999999999,0.42829949238578685,0.028553299492385786,0.4140228426395939,0.014276649746192893,0.12848984771573604,0.0,1.7560279187817258,1.1421319796954315,0.671002538071066,0.2998096446700508,0.17131979695431473,0.37119289340101524,2.841053299492386,1.070748730964467
Beñat Prados,Athletic Club,ESP-La Liga,24,ESP,MF,3249.0,29.46666666666667,0.02,2.15,0.027700831024930747,0.0,0.027700831024930747,0.0,0.24930747922437674,0.0,2.0498614958448753,1.080332409972299,0.0,0.5263157894736842,1.4681440443213296,1.8559556786703602,0.6648199445983379,0.24930747922437674
Beñat Turrientes,Real Sociedad,ESP-La Liga,24-222,ESP,MF,4340.0,35.42,0.0,1.348,0.0,0.08294930875576037,0.0,0.0,0.3317972350230415,0.0,1.6382488479262671,1.7419354838709677,0.0,1.099078341013825,0.45622119815668205,1.119815668202765,1.119815668202765,0.43548387096774194
Bilal Boutobba,Clermont Foot,FRA-Ligue 1,24,FRA,"MF,FW",926.0,36.0,0.04,0.74,0.09719222462203024,0.09719222462203024,0.09719222462203024,0.0,0.09719222462203024,0.0,0.6803455723542117,2.526997840172786,0.19438444924406048,5.539956803455723,0.7775377969762419,1.263498920086393,2.4298056155507557,0.8747300215982722
Bilal Brahimi,Le Mans,FRA-Ligue 1,26-180,ALG,"FW,MF",1149.0,30.0,0.024999999999999998,0.895,0.2349869451697128,0.1566579634464752,0.2349869451697128,0.0,0.0783289817232376,0.0783289817232376,0.7049608355091384,1.0182767624020888,0.6266318537859008,9.321148825065274,0.39164490861618795,0.39164490861618795,1.9582245430809397,0.7049608355091384
Bilal El Khannouss,Stuttgart,Unknown,22-123,MAR,MF,3906.0,36.333333333333336,0.22333333333333336,1.3233333333333333,0.16129032258064516,0.18433179723502305,0.16129032258064516,0.0,0.2304147465437788,0.0,1.1290322580645162,0.5299539170506913,0.06912442396313365,3.6635944700460827,0.3456221198156682,1.2442396313364057,1.7050691244239633,0.5299539170506913
Bilal Nadir,Hamburger SV,Unknown,22-286,MAR,MF,1148.0,12.95,0.0325,1.2825,0.078397212543554,0.313588850174216,0.078397212543554,0.0,0.705574912891986,0.078397212543554,2.508710801393728,1.5679442508710801,0.078397212543554,1.254355400696864,0.9407665505226481,1.17595818815331,1.254355400696864,0.313588850174216
Billy Gilmour,Napoli,ITA-Serie A,25-091,SCO,MF,4719.0,12.966666666666667,0.016666666666666666,1.7633333333333334,0.019071837253655438,0.05721551176096631,0.019071837253655438,0.0,0.19071837253655435,0.019071837253655438,1.0298792116973934,1.1252383979656706,0.0,1.1443102352193262,0.6675143038779402,0.87730451366815,0.9726636999364273,0.19071837253655435
Birama Touré,Montpellier,FRA-Ligue 1,32,MLI,"MF,DF",3700.0,32.65,0.04,1.025,0.04864864864864865,0.0,0.04864864864864865,0.0,0.12162162162162163,0.0,1.2405405405405405,0.6567567567567567,0.0,0.3162162162162162,1.727027027027027,1.2891891891891891,0.6810810810810811,0.2189189189189189
Birger Meling,Rennes,FRA-Ligue 1,28,NOR,DF,1225.0,50.0,0.0,2.445,0.0,0.07346938775510205,0.0,0.0,0.2204081632653061,0.07346938775510205,1.469387755102041,1.1755102040816328,0.07346938775510205,1.3959183673469389,1.616326530612245,1.3959183673469389,0.07346938775510205,0.07346938775510205
Bobby De Cordova-Reid,Leicester City,ENG-Premier League,31,JAM,"MF,FW",4642.0,33.13333333333333,0.15,1.11,0.2132701421800948,0.0969409737182249,0.2132701421800948,0.0,0.2714347264110297,0.0,1.1245152951314088,1.066350710900474,0.36837570012925464,1.996984058595433,0.46531667384747954,0.7949159844894442,1.3765618267987938,0.4071520896165446
Bojan Miovski,Girona,ESP-La Liga,26,MKD,FW,913.0,14.3,0.07,0.56,0.19715224534501644,0.09857612267250822,0.19715224534501644,0.0,0.0,0.0,1.2814895947426068,1.0843373493975905,0.7886089813800657,0.2957283680175246,0.19715224534501644,0.4928806133625411,1.380065717415115,0.39430449069003287
Bonke Innocent,Lorient,FRA-Ligue 1,27,NGA,MF,1392.0,25.0,0.0,0.925,0.0,0.06465517241379311,0.0,0.0,0.3879310344827586,0.0,2.7801724137931036,0.9051724137931034,0.0,0.0,1.875,1.6163793103448274,0.3879310344827586,0.06465517241379311
Borja Iglesias,Leverkusen,Unknown,30,ESP,FW,6903.0,33.46666666666667,0.13166666666666668,1.6516666666666666,0.5215123859191656,0.11734028683181225,0.4041720990873533,0.11734028683181225,0.1694915254237288,0.013037809647979138,1.6297262059973925,1.6036505867014341,0.847457627118644,0.1694915254237288,0.14341590612777053,0.22164276401564537,2.255541069100391,1.1082138200782268
Borja Mayoral,Getafe,ESP-La Liga,29-158,ESP,FW,7090.0,38.06,0.2,1.198,0.40620592383638926,0.06346967559943582,0.3427362482369535,0.06346967559943582,0.076163610719323,0.0,0.7870239774330041,1.1678420310296191,0.609308885754584,0.9520451339915373,0.152327221438646,0.2157968970380818,1.688293370944993,0.8124118476727785
Borna Sosa,Stuttgart,Unknown,25,CRO,"DF,MF",3283.0,16.25,0.0325,1.125,0.054827901309777646,0.19189765458422176,0.054827901309777646,0.0,0.16448370392933293,0.0,0.767590618336887,0.5208650624428875,0.027413950654888823,8.882120012183977,0.8498324703015534,0.9869022235759977,0.5756929637526652,0.19189765458422176
Botond Balogh,Parma,ITA-Serie A,22,HUN,DF,2053.0,0.0,0.0,1.0,0.0,0.043838285435947394,0.0,0.0,0.21919142717973697,0.0,0.7452508524111057,0.30686799805163173,0.0,0.043838285435947394,1.0959571358986848,0.7452508524111057,0.13151485630784218,0.0
Boubacar Kamara,Aston Villa,ENG-Premier League,26-291,FRA,MF,6836.0,26.419999999999998,0.048,1.6059999999999999,0.02633118782913985,0.06582796957284962,0.02633118782913985,0.0,0.23698069046225864,0.013165593914569925,1.5798712697483908,1.6983616149795202,0.0,0.1053247513165594,0.9479227618490346,1.3033937975424226,0.342305441778818,0.11849034523112932
Boubacar Traoré,Metz,FRA-Ligue 1,23,MLI,MF,2618.0,6.225,0.0125,1.25,0.03437738731856379,0.03437738731856379,0.03437738731856379,0.0,0.3437738731856379,0.0,2.2345301757066465,0.37815126050420167,0.03437738731856379,0.2750190985485103,0.9281894576012224,1.8563789152024448,1.134453781512605,0.13750954927425516
Boubakar Kouyaté,Montpellier,FRA-Ligue 1,27,MLI,DF,3940.0,17.266666666666666,0.0,1.2166666666666668,0.0,0.045685279187817264,0.0,0.0,0.3654822335025381,0.045685279187817264,1.6446700507614214,1.0050761421319796,0.11421319796954314,0.045685279187817264,1.598984771573604,1.5761421319796955,0.7309644670050762,0.13705583756345177
Boubakary Soumaré,Sevilla,ESP-La Liga,24,FRA,MF,6086.0,0.0,0.0,1.0033333333333334,0.0,0.014788038120276044,0.0,0.0,0.39927702924745323,0.0,1.3013473545842917,1.0943148209004272,0.014788038120276044,0.22182057180414064,1.2274071639829116,1.2421952021031877,0.13309234308248438,0.0
Boulaye Dia,Lazio,ITA-Serie A,29-298,SEN,FW,7250.0,31.649999999999995,0.13,1.7750000000000001,0.3724137931034483,0.1489655172413793,0.34758620689655173,0.024827586206896554,0.11172413793103449,0.0,1.0303448275862068,1.3034482758620691,0.2979310344827586,0.11172413793103449,0.26068965517241377,0.2979310344827586,1.5889655172413795,0.7324137931034482
Bouna Sarr,Bayern Munich,Unknown,31,SEN,DF,1004.0,40.0,0.0,2.11,0.0,0.0,0.0,0.0,0.08964143426294821,0.0,0.9860557768924303,1.8824701195219122,0.17928286852589642,2.8685258964143427,0.9860557768924303,1.1653386454183268,1.4342629482071714,0.35856573705179284
Bradley Barcola,PSG,FRA-Ligue 1,22,FRA,FW,7031.0,30.3,0.11333333333333334,1.5883333333333336,0.43521547432797614,0.3328118333096288,0.43521547432797614,0.0,0.14080500640022756,0.012800455127293416,1.2928459678566349,0.678424121746551,0.3328118333096288,1.1648414165837009,0.7936282178921917,0.8576304935286588,2.560091025458683,1.1904423268382875
Bradley Locko,Brest,FRA-Ligue 1,24-127,FRA,DF,5941.0,11.116666666666667,0.0,1.3383333333333332,0.0,0.07574482410368624,0.0,0.0,0.15148964820737248,0.01514896482073725,0.7725972058575997,1.1664702911967681,0.07574482410368624,2.3935364416764857,1.1058744319138192,1.6663861302810976,0.30297929641474497,0.04544689446221174
Brahim Díaz,Milan,ITA-Serie A,22,MAR,MF,6189.0,40.14,0.11800000000000002,2.3600000000000003,0.2762966553562773,0.3053805138148328,0.2762966553562773,0.0,0.07270964614638875,0.0,1.221522055259331,2.384876393601551,0.17450315075133302,1.177896267571498,0.2762966553562773,0.9015996122152206,1.7014057198254968,0.8434318952981096
Brais Méndez,Real Sociedad,ESP-La Liga,28,ESP,"MF,FW",8011.0,34.75,0.1225,1.48,0.24716015478716763,0.15728373486456124,0.23592560229684184,0.011234552490325801,0.23592560229684184,0.011234552490325801,2.2581450505554863,2.1345649731619023,0.23592560229684184,3.8197478467107726,0.4606166521033579,1.0448133816002996,2.1345649731619023,0.7190113593808513
Brajan Gruda,RB Leipzig,Unknown,22-102,GER,FW,3876.0,44.75,0.07,1.4433333333333334,0.2089783281733746,0.25541795665634676,0.2089783281733746,0.0,0.18575851393188852,0.0,1.3235294117647058,2.0201238390092877,0.3018575851393189,2.856037151702786,0.2089783281733746,0.8126934984520123,1.8808049535603715,0.8126934984520123
Bram Nuytinck,Udinese,ITA-Serie A,32,NED,DF,1883.0,0.0,0.0,1.065,0.0,0.04779607010090281,0.0,0.0,0.23898035050451408,0.0,1.290493892724376,0.47796070100902815,0.0,0.0,1.1471056824216674,1.9596388741370157,0.23898035050451408,0.0
Branco van den Boomen,Angers,FRA-Ligue 1,31-051,NED,MF,4396.0,39.96666666666667,0.14333333333333334,1.0333333333333334,0.12283894449499545,0.20473157415832574,0.04094631483166515,0.0818926296633303,0.20473157415832574,0.0,1.1464968152866242,0.5937215650591446,0.04094631483166515,7.984531392174705,0.3685168334849864,1.1874431301182893,1.392174704276615,0.6346678798908099
Brandon Soppy,Torino,ITA-Serie A,21,FRA,MF,911.0,26.2,0.0,1.0433333333333332,0.0,0.29637760702524696,0.0,0.0,0.29637760702524696,0.0,2.3710208562019757,2.7661909989023052,0.19758507135016465,2.2722283205268936,0.3951701427003293,0.7903402854006586,0.9879253567508234,0.29637760702524696
Brecht Dejaegere,Toulouse,FRA-Ligue 1,31,BEL,MF,1809.0,34.8,0.17,1.17,0.1990049751243781,0.04975124378109452,0.1990049751243781,0.0,0.24875621890547264,0.0,1.9900497512437811,1.8407960199004976,0.09950248756218905,0.9950248756218906,0.5970149253731344,1.144278606965174,1.144278606965174,0.3980099502487562
Breel Embolo,Rennes,FRA-Ligue 1,28,SUI,FW,5754.0,45.775,0.195,1.895,0.4223149113660063,0.14077163712200208,0.4223149113660063,0.0,0.17205422314911367,0.0,2.002085505735141,2.565172054223149,0.6412930135557873,0.2659019812304484,0.21897810218978103,0.7194994786235662,2.1584984358706985,0.954118873826903
Brendan Chardonnet,Brest,FRA-Ligue 1,30,FRA,DF,10423.0,22.925,0.05,1.475,0.02590425021586875,0.034539000287825,0.02590425021586875,0.0,0.18996450158303751,0.0,1.1829607598580063,0.7771275064760625,0.0,0.23313825194281876,1.4765422623045188,1.0275352585627937,0.5267197543893313,0.11225175093543126
Brenden Aaronson,Union Berlin,Unknown,22,USA,"MF,FW",6243.0,48.75,0.055,1.1975,0.10091302258529553,0.14416146083613646,0.10091302258529553,0.0,0.11532916866890917,0.014416146083613647,0.735223450264296,1.960595867371456,0.23065833733781835,1.888515136953388,0.3315713599231139,0.9370494954348871,1.5569437770302739,0.490148966842864
Brennan Johnson,Everton,ENG-Premier League,25-110,WAL,MF,9256.0,25.571428571428573,0.11142857142857143,1.2342857142857144,0.25280898876404495,0.16529818496110632,0.24308556611927398,0.00972342264477096,0.20419187554019017,0.0,1.0306828003457218,0.9626188418323249,0.5834053586862575,2.4503025064822817,0.22363872082973205,0.700086430423509,1.8085566119273986,0.70980985306828
Brian Brobbey,Sunderland,ENG-Premier League,24-221,NED,FW,2147.0,33.35,0.095,1.31,0.2934326967862133,0.04191895668374476,0.2934326967862133,0.0,0.2515137401024686,0.0,1.5510013972985561,1.6348393106660455,0.5030274802049371,0.08383791336748952,0.0,0.08383791336748952,1.76059618071728,0.7964601769911505
Brian Ocampo,Cádiz,ESP-La Liga,24,URU,MF,1367.0,27.7,0.14,0.9299999999999999,0.13167520117044623,0.06583760058522312,0.13167520117044623,0.0,0.26335040234089246,0.0,2.6993416239941475,2.370153621068032,0.06583760058522312,3.489392831016825,0.3950256035113387,1.2509144111192392,1.185076810534016,0.26335040234089246
Brian Oliván,Espanyol,ESP-La Liga,30,ESP,DF,3420.0,21.7,0.035,1.05,0.026315789473684213,0.2105263157894737,0.026315789473684213,0.0,0.23684210526315788,0.0,1.1842105263157894,0.5526315789473685,0.15789473684210525,5.2368421052631575,0.868421052631579,0.9736842105263158,0.5526315789473685,0.13157894736842105
Brooke Norton-Cuffy,Genoa,ITA-Serie A,22-241,ENG,MF,3138.0,20.0,0.0325,0.7225,0.05736137667304015,0.028680688336520075,0.05736137667304015,0.0,0.14340344168260039,0.028680688336520075,0.8604206500956023,0.5736137667304015,0.0,2.925430210325048,0.4015296367112811,1.089866156787763,0.6022944550669217,0.2294455066921606
Brugui,Levante,ESP-La Liga,29-310,ESP,MF,1268.0,28.55,0.145,1.31,0.21293375394321767,0.07097791798107256,0.21293375394321767,0.0,0.07097791798107256,0.07097791798107256,0.9227129337539433,0.7807570977917981,0.42586750788643535,0.9227129337539433,0.28391167192429023,0.42586750788643535,2.555205047318612,0.7807570977917981
Bruno Amione,Hellas Verona,ITA-Serie A,21,ARG,DF,2723.0,25.566666666666666,0.02666666666666667,0.54,0.03305178112376056,0.03305178112376056,0.03305178112376056,0.0,0.4296731546088872,0.03305178112376056,1.2229159015791407,0.7601909658464928,0.0,0.19831068674256336,1.0907087770840984,1.3881748071979434,0.5618802791039295,0.1652589056188028
Bruno Fernandes,Manchester Utd,ENG-Premier League,32-002,POR,MF,12785.0,33.260000000000005,0.11800000000000002,1.6219999999999999,0.2675009777082518,0.3378959718420024,0.1689479859210012,0.09855299178725067,0.17598748533437622,0.014078998826750098,0.9855299178725069,0.999608916699257,0.23934298005475166,5.286664059444662,0.6898709425107548,1.1755964020336331,2.6961282753226437,0.9362534219788815
Bruno Guimarães,Arsenal,ENG-Premier League,28-298,BRA,MF,11733.0,30.0,0.122,1.98,0.1917668115571465,0.18409613909486067,0.17642546663257477,0.015341344924571721,0.22244950140628994,0.0,1.5724878547686012,2.8688315008949115,0.04602403477371517,1.273331628739453,0.8514446433137304,1.4037330605983125,1.2503196113525952,0.47558169266172334
Bruno Méndez,Granada,ESP-La Liga,23,URU,DF,1333.0,62.5,0.25,0.65,0.1350337584396099,0.0,0.1350337584396099,0.0,0.2700675168792198,0.0,0.9452363090772693,0.0,0.0,0.5401350337584396,1.6879219804951238,1.282820705176294,0.5401350337584396,0.33758439609902474
Bryan Cristante,Roma,ITA-Serie A,31-191,ITA,MF,11636.0,20.080000000000002,0.054000000000000006,1.982,0.07734616706772086,0.061876933654176694,0.07734616706772086,0.0,0.2320385012031626,0.007734616706772087,1.786696459264352,0.4254039188724648,0.0541423169474046,0.5723616363011343,0.6961155036094878,1.3999656239257476,1.2452732897903058,0.2320385012031626
Bryan Gil,Girona,ESP-La Liga,24,ESP,"MF,FW",4574.0,34.260000000000005,0.041999999999999996,1.3039999999999998,0.09838216003498032,0.17708788806296458,0.09838216003498032,0.0,0.29514648010494093,0.0,1.259291648447748,2.0266724967205945,0.29514648010494093,3.404022737210319,0.629645824223874,0.9641451683428072,1.6134674245736775,0.5509400961958898
Bryan Mbeumo,Manchester Utd,ENG-Premier League,27-034,CMR,MF,11159.0,42.519999999999996,0.174,1.52,0.41132717985482564,0.19356573169638855,0.33874003046868,0.07258714938614572,0.12097858231024286,0.0,0.7984586432476027,1.1210681960749171,0.23389192579980284,4.597186127789229,0.3145443140066314,0.5565014786271172,2.363114974460077,1.0484810466887715
Bryan Okoh,Auxerre,FRA-Ligue 1,22,SUI,DF,1005.0,37.5,0.38,1.38,0.26865671641791045,0.0,0.26865671641791045,0.0,0.1791044776119403,0.0,1.164179104477612,0.7164179104477612,0.0,0.0,2.328358208955224,0.8059701492537313,0.7164179104477612,0.26865671641791045
Bryan Zaragoza,Bayern Munich,Unknown,21,ESP,MF,4939.0,48.650000000000006,0.04,1.2933333333333332,0.14577849767159343,0.1822231220894918,0.10933387325369508,0.03644462441789836,0.21866774650739015,0.0,0.820004049402713,1.7311196598501721,0.5648916784774246,5.266248228386313,0.20044543429844097,0.510224741850577,1.9862320307754606,0.8928932982385099
Budu Zivzivadze,Heidenheim,Unknown,31,GEO,FW,2100.0,47.75,0.15,0.885,0.34285714285714286,0.12857142857142856,0.34285714285714286,0.0,0.08571428571428572,0.04285714285714286,1.0285714285714285,1.2000000000000002,0.6000000000000001,0.4714285714285714,0.12857142857142856,0.9,2.142857142857143,1.0285714285714285
Bukayo Saka,Arsenal,ENG-Premier League,25-005,ENG,MF,10297.0,39.7,0.144,2.362,0.3933184422647373,0.30591434398368456,0.30591434398368456,0.08740409828105274,0.1311061474215791,0.0,1.1624745071380014,2.0714771292609497,0.3583568029523162,5.2879479460036904,0.4282800815771584,0.9439642614353696,2.9979605710401085,1.083810818685054
Caio Henrique,Monaco,FRA-Ligue 1,28,BRA,"DF,MF",6984.0,25.425,0.025,1.79,0.012886597938144331,0.28350515463917525,0.012886597938144331,0.0,0.10309278350515465,0.0,0.5927835051546392,0.8247422680412372,0.0902061855670103,5.438144329896907,0.8762886597938144,1.3015463917525774,0.28350515463917525,0.10309278350515465
Caleb Ekuban,Genoa,ITA-Serie A,31,GHA,"FW,MF",2680.0,37.4,0.11666666666666665,1.22,0.30223880597014924,0.16791044776119401,0.30223880597014924,0.0,0.033582089552238806,0.0,1.6119402985074627,2.1828358208955225,0.4701492537313433,0.40298507462686567,0.23507462686567165,0.26865671641791045,2.485074626865672,0.9402985074626866
Caleb Okoli,Frosinone,ITA-Serie A,22,ITA,DF,4999.0,36.46666666666667,0.08333333333333333,1.0666666666666667,0.01800360072014403,0.01800360072014403,0.01800360072014403,0.0,0.28805761152230447,0.0,1.0442088417683537,0.7741548309661932,0.0,0.07201440288057612,1.3862772554510903,1.1702340468093617,0.4320864172834567,0.14402880576115223
Callum Hudson-Odoi,Leverkusen,Unknown,21,ENG,"MF,FW",6495.0,31.360000000000003,0.09,1.22,0.22170900692840648,0.11085450346420324,0.22170900692840648,0.0,0.02771362586605081,0.0,0.5681293302540416,1.2055427251732103,0.2909930715935335,3.5473441108545036,0.4018475750577367,0.4711316397228637,1.5103926096997693,0.6651270207852193
Callum Wilson,Brentford,ENG-Premier League,34-195,ENG,FW,4505.0,33.339999999999996,0.13799999999999998,1.5899999999999999,0.6792452830188679,0.13984461709211987,0.5793562708102109,0.09988901220865705,0.1798002219755827,0.0,1.0588235294117647,1.2386237513873475,0.6193118756936737,0.3196448390677026,0.11986681465038845,0.1997780244173141,3.076581576026637,1.4583795782463929
Calvin Bassey,Fulham,ENG-Premier League,26-253,NGA,DF,8181.0,19.225,0.08750000000000001,1.0225,0.033003300330033,0.0,0.033003300330033,0.0,0.20902090209020904,0.011001100110011002,0.781078107810781,0.957095709570957,0.05500550055005501,0.28602860286028603,0.77007700770077,1.045104510451045,0.35203520352035206,0.077007700770077
Cameron Archer,Auxerre,FRA-Ligue 1,25-051,ENG,FW,3404.0,22.82,0.134,0.982,0.18507638072855465,0.026439482961222092,0.18507638072855465,0.0,0.052878965922444184,0.0,0.8989424206815511,0.9253819036427732,0.581668625146886,0.26439482961222094,0.07931844888366628,0.5552291421856639,1.9300822561692128,0.6081081081081081
Cameron Burgess,Ipswich Town,ENG-Premier League,28,AUS,DF,1541.0,30.0,0.0,0.72,0.0,0.11680726800778714,0.0,0.0,0.0,0.0,0.3504218040233615,0.23361453601557428,0.05840363400389357,0.0,0.5840363400389358,0.7592472420506164,0.5840363400389358,0.17521090201168074
Cameron Puertas,Werder Bremen,Unknown,26,SUI,MF,1846.0,21.6,0.03,1.04,0.04875406283856988,0.09750812567713976,0.04875406283856988,0.0,0.2925243770314193,0.0,1.8039003250270855,1.0725893824485373,0.09750812567713976,3.754062838569881,0.9263271939328277,1.8039003250270855,1.8039003250270855,0.39003250270855905
Can Uzun,Frankfurt,Unknown,20-303,TUR,MF,1977.0,37.333333333333336,0.11666666666666665,1.03,0.5462822458270107,0.2276176024279211,0.5007587253414264,0.045523520485584223,0.1820940819423369,0.0,1.047040971168437,2.04855842185129,0.0,2.4127465857359636,0.1820940819423369,0.5462822458270107,3.2776934749620636,1.4112291350531108
Carl Starfelt,Celta Vigo,ESP-La Liga,31-101,SWE,DF,6196.0,27.925,0.1325,1.0225,0.04357650096836669,0.0,0.04357650096836669,0.0,0.18883150419625566,0.014525500322788895,0.8279535183989671,0.45029051000645576,0.0,0.014525500322788895,1.2346675274370562,1.0167850225952226,0.36313750806972245,0.11620400258231116
Carlens Arcus,Angers,FRA-Ligue 1,30-074,HAI,DF,4261.0,20.366666666666667,0.16666666666666666,1.05,0.021121802393804272,0.08448720957521709,0.021121802393804272,0.0,0.21121802393804273,0.0,1.478526167566299,0.781506688570758,0.021121802393804272,2.1333020417742317,1.2039427364468434,1.4362825627786904,0.2957052335132598,0.042243604787608545
Carles Aleñá,Alavés,ESP-La Liga,28-248,ESP,MF,6752.0,29.25,0.02,1.2633333333333334,0.03998815165876777,0.13329383886255924,0.03998815165876777,0.0,0.33323459715639814,0.013329383886255925,1.8661137440758293,1.8527843601895735,0.11996445497630333,3.159063981042654,0.2932464454976303,0.8397511848341231,1.3329383886255926,0.346563981042654
Carles Pérez,Getafe,ESP-La Liga,26,ESP,MF,4347.0,29.733333333333334,0.06333333333333334,1.1366666666666665,0.14492753623188406,0.12422360248447205,0.14492753623188406,0.0,0.2070393374741201,0.0,1.9461697722567288,1.2422360248447204,0.2277432712215321,2.008281573498965,0.3726708074534162,1.0559006211180124,2.298136645962733,0.7246376811594202
Carlo Boukhalfa,St Pauli,Unknown,25,MAR,MF,1646.0,19.0,0.1,1.08,0.10935601458080194,0.0,0.10935601458080194,0.0,0.05467800729040097,0.0,0.9842041312272175,0.9295261239368166,0.10935601458080194,0.6014580801944107,0.5467800729040098,0.6014580801944107,1.1482381530984205,0.21871202916160387
Carlos Alcaraz,Juventus,ITA-Serie A,20,ARG,MF,2878.0,46.199999999999996,0.041666666666666664,1.1233333333333333,0.18763029881862403,0.21890201528839473,0.18763029881862403,0.0,0.37526059763724806,0.0,1.4072272411396802,1.438498957609451,0.1250868658790827,0.7192494788047255,0.43780403057678946,0.7817929117442669,2.626824183460737,0.9381514940931202
Carlos Augusto,Inter,ITA-Serie A,27-246,BRA,"DF,MF",8291.0,24.919999999999998,0.064,2.254,0.10855144132191534,0.1302617295862984,0.10855144132191534,0.0,0.1302617295862984,0.0,1.0203835484260042,0.5536123507417682,0.10855144132191534,1.7693884935472197,0.7381498009890243,1.0420938366903871,1.1723555662766856,0.37993004462670366
Carlos Baleba,Lille,FRA-Ligue 1,19,CMR,MF,6177.0,25.1,0.014000000000000002,1.638,0.043710539096648855,0.014570179698882952,0.043710539096648855,0.0,0.33511413307430793,0.029140359397765905,1.8212724623603693,1.7192812044681884,0.0,0.14570179698882954,1.4278776104905293,1.4570179698882955,1.4424477901894122,0.305973773676542
Carlos Benavídez,Alavés,ESP-La Liga,28-164,URU,MF,1967.0,39.175,0.10250000000000001,1.82,0.18301982714794102,0.09150991357397051,0.18301982714794102,0.0,0.4575495678698525,0.045754956786985254,2.836807320793086,0.7778342653787493,0.09150991357397051,0.36603965429588203,1.281138790035587,2.562277580071174,1.0066090493136757,0.5033045246568378
Carlos Clerc,Elche,ESP-La Liga,30,ESP,"DF,MF",2639.0,33.3,0.0,0.72,0.0,0.034103827207275485,0.0,0.0,0.17051913603637742,0.0,1.0913224706328155,1.05721864342554,0.06820765441455097,3.103448275862069,0.920803334596438,1.7733990147783252,0.30693444486547933,0.10231148162182646
Carlos Dominguez,Celta Vigo,ESP-La Liga,24,ESP,DF,3483.0,45.825,0.0,1.8,0.0,0.0,0.0,0.0,0.103359173126615,0.0,0.7493540051679587,0.4909560723514212,0.0,0.103359173126615,1.0077519379844961,1.0852713178294573,0.2842377260981912,0.07751937984496124
Carlos Dotor,Málaga,ESP-La Liga,25-179,ESP,"MF,FW",1021.0,25.0,0.0,0.575,0.0,0.0,0.0,0.0,0.1762977473065622,0.0,1.4985308521057787,0.881488736532811,0.0881488736532811,0.881488736532811,0.5288932419196866,1.3222331047992164,0.5288932419196866,0.0881488736532811
Carlos Espí,Real Madrid,ESP-La Liga,21-048,ESP,FW,1368.0,71.05,0.345,1.6400000000000001,0.7894736842105263,0.0,0.7894736842105263,0.0,0.19736842105263158,0.0,2.039473684210526,1.7105263157894737,0.7894736842105263,0.06578947368421052,0.5921052631578947,0.4605263157894737,3.881578947368421,1.7105263157894737
Carlos Fernández,Real Sociedad,ESP-La Liga,27,ESP,FW,1039.0,34.1,0.135,1.67,0.2598652550529355,0.08662175168431184,0.17324350336862368,0.08662175168431184,0.7795957651588065,0.0,2.771896053897979,1.559191530317613,0.9528392685274302,0.08662175168431184,0.08662175168431184,1.1260827718960538,2.598652550529355,0.7795957651588065
Carlos Gruezo,Augsburg,Unknown,27,ECU,MF,961.0,0.0,0.0,1.08,0.0,0.0,0.0,0.0,0.46826222684703434,0.0,1.1238293444328824,0.8428720083246618,0.0,0.18730489073881376,1.0301768990634756,1.0301768990634756,0.18730489073881376,0.0
Carlos Martín,Atlético Madrid,ESP-La Liga,24-141,ESP,MF,1867.0,47.65,0.02,1.7975,0.096411355115158,0.096411355115158,0.096411355115158,0.0,0.241028387787895,0.0,2.313872522763792,1.5907873594001072,0.337439742903053,1.6871987145152652,0.289234065345474,1.397964649169791,1.831815747188002,0.8194965184788431
Carlos Neva,Granada,ESP-La Liga,27,ESP,DF,3146.0,0.0,0.0,0.56,0.0,0.05721551176096631,0.0,0.0,0.11443102352193261,0.0,0.6293706293706294,1.2587412587412588,0.0,2.460267005721551,0.8868404322949778,0.54354736172918,0.11443102352193261,0.0
Carlos Romero,Villarreal,ESP-La Liga,24-316,ESP,DF,6277.0,24.825,0.052500000000000005,1.2325000000000002,0.11470447666082523,0.057352238330412614,0.11470447666082523,0.0,0.18639477457384102,0.0,1.118368647443046,0.7599171578779672,0.028676119165206307,2.810259678190218,0.9749880516170145,1.6775529711645691,1.0753544686952365,0.2724231320694599
Carlos Soler,PSG,FRA-Ligue 1,26,ESP,"MF,DF",6543.0,37.666666666666664,0.13166666666666668,1.17,0.1513067400275103,0.12379642365887208,0.1375515818431912,0.013755158184319119,0.1375515818431912,0.013755158184319119,1.1966987620357634,0.9628610729023384,0.04126547455295736,2.4621733149931226,0.49518569463548834,0.7977991746905089,1.2379642365887207,0.5639614855570839
Carlos Vicente,Alavés,ESP-La Liga,26,ESP,MF,5464.0,47.4,0.22999999999999998,1.2866666666666666,0.19765739385065886,0.14824304538799415,0.13177159590043924,0.06588579795021962,0.08235724743777453,0.0,1.1200585651537336,2.1412884333821376,0.47767203513909223,7.972181551976574,0.42825768667642755,0.9553440702781845,1.037701317715959,0.4612005856515373
Carlos Vinícius,Fulham,ENG-Premier League,29,BRA,FW,1440.0,70.89999999999999,0.15333333333333332,1.2833333333333334,0.4375,0.125,0.4375,0.0,0.3125,0.0,1.5625,1.1875,0.75,0.4375,0.0,0.25,1.9375,1.125
Carlos Álvarez,Levante,ESP-La Liga,23-035,ESP,MF,1945.0,12.233333333333334,0.03333333333333333,1.31,0.13881748071979436,0.04627249357326478,0.13881748071979436,0.0,0.18508997429305912,0.0,1.1105398457583548,2.359897172236504,0.09254498714652956,2.498714652956298,0.6015424164524421,0.647814910025707,1.3881748071979434,0.5089974293059126
Carlton Morris,Luton Town,ENG-Premier League,27,ENG,"FW,MF",2862.0,42.5,0.15,0.68,0.34591194968553457,0.12578616352201258,0.18867924528301888,0.15723270440251572,0.12578616352201258,0.0,1.5723270440251573,1.3522012578616351,0.31446540880503143,0.4716981132075472,0.031446540880503145,0.2830188679245283,2.2955974842767297,0.9748427672955974
Carmona,Sevilla,ESP-La Liga,24-224,ESP,"DF,MF",7979.0,26.849999999999998,0.12166666666666666,1.205,0.05639804486777792,0.05639804486777792,0.05639804486777792,0.0,0.48502318586289006,0.022559217947111167,1.8611354806366711,1.4212307306680037,0.10151648076200025,1.624263692192004,1.6919413460333375,1.590424865271337,0.6880561473868906,0.16919413460333374
Carney Chukwuemeka,Dortmund,Unknown,21,AUT,"MF,FW",1753.0,30.7,0.14250000000000002,1.9175,0.20536223616657157,0.05134055904164289,0.20536223616657157,0.0,0.2567027952082145,0.0,1.026811180832858,1.3861950941243584,0.10268111808328578,0.3080433542498574,0.6674272675413576,1.5915573302909298,1.7455790074158586,0.3593839132915003
Casemiro,Real Madrid,ESP-La Liga,30,BRA,MF,8179.0,24.28,0.06999999999999999,1.9939999999999998,0.16505685291600442,0.07702653136080205,0.16505685291600442,0.0,0.33011370583200883,0.03301137058320088,1.606553368382443,0.9793373273016261,0.16505685291600442,0.7922728939968211,1.012348697884827,2.145739087908057,1.727595060520846,0.5281819293312141
Casper Tengstedt,Hellas Verona,ITA-Serie A,24,DEN,FW,1543.0,14.45,0.08,0.4,0.34996759559300067,0.05832793259883344,0.2916396629941672,0.05832793259883344,0.11665586519766688,0.0,0.34996759559300067,0.524951393389501,0.40829552819183407,0.6416072585871678,0.23331173039533376,0.2916396629941672,2.3914452365521712,0.6416072585871678
Castello Lukeba,RB Leipzig,Unknown,23-267,FRA,DF,9020.0,26.28,0.084,2.0119999999999996,0.03991130820399113,0.0,0.03991130820399113,0.0,0.1696230598669623,0.009977827050997782,0.688470066518847,0.7184035476718403,0.02993348115299335,0.21951219512195122,1.3968957871396896,0.6784922394678492,0.32926829268292684,0.10975609756097561
Castrin,Sevilla,ESP-La Liga,23-252,ESP,DF,1488.0,13.65,0.045,1.27,0.06048387096774194,0.0,0.06048387096774194,0.0,0.24193548387096775,0.0,0.7862903225806451,0.7862903225806451,0.06048387096774194,0.06048387096774194,1.5120967741935483,0.907258064516129,0.7258064516129032,0.1814516129032258
Catena,Osasuna,ESP-La Liga,31-317,ESP,DF,12142.0,21.92,0.068,1.362,0.044473727557239336,0.06671059133585899,0.044473727557239336,0.0,0.32614066875308845,0.022236863778619668,1.2082029319716685,0.42250041179377373,0.05929830340965244,0.037061439631032776,0.800527096030308,0.6967550650634162,0.5262724427606654,0.14083347059792456
Cedric Zesiger,Augsburg,Unknown,27,SUI,DF,5193.0,26.875,0.0,1.3725,0.0,0.03466204506065858,0.0,0.0,0.3986135181975736,0.01733102253032929,1.2131715771230502,0.658578856152513,0.0,0.9358752166377817,0.9878682842287695,0.8318890814558059,0.6932409012131716,0.1386481802426343
Cengiz Ünder,Marseille,FRA-Ligue 1,25,TUR,MF,2490.0,40.0,0.07,1.89,0.18072289156626503,0.14457831325301204,0.14457831325301204,0.03614457831325301,0.10843373493975905,0.0,1.0481927710843373,1.1204819277108433,0.2891566265060241,5.783132530120481,0.6144578313253012,0.7228915662650601,2.5301204819277108,1.0120481927710845
Cenk Özkacar,Köln,Unknown,24,TUR,DF,5511.0,26.6,0.0,0.855,0.0,0.0,0.0,0.0,0.11431682090364725,0.0,0.587915078933043,0.39194338595536204,0.0326619488296135,0.19597169297768102,1.1431682090364725,1.0778443113772456,0.4735982580293957,0.14697876973326074
Cesare Casadei,Torino,ITA-Serie A,23-243,ITA,MF,3162.0,24.65,0.060000000000000005,1.055,0.19924098671726756,0.028462998102466795,0.19924098671726756,0.0,0.17077798861480076,0.0,2.0777988614800758,0.7969639468690702,0.05692599620493359,0.19924098671726756,0.3984819734345351,0.7400379506641366,1.394686907020873,0.683111954459203
Chadi Riad,Real Betis,ESP-La Liga,20,MAR,DF,2879.0,19.1,0.0,1.0699999999999998,0.0,0.03126085446335533,0.0,0.0,0.09378256339006599,0.0,0.7502605071205279,0.3126085446335533,0.03126085446335533,0.18756512678013199,0.9065647794373046,0.9690864883640153,0.46891281695033,0.21882598124348732
Chancel Mbemba,Lille,FRA-Ligue 1,30,COD,DF,6010.0,30.133333333333336,0.09999999999999999,1.95,0.10482529118136438,0.029950083194675542,0.10482529118136438,0.0,0.08985024958402663,0.0,0.7487520798668885,0.5091514143094842,0.029950083194675542,0.8236272878535774,1.0482529118136439,0.8535773710482529,0.7936772046589018,0.22462562396006655
Charles De Ketelaere,Atalanta,ITA-Serie A,25-184,BEL,FW,7564.0,31.060000000000002,0.088,1.778,0.23796932839767318,0.24986779481755686,0.22607086197778956,0.011898466419883659,0.09518773135906927,0.0,0.9875727128503438,1.6776837652035959,0.16657852987837124,1.8918561607615019,0.22607086197778956,0.7258064516129032,1.8918561607615019,0.7852987837123215
Charles Pickel,Cremonese,ITA-Serie A,25,COD,MF,3190.0,35.2,0.07,0.99,0.05642633228840126,0.0,0.05642633228840126,0.0,0.3385579937304075,0.08463949843260188,1.35423197492163,0.5642633228840125,0.11285266457680251,0.3385579937304075,0.8746081504702194,0.8181818181818181,0.9310344827586207,0.3103448275862069
Charles Vanhoutte,Nice,FRA-Ligue 1,26,BEL,MF,1772.0,20.0,0.0,1.04,0.0,0.10158013544018057,0.0,0.0,0.3555304740406321,0.0,1.7776523702031604,0.4063205417607223,0.0,0.6602708803611739,1.0665914221218962,1.4221218961625284,0.25395033860045146,0.05079006772009029
Charlie Cresswell,Rennes,FRA-Ligue 1,24-024,ENG,DF,5395.0,25.133333333333336,0.056666666666666664,1.6433333333333333,0.10009267840593142,0.05004633920296571,0.10009267840593142,0.0,0.23354958294717332,0.0,1.0342910101946245,0.5171455050973123,0.11677479147358666,0.11677479147358666,1.0009267840593141,0.633920296570899,1.201112140871177,0.4337349397590362
Charlie Taylor,Southampton,ENG-Premier League,30,ENG,DF,2687.0,5.0,0.05,0.44,0.033494603647190174,0.033494603647190174,0.033494603647190174,0.0,0.30145143282471154,0.0,0.7368812802381839,0.6363974692966133,0.06698920729438035,2.679568291775214,0.8708596948269445,0.8708596948269445,0.33494603647190174,0.033494603647190174
Cheick Doucouré,Crystal Palace,ENG-Premier League,24,MLI,MF,4140.0,17.566666666666666,0.0,1.2966666666666666,0.0,0.06521739130434782,0.0,0.0,0.2826086956521739,0.021739130434782608,1.1956521739130435,0.45652173913043476,0.0,0.1956521739130435,1.8695652173913044,1.5869565217391304,1.065217391304348,0.1956521739130435
Cheick Konaté,Clermont Foot,FRA-Ligue 1,19,MLI,"MF,DF",1640.0,14.3,0.035,1.23,0.054878048780487805,0.054878048780487805,0.054878048780487805,0.0,0.32926829268292684,0.0,1.4268292682926829,0.9878048780487805,0.0,2.6890243902439024,1.4268292682926829,1.5914634146341462,0.9329268292682927,0.21951219512195122
Cheikh Niasse,Hellas Verona,ITA-Serie A,25,SEN,MF,1725.0,25.0,0.0,0.815,0.0,0.05217391304347826,0.0,0.0,0.2608695652173913,0.0,1.617391304347826,1.5130434782608697,0.10434782608695652,0.8347826086956521,1.617391304347826,1.5130434782608697,0.4695652173913044,0.10434782608695652
Cheikh Tidiane Sabaly,Metz,FRA-Ligue 1,26,SEN,"MF,FW",2346.0,46.45,0.07,0.7250000000000001,0.11508951406649617,0.11508951406649617,0.11508951406649617,0.0,0.23017902813299235,0.0,1.4578005115089514,1.6496163682864449,0.421994884910486,1.0741687979539642,0.4603580562659847,1.3427109974424551,1.1125319693094629,0.49872122762148335
Cheikhou Kouyaté,Nottingham,ENG-Premier League,33,SEN,MF,1094.0,51.65,0.085,1.19,0.08226691042047532,0.0,0.08226691042047532,0.0,0.4113345521023766,0.0,2.221206581352834,1.1517367458866545,0.08226691042047532,0.0,0.9872029250457038,2.221206581352834,0.9049360146252285,0.4936014625228519
Chema,Stuttgart,Unknown,21-138,ESP,MF,1325.0,13.333333333333334,0.06666666666666667,1.6266666666666667,0.2037735849056604,0.0,0.2037735849056604,0.0,0.33962264150943394,0.0,1.4264150943396225,0.5433962264150943,0.06792452830188679,0.0,2.1735849056603773,1.0867924528301887,1.0188679245283019,0.4075471698113208
Chemsdine Talbi,Sunderland,ENG-Premier League,21-124,MAR,MF,1593.0,20.0,0.08,0.73,0.22598870056497178,0.056497175141242945,0.22598870056497178,0.0,0.0,0.0,0.3389830508474576,0.056497175141242945,0.1694915254237288,2.994350282485876,0.1694915254237288,0.3389830508474576,1.4124293785310735,0.5649717514124294
Cher Ndour,Fiorentina,ITA-Serie A,22-045,ITA,MF,2528.0,14.575,0.0325,1.3375,0.10680379746835443,0.0,0.10680379746835443,0.0,0.14240506329113925,0.0,1.3528481012658229,1.1036392405063291,0.03560126582278481,1.0324367088607596,0.6764240506329114,0.7832278481012658,1.139240506329114,0.3204113924050633
Chidera Ejuke,Hertha BSC,Unknown,24,NGA,"FW,MF",2941.0,32.0,0.16,1.19,0.12240734444066645,0.15300918055083304,0.12240734444066645,0.0,0.0,0.0,0.42842570554233256,1.346480788847331,0.2448146888813329,2.0809248554913293,0.5814348860931655,0.9180550833049983,2.111526691601496,0.550833049982999
Chidozie Awaziem,Nantes,FRA-Ligue 1,28,NGA,DF,2231.0,36.4,0.09,0.7,0.04034065441506051,0.08068130883012102,0.04034065441506051,0.0,0.28238458090542357,0.0,0.9278350515463918,0.8471537427162708,0.04034065441506051,0.08068130883012102,0.8068130883012102,0.8068130883012102,0.44374719856566563,0.16136261766024204
Chiedozie Ogbene,Ipswich Town,ENG-Premier League,27,IRL,MF,2233.0,20.0,0.055,0.665,0.161218092252575,0.04030452306314375,0.161218092252575,0.0,0.04030452306314375,0.0,0.4433497536945813,2.2973578145991937,0.32243618450515,3.3452754142409313,0.32243618450515,0.483654276757725,1.4106583072100312,0.5642633228840125
Chris Führich,Stuttgart,Unknown,28-244,GER,MF,8199.0,32.5,0.096,1.874,0.2414928649835346,0.20856201975850713,0.2305159165751921,0.010976948408342482,0.07683863885839737,0.0,0.29637760702524696,0.3732162458836444,0.14270032930845225,3.5784851811196488,0.2414928649835346,0.6037321624588364,1.9648737650933041,0.8122941822173436
Chris Mepham,Bournemouth,ENG-Premier League,25,WAL,DF,2816.0,75.0,0.0,1.3,0.0,0.03196022727272727,0.0,0.0,0.28764204545454547,0.0,0.9907670454545455,0.28764204545454547,0.0,0.03196022727272727,1.0866477272727273,1.0866477272727273,0.28764204545454547,0.15980113636363635
Chris Ramos,Cádiz,ESP-La Liga,26,ESP,FW,3322.0,27.45,0.05,0.98,0.1625526791089705,0.027092113184828417,0.1625526791089705,0.0,0.1896447922937989,0.0,2.22155328115593,1.5713425647200483,0.325105358217941,0.4876580373269115,0.27092113184828415,0.5960264900662252,2.8988561107766406,0.8940397350993378
Chris Richards,Crystal Palace,ENG-Premier League,26-166,USA,DF,7560.0,38.12,0.048,1.216,0.03571428571428571,0.011904761904761906,0.03571428571428571,0.0,0.13095238095238096,0.011904761904761906,0.5119047619047619,0.20238095238095238,0.03571428571428571,0.23809523809523808,1.1428571428571428,1.2142857142857144,0.5238095238095238,0.15476190476190477
Chris Smalling,Roma,ITA-Serie A,33,ENG,DF,3198.0,64.7,0.09,1.94,0.08442776735459662,0.028142589118198873,0.08442776735459662,0.0,0.19699812382739212,0.0,0.5347091932457787,0.4784240150093809,0.028142589118198873,0.05628517823639775,1.2945590994371483,0.450281425891182,0.5065666041275797,0.16885553470919323
Chris Wood,Nottingham,ENG-Premier League,34-277,NZL,FW,6536.0,37.083333333333336,0.21,1.1816666666666666,0.550795593635251,0.055079559363525085,0.49571603427172584,0.055079559363525085,0.013769889840881271,0.0,0.8124235006119951,0.702264381884945,0.6196450428396573,0.055079559363525085,0.13769889840881275,0.1927784577723378,2.0930232558139537,1.0327417380660955
Chrislain Matsima,Augsburg,Unknown,24-118,FRA,DF,6371.0,33.614285714285714,0.05857142857142857,1.6199999999999999,0.042379532255532884,0.056506043007377174,0.042379532255532884,0.0,0.18364463977397583,0.0,0.6639460053366818,0.4096688118034846,0.042379532255532884,0.12713859676659864,1.5821692042065612,0.8334641343588133,0.46617485481086174,0.11301208601475435
Christantus Uche,Getafe,ESP-La Liga,22,NGA,FW,2929.0,26.0,0.08333333333333333,1.3033333333333335,0.15363605326049848,0.21509047456469785,0.15363605326049848,0.0,0.27654489586889724,0.06145442130419939,2.120177534994879,2.550358484124274,0.7067258449982929,0.8603618982587914,0.27654489586889724,0.7374530556503927,1.905087060430181,0.5223625810856948
Christian Eriksen,Wolfsburg,Unknown,33,DEN,MF,6660.0,27.45,0.065,1.3725,0.08108108108108109,0.28378378378378377,0.027027027027027025,0.05405405405405405,0.16216216216216217,0.0,0.5405405405405406,0.28378378378378377,0.0945945945945946,4.581081081081081,0.5270270270270271,0.8243243243243243,1.4054054054054053,0.4189189189189189
Christian Groß,Werder Bremen,Unknown,34,GER,"DF,MF",2683.0,22.5,0.1,1.355,0.03354453969437197,0.06708907938874394,0.03354453969437197,0.0,0.16772269847185986,0.0,2.247484159522922,0.6373462541930675,0.10063361908311591,0.46962355572120756,1.274692508386135,1.5430488259411106,0.30190085724934773,0.06708907938874394
Christian Gytkjær,Venezia,ITA-Serie A,34,DEN,FW,1313.0,39.75,0.095,0.88,0.20563594821020564,0.06854531607006854,0.1370906321401371,0.06854531607006854,0.0,0.0,1.5079969535415079,0.7539984767707539,1.1652703731911653,0.06854531607006854,0.06854531607006854,0.4112718964204113,2.1249047981721247,0.8225437928408226
Christian Günter,Freiburg,Unknown,32,GER,DF,7669.0,22.299999999999997,0.07750000000000001,1.455,0.04694223497196505,0.1290911461729039,0.04694223497196505,0.0,0.10562002868692137,0.0,0.7510757595514408,0.3168600860607641,0.19950449863085146,5.38662146303299,0.43421567349067675,0.7980179945234058,0.7276046420654583,0.17603338114486894
Christian Kabasele,Udinese,ITA-Serie A,35-198,BEL,DF,4322.0,31.675,0.1575,0.87,0.12494215640906987,0.02082369273484498,0.12494215640906987,0.0,0.20823692734844979,0.02082369273484498,1.4368347987043033,1.041184636742249,0.02082369273484498,0.08329477093937993,1.2285978713558539,0.6038870893105044,0.6247107820453494,0.24988431281813975
Christian Kofane,Leverkusen,Unknown,20-046,CMR,FW,1299.0,33.15,0.18,1.595,0.4157043879907621,0.27713625866050806,0.4157043879907621,0.0,0.20785219399538105,0.0,2.2863741339491916,1.2471131639722863,0.20785219399538105,0.0,0.13856812933025403,0.48498845265588914,3.464203233256351,1.3856812933025404
Christian Kouamé,Fiorentina,ITA-Serie A,27,CIV,"FW,MF",4111.0,21.06,0.048,1.358,0.1532473850644612,0.1313549014838239,0.1532473850644612,0.0,0.1313549014838239,0.0,1.5105813670639747,2.4081731938701045,0.24081731938701045,1.729506202870348,0.350279737290197,0.766236925322306,2.0360009729992705,0.6129895402578448
Christian Mawissa,Monaco,FRA-Ligue 1,21-145,FRA,DF,3912.0,38.0,0.08,1.97,0.04601226993865031,0.0,0.04601226993865031,0.0,0.25306748466257667,0.0,1.0582822085889572,0.6901840490797546,0.0,0.27607361963190186,1.47239263803681,1.6104294478527608,0.18404907975460125,0.09202453987730062
Christian Nørgaard,Arsenal,ENG-Premier League,31,DEN,MF,7193.0,40.9,0.06,1.7650000000000001,0.10009731683581259,0.10009731683581259,0.10009731683581259,0.0,0.27526762129848464,0.012512164604476574,1.5389962463506188,1.000973168358126,0.025024329208953148,0.6506325594327819,1.6641178923953843,1.614069233977478,1.1886556374252746,0.42541359655220357
Christian Ordoñez,Parma,ITA-Serie A,22-048,ARG,MF,1286.0,10.0,0.05,0.81,0.06998444790046657,0.0,0.06998444790046657,0.0,0.3499222395023328,0.06998444790046657,1.1897356143079316,1.2597200622083982,0.0,0.9097978227060654,0.7698289269051322,1.1897356143079316,0.9097978227060654,0.13996889580093314
Christian Pulisic,Milan,ITA-Serie A,26,USA,FW,7510.0,41.925,0.1425,1.6675,0.38348868175765644,0.2636484687083888,0.3475366178428762,0.03595206391478029,0.047936085219707054,0.0,0.7190412782956058,1.4380825565912116,0.11984021304926765,3.271637816245007,0.25166444740346205,0.81491344873502,2.3368841544607193,1.0306258322237016
Christoph Baumgartner,RB Leipzig,Unknown,25,AUT,MF,8115.0,37.8,0.12,1.645,0.29944547134935307,0.14417744916820704,0.29944547134935307,0.0,0.277264325323475,0.0,2.2181146025878,1.5415896487985212,0.199630314232902,0.6321626617375231,0.6099815157116452,1.0868761552680222,2.3955637707948245,0.9094269870609982
Christoph Klarer,Darmstadt 98,Unknown,23,AUT,DF,2354.0,22.2,0.22,0.47,0.07646559048428207,0.07646559048428207,0.07646559048428207,0.0,0.34409515717926936,0.0,1.10875106202209,0.4970263381478334,0.15293118096856415,0.3058623619371283,0.8411214953271028,0.8411214953271028,0.34409515717926936,0.07646559048428207
Christoph Kramer,Gladbach,Unknown,32,GER,MF,2471.0,8.35,0.0,1.3900000000000001,0.0,0.0,0.0,0.0,0.29138000809388914,0.0,1.566167543504654,0.5827600161877783,0.14569000404694457,0.546337515176042,0.764872521246459,1.274787535410765,0.254957507082153,0.03642250101173614
Christoph Zimmermann,Darmstadt 98,Unknown,30,GER,DF,1220.0,25.0,0.0,0.42,0.0,0.0,0.0,0.0,0.36885245901639346,0.0,0.9590163934426229,0.7377049180327869,0.07377049180327869,0.0,1.4754098360655739,1.5491803278688525,0.29508196721311475,0.07377049180327869
Christophe Hérelle,Metz,FRA-Ligue 1,30,MTQ,DF,2677.0,0.0,0.0,0.8899999999999999,0.0,0.0,0.0,0.0,0.2017183414269705,0.03361972357116175,0.9077325364213672,1.5801270078446021,0.0,0.10085917071348525,1.2103100485618228,0.7396339185655585,0.23533806499813223,0.0
Christopher Antwi-Adjei,Bochum,Unknown,29,GHA,"FW,MF",3197.0,29.3,0.085,1.105,0.14075695964967158,0.22521113543947452,0.14075695964967158,0.0,0.1970597435095402,0.0,1.0416015014075697,1.604629340006256,0.9289959336878324,3.2937128558023145,0.22521113543947452,0.7600875821082265,1.6327807319361902,0.47857366280888336
Christopher Jullien,Montpellier,FRA-Ligue 1,30,FRA,DF,3928.0,13.05,0.07,1.385,0.022912423625254582,0.045824847250509164,0.022912423625254582,0.0,0.22912423625254583,0.0,1.053971486761711,0.2520366598778004,0.06873727087576374,0.022912423625254582,1.1685336048879837,0.9623217922606925,0.5498981670061099,0.06873727087576374
Christopher Lenz,RB Leipzig,Unknown,28,GER,"DF,MF",1347.0,5.566666666666666,0.0,1.7266666666666666,0.0,0.13363028953229397,0.0,0.0,0.06681514476614699,0.0,1.4031180400890868,0.9354120267260579,0.0,6.481069042316259,1.469933184855234,1.5367483296213809,0.8017817371937639,0.13363028953229397
Christopher Nkunku,RB Leipzig,Unknown,28-300,FRA,FW,4727.0,50.0,0.154,1.8060000000000003,0.5521472392638037,0.1903955997461392,0.39983075946689234,0.15231647979691135,0.11423735984768352,0.0,1.0281362386291517,1.5041252379944996,0.49502855933996187,0.8377406388830125,0.36175163951766454,0.36175163951766454,2.81785487624286,1.3137296382483605
Christopher Opéri,Le Havre,FRA-Ligue 1,27,CIV,"MF,DF",3614.0,28.9,0.065,0.6950000000000001,0.07470946319867183,0.14941892639734367,0.07470946319867183,0.0,0.1992252351964582,0.024903154399557276,0.6972883231876038,0.8467072495849475,0.07470946319867183,7.844493635860543,1.2451577199778638,1.1206419479800775,0.7470946319867183,0.27393469839513
Christopher Trimmel,Union Berlin,Unknown,39-198,AUT,"DF,FW",7075.0,28.28,0.0,1.052,0.0,0.17809187279151942,0.0,0.0,0.20353356890459365,0.012720848056537103,0.9031802120141342,0.31802120141342755,0.0636042402826855,8.026855123674911,0.7759717314487633,1.0431095406360424,0.43250883392226147,0.13992932862190813
Christopher Wooh,Rennes,FRA-Ligue 1,23,CMR,DF,3918.0,12.0,0.02,1.752,0.022970903522205207,0.0,0.022970903522205207,0.0,0.2986217457886677,0.06891271056661562,1.6079632465543645,0.666156202143951,0.0,0.09188361408882083,1.125574272588055,0.9647779479326186,0.5742725880551302,0.13782542113323124
Chukwubuikem Ikwuemesi,Salernitana,ITA-Serie A,21,NGA,FW,1061.0,36.4,0.05,0.56,0.08482563619227144,0.08482563619227144,0.08482563619227144,0.0,0.1696512723845429,0.0,2.9688972667295004,1.6965127238454287,0.7634307257304429,0.1696512723845429,0.08482563619227144,0.08482563619227144,1.8661639962299719,0.6786050895381716
Chuky san jose,Werder Bremen,Unknown,22-134,ESP,MF,900.0,21.9,0.065,0.86,0.2,0.1,0.2,0.0,0.2,0.0,0.7,1.1,0.4,3.0,0.0,0.2,1.7,0.7
Chumi,Almería,ESP-La Liga,24,ESP,DF,3923.0,26.65,0.165,0.8400000000000001,0.022941626306398167,0.022941626306398167,0.022941626306398167,0.0,0.20647463675758349,0.0,0.7570736681111394,0.25235788937037984,0.0,0.22941626306398166,0.6882487891919449,0.8717817996431302,0.18353301045118534,0.045883252612796334
Ché Adams,Torino,ITA-Serie A,30-059,SCO,FW,6730.0,51.625,0.2575,1.0074999999999998,0.29420505200594355,0.10698365527488855,0.29420505200594355,0.0,0.040118870728083206,0.0,1.1901931649331352,1.1233283803863299,0.6151560178306092,0.4814264487369985,0.08023774145616641,0.37444279346210996,2.2332838038632987,0.8291233283803864
Ciro Immobile,Bologna,ITA-Serie A,35,ITA,FW,4769.0,31.1,0.10750000000000001,1.45,0.39630949884671834,0.15097504717970225,0.24533445166701615,0.15097504717970225,0.2642063325644789,0.0,1.113440972950304,1.1889284965401552,0.9058502830782135,0.33969385615433006,0.0943594044873139,0.24533445166701615,2.6986789683371777,1.1700566156426924
Clemens Riedel,Darmstadt 98,Unknown,20,GER,"DF,MF",2311.0,56.93333333333334,0.0,1.08,0.0,0.03894418000865426,0.0,0.0,0.3115534400692341,0.0,1.5188230203375164,0.46733016010385114,0.07788836001730852,0.46733016010385114,0.895716140199048,1.1293812202509736,0.46733016010385114,0.1947209000432713
Clinton Mata,Lyon,FRA-Ligue 1,33-307,ANG,DF,7513.0,0.0,0.0,1.9875,0.0,0.08385465193664315,0.0,0.0,0.20364701184613337,0.0,1.10208971116731,1.3057367230134433,0.023958471981898044,1.3296951949953415,1.3656329029681884,0.9104219353121257,0.28750166378277653,0.0
Clément Akpa,Auxerre,FRA-Ligue 1,24-290,CIV,DF,4700.0,22.233333333333334,0.0,0.7633333333333333,0.0,0.019148936170212766,0.0,0.0,0.2297872340425532,0.019148936170212766,0.6319148936170212,1.3212765957446808,0.019148936170212766,1.1297872340425532,1.3212765957446808,1.0914893617021277,0.2680851063829787,0.03829787234042553
Clément Lenglet,Atlético Madrid,ESP-La Liga,30,FRA,DF,6535.0,21.0,0.05,1.7125,0.02754399387911247,0.06885998469778118,0.02754399387911247,0.0,0.3029839326702372,0.013771996939556235,1.046671767406274,0.7574598316755929,0.02754399387911247,0.3442999234889059,0.991583779648049,0.8263198163733741,0.4820198928844682,0.11017597551644988
Clément Vidal,Ajaccio,FRA-Ligue 1,22,FRA,DF,1901.0,16.7,0.08,0.65,0.04734350341925302,0.0,0.04734350341925302,0.0,0.23671751709626512,0.04734350341925302,1.0415570752235666,0.8995265649658074,0.04734350341925302,0.14203051025775906,1.2309310889005787,0.6628090478695423,0.5681220410310363,0.09468700683850605
Coba da Costa,Getafe,ESP-La Liga,23,ESP,MF,1354.0,27.4,0.02,0.9550000000000001,0.06646971935007386,0.06646971935007386,0.06646971935007386,0.0,0.33234859675036926,0.0,1.1299852289512555,1.0635155096011817,0.1329394387001477,4.254062038404727,0.6646971935007385,1.2629246676514032,1.861152141802068,0.5982274741506647
Cody Gakpo,Liverpool,ENG-Premier League,27-126,NED,MF,8029.0,29.7,0.13999999999999999,1.8920000000000001,0.369909079586499,0.21297795491343877,0.369909079586499,0.0,0.10088429443268154,0.0,1.345123925769087,1.6926142732594347,0.6165151326441649,2.3203387719516755,0.4932121061153319,0.7958649894133765,2.8695977083073854,0.9191680159422094
Cole Palmer,Chelsea,ENG-Premier League,24-127,ENG,MF,8396.0,33.38333333333333,0.10833333333333334,2.04,0.5252501191043354,0.23582658408766077,0.3323010957598857,0.19294902334444972,0.22510719390185804,0.0,0.6002858504049547,1.4256788947117676,0.182229633158647,2.904954740352549,0.47165316817532155,0.47165316817532155,3.4409242496426873,1.404240114340162
Colin Dagba,Strasbourg,FRA-Ligue 1,23,FRA,"MF,DF",958.0,0.0,0.0,1.33,0.0,0.0,0.0,0.0,0.2818371607515658,0.0,1.3152400835073068,0.5636743215031316,0.0939457202505219,3.288100208768267,1.5970772442588728,1.7849686847599167,0.4697286012526096,0.0
Connor Metcalfe,St Pauli,Unknown,25,AUS,"MF,FW",950.0,37.5,0.0,0.8900000000000001,0.0,0.18947368421052632,0.0,0.0,0.37894736842105264,0.09473684210526316,1.3263157894736841,0.5684210526315789,0.0,2.9368421052631577,0.8526315789473685,0.8526315789473685,2.0842105263157897,0.6631578947368421
Conor Bradley,Liverpool,ENG-Premier League,22,NIR,DF,2436.0,21.099999999999998,0.02666666666666667,1.89,0.03694581280788177,0.22167487684729065,0.03694581280788177,0.0,0.40640394088669946,0.0,1.4039408866995073,1.6995073891625616,0.14778325123152708,1.7733990147783252,0.9236453201970443,1.8472906403940885,1.0344827586206897,0.25862068965517243
Conor Coady,Leicester City,ENG-Premier League,31,ENG,DF,3810.0,87.5,0.375,0.865,0.047244094488188976,0.023622047244094488,0.047244094488188976,0.0,0.11811023622047244,0.0,0.44881889763779526,0.4015748031496063,0.07086614173228346,0.023622047244094488,0.5905511811023622,0.44881889763779526,0.14173228346456693,0.11811023622047244
Conor Gallagher,Atlético Madrid,ESP-La Liga,25,ENG,MF,8373.0,28.316666666666663,0.09833333333333333,1.3733333333333333,0.15048369759942673,0.12898602651379432,0.15048369759942673,0.0,0.29021855965603727,0.02149767108563239,2.0745252597635258,1.8917950555356502,0.07524184879971337,1.7520601934790396,1.21461841633823,1.5263346470798997,1.322106771766392,0.4514510927982802
Conrad Harder,RB Leipzig,Unknown,21-156,DEN,FW,960.0,43.666666666666664,0.19000000000000003,2.61,0.375,0.28125,0.375,0.0,0.28125,0.0,1.9687499999999998,1.78125,0.375,1.3125,0.65625,0.65625,4.3125,1.40625
Copete,Valencia,ESP-La Liga,25,ESP,DF,6826.0,16.075,0.07750000000000001,1.135,0.026369762672135953,0.013184881336067976,0.026369762672135953,0.0,0.3296220334016994,0.013184881336067976,1.7140345736888367,0.8042777615001464,0.052739525344271905,0.36917667740990334,1.555815997656021,1.1602695575739819,0.42191620275417524,0.052739525344271905
Corentin Tolisso,Lyon,FRA-Ligue 1,32-038,FRA,MF,8610.0,41.019999999999996,0.09,1.8060000000000003,0.22996515679442509,0.1254355400696864,0.1986062717770035,0.0313588850174216,0.1672473867595819,0.0,1.4634146341463417,1.7665505226480838,0.1254355400696864,1.6933797909407666,0.8048780487804879,0.9407665505226481,1.8815331010452963,0.7630662020905924
Craig Dawson,Wolves,ENG-Premier League,34,ENG,DF,5314.0,21.55,0.0375,1.14,0.03387278885961611,0.016936394429808054,0.03387278885961611,0.0,0.2540459164471208,0.0,0.7282649604817463,0.5589010161836657,0.10161836657884832,0.05080918328942416,0.7621377493413625,0.5927738050432819,0.6435829883327061,0.1524275498682725
Cristhian Mosquera,Valencia,ESP-La Liga,20,ESP,DF,7701.0,12.440000000000001,0.04,1.916,0.011686793922867159,0.0,0.011686793922867159,0.0,0.14024152707440593,0.0,0.6661472536034281,0.7012076353720296,0.011686793922867159,0.08180755746007012,0.8881963381379041,1.086871834826646,0.1986754966887417,0.046747175691468634
Cristhian Stuani,Girona,ESP-La Liga,38,URU,FW,3384.0,57.275,0.275,1.3675,0.9042553191489362,0.13297872340425532,0.6117021276595745,0.2925531914893617,0.5851063829787234,0.0,3.0585106382978724,1.25,0.7180851063829786,0.18617021276595744,0.425531914893617,0.7712765957446809,3.2446808510638303,1.8351063829787235
Cristian Buonaiuto,Cremonese,ITA-Serie A,29,ITA,"MF,FW",980.0,30.2,0.02,0.62,0.09183673469387756,0.0,0.0,0.09183673469387756,0.2755102040816326,0.0,1.5612244897959184,2.020408163265306,0.1836734693877551,6.336734693877551,1.193877551020408,1.469387755102041,3.9489795918367347,1.193877551020408
Cristian Cásseres Jr.,Toulouse,FRA-Ligue 1,26-233,VEN,MF,7407.0,26.05,0.052500000000000005,1.0375,0.04860267314702308,0.12150668286755772,0.04860267314702308,0.0,0.23086269744835966,0.0,1.701093560145808,1.6160388821385174,0.02430133657351154,2.539489671931956,1.3122721749696233,1.7982989064398542,0.7533414337788578,0.19441069258809232
Cristian Gamboa,Bochum,Unknown,34,CRC,MF,2890.0,18.066666666666666,0.08333333333333333,0.8933333333333332,0.031141868512110725,0.031141868512110725,0.031141868512110725,0.0,0.28027681660899656,0.0,0.903114186851211,0.43598615916955014,0.06228373702422145,2.304498269896194,1.0899653979238755,1.3079584775086506,0.5605536332179931,0.09342560553633218
Cristian Romero,Atlético Madrid,ESP-La Liga,28-136,ARG,DF,8470.0,29.04,0.10200000000000001,1.116,0.10625737898465171,0.021251475796930343,0.10625737898465171,0.0,0.3400236127508855,0.04250295159386069,1.2644628099173554,0.6906729634002361,0.04250295159386069,0.0743801652892562,1.3388429752066116,1.4663518299881937,0.7331759149940968,0.2762691853600944
Cristian Volpato,Sassuolo,ITA-Serie A,22-299,AUS,FW,2119.0,49.15,0.1575,0.9475,0.21236432279377065,0.21236432279377065,0.21236432279377065,0.0,0.2548371873525248,0.0,1.8688060405851816,1.2317130722038698,0.04247286455875413,4.6720151014629545,0.4672015101462954,0.976875884851345,1.7838603114676737,0.8069844266163284
Cristiano Biraghi,Torino,ITA-Serie A,32,ITA,"MF,DF",7015.0,21.86,0.08,1.53,0.06414825374198146,0.11546685673556664,0.06414825374198146,0.0,0.12829650748396293,0.0,1.218816821097648,0.9878831076265147,0.05131860299358518,9.096222380612971,0.5516749821810406,1.180327868852459,0.7569493941553814,0.19244476122594442
Crysencio Summerville,West Ham,ENG-Premier League,23,NED,"MF,FW",4682.0,31.5,0.10000000000000002,1.0233333333333332,0.19222554463904315,0.09611277231952157,0.19222554463904315,0.0,0.2306706535668518,0.0,1.5185818026484408,2.518154634771465,0.3460059803502777,1.8069201196070057,0.5382315249893208,1.038017941050833,1.8645877829987185,0.5574540794532251
Cucho,Real Betis,ESP-La Liga,27-143,COL,FW,3969.0,29.733333333333334,0.08,1.9400000000000002,0.36281179138322,0.11337868480725623,0.3401360544217687,0.02267573696145125,0.11337868480725623,0.0,0.7482993197278911,1.1337868480725624,0.4988662131519274,0.8163265306122449,0.40816326530612246,0.6122448979591837,3.0612244897959187,0.8843537414965987
Curtis Jones,Inter,ITA-Serie A,25-223,ENG,"FW,MF",5922.0,26.98,0.078,2.092,0.12158054711246201,0.10638297872340426,0.12158054711246201,0.0,0.1519756838905775,0.030395136778115502,0.9878419452887538,1.3069908814589666,0.12158054711246201,0.547112462006079,0.5319148936170213,1.1854103343465046,1.3981762917933132,0.4711246200607903
Cyle Larin,Mallorca,ESP-La Liga,29,CAN,FW,5056.0,37.333333333333336,0.12666666666666668,1.1333333333333333,0.3204113924050633,0.12460443037974683,0.2670094936708861,0.053401898734177215,0.2848101265822785,0.0,1.4596518987341771,1.6198575949367087,1.4774525316455698,0.3382120253164557,0.08900316455696203,0.2848101265822785,2.8303006329113924,1.0502373417721518
Cyriel Dessers,Cremonese,ITA-Serie A,27,NGA,FW,1587.0,26.0,0.12,0.5,0.3402646502835539,0.05671077504725898,0.3402646502835539,0.0,0.17013232514177695,0.0,1.9281663516068055,0.7939508506616257,1.3043478260869565,0.45368620037807184,0.11342155009451796,0.22684310018903592,2.835538752362949,0.7372400756143667
Cyril Ngonge,Torino,ITA-Serie A,25,BEL,FW,4125.0,38.71666666666667,0.05833333333333333,1.0666666666666667,0.24,0.1309090909090909,0.24,0.0,0.34909090909090906,0.0,1.789090909090909,1.8981818181818182,0.4581818181818182,3.1636363636363636,0.3709090909090909,0.610909090909091,2.923636363636364,1.1127272727272728
Cyrille Bayala,Ajaccio,FRA-Ligue 1,26,BFA,MF,2009.0,27.3,0.05,0.76,0.04479840716774514,0.04479840716774514,0.04479840716774514,0.0,0.13439522150323543,0.04479840716774514,1.2991538078646092,1.209556993529119,0.313588850174216,2.105525136884022,1.0751617720258835,1.612742658038825,0.9855649576903933,0.26879044300647087
Cédric Avinel,Ajaccio,FRA-Ligue 1,35,GLP,DF,1794.0,33.3,0.33,0.63,0.05016722408026756,0.0,0.05016722408026756,0.0,0.10033444816053512,0.05016722408026756,0.6020066889632107,0.10033444816053512,0.0,0.0,0.802675585284281,0.3010033444816054,0.1505016722408027,0.05016722408026756
Cédric Bakambu,Marseille,FRA-Ligue 1,31,COD,FW,1532.0,28.424999999999997,0.05500000000000001,1.7525,0.29373368146214096,0.2349869451697128,0.29373368146214096,0.0,0.3524804177545692,0.0,2.3498694516971277,1.1749347258485638,1.468668407310705,0.3524804177545692,0.1174934725848564,0.3524804177545692,2.878590078328982,1.2336814621409922
Cédric Brunner,Schalke 04,Unknown,28,SUI,DF,2315.0,0.0,0.0,0.79,0.0,0.0,0.0,0.0,0.19438444924406048,0.0,1.2829373650107991,1.4773218142548596,0.0,2.41036717062635,1.5161987041036715,1.0496760259179265,0.38876889848812096,0.0
Cédric Hountondji,Angers,FRA-Ligue 1,30,BEN,DF,3365.0,18.2,0.0,0.25,0.0,0.0,0.0,0.0,0.18722139673105498,0.0,1.1768202080237742,0.32095096582466565,0.0,0.05349182763744428,1.7117384843982169,1.150074294205052,0.29420505200594355,0.10698365527488855
Cédric Kipré,Reims,FRA-Ligue 1,27,CIV,DF,2190.0,11.1,0.0,0.96,0.0,0.0410958904109589,0.0,0.0,0.1643835616438356,0.0821917808219178,0.9863013698630138,0.4931506849315069,0.0410958904109589,0.4931506849315069,1.3150684931506849,1.2328767123287672,0.3698630136986301,0.0410958904109589
César Azpilicueta,Sevilla,ESP-La Liga,35,ESP,DF,5038.0,37.775,0.05,1.57,0.017864231838030965,0.05359269551409289,0.017864231838030965,0.0,0.21437078205637156,0.0,1.5899166335847559,0.6073838824930528,0.10718539102818578,0.9646685192536721,1.125446605795951,1.3040889241762603,0.3036919412465264,0.08932115919015482
César Montes,Almería,ESP-La Liga,26,MEX,DF,3378.0,30.8,0.115,0.735,0.07992895204262877,0.0,0.07992895204262877,0.0,0.2930728241563055,0.0,1.0390763765541742,0.4529307282415631,0.07992895204262877,0.10657193605683836,0.6394316163410302,0.6127886323268207,0.6927175843694494,0.21314387211367672
César Tárrega,Valencia,ESP-La Liga,24-196,ESP,DF,5939.0,11.025,0.025,1.4575,0.030308132682269742,0.0,0.030308132682269742,0.0,0.2121569287758882,0.0,1.5457147667957567,0.469776056575181,0.0,0.030308132682269742,0.7273951843744738,1.0001683785149014,0.5152382555985856,0.12123253072907897
César de la Hoz,Almería,ESP-La Liga,30,ESP,MF,1673.0,14.3,0.14,1.48,0.0537955768081291,0.0,0.0537955768081291,0.0,0.3227734608487747,0.0,1.1297071129707112,0.6455469216975493,0.0,0.16138673042438734,0.7531380753138075,1.022115959354453,0.37656903765690375,0.0537955768081291
Daichi Kamada,Frankfurt,Unknown,25,JPN,MF,7543.0,20.560000000000002,0.054000000000000006,1.394,0.131247514251624,0.10738432984223784,0.09545273763754474,0.03579477661407928,0.1670422908657033,0.011931592204693092,1.6465597242476466,1.0977064828317644,0.17897388307039638,1.670422908657033,0.8232798621238233,1.670422908657033,1.3482699191303193,0.3698793583454859
Dailon Livramento,Hellas Verona,ITA-Serie A,23,CPV,"MF,FW",940.0,30.8,0.08,1.1,0.09574468085106383,0.09574468085106383,0.09574468085106383,0.0,0.19148936170212766,0.09574468085106383,2.0106382978723407,0.5744680851063829,0.7659574468085106,1.7234042553191489,0.28723404255319146,1.053191489361702,1.2446808510638296,0.3829787234042553
Daler Kuzyaev,Le Havre,FRA-Ligue 1,31,RUS,MF,2657.0,53.15,0.19,0.91,0.10161836657884832,0.06774557771923222,0.10161836657884832,0.0,0.06774557771923222,0.0,1.21942039894618,0.9823108769288672,0.13549115543846443,1.0839292435077155,0.9145652992096349,0.948438088069251,0.6774557771923221,0.27098231087692887
Daley Blind,Bayern Munich,Unknown,32,NED,DF,8492.0,48.825,0.015,1.675,0.010598210080075365,0.04239284032030146,0.010598210080075365,0.0,0.0953838907206783,0.0,0.6146961846443711,0.5087140838436175,0.010598210080075365,0.7630711257654264,0.9750353273669335,0.8796514366462552,0.34974093264248707,0.12717852096090437
Damián Rodríguez,Celta Vigo,ESP-La Liga,22,ESP,MF,1335.0,0.0,0.0,1.7166666666666668,0.0,0.1348314606741573,0.0,0.0,0.33707865168539325,0.0,1.348314606741573,0.6741573033707865,0.0,2.8314606741573036,0.5393258426966292,0.8089887640449439,0.5393258426966292,0.0
Damián Suárez,Getafe,ESP-La Liga,35,URU,DF,3245.0,20.85,0.085,1.2400000000000002,0.02773497688751926,0.08320493066255778,0.02773497688751926,0.0,0.3882896764252696,0.02773497688751926,1.8582434514637904,0.8043143297380586,0.05546995377503852,3.4946070878274265,0.6933744221879815,1.4144838212634823,0.27734976887519264,0.05546995377503852
Dan Burn,Newcastle,ENG-Premier League,33,ENG,DF,11366.0,25.6,0.07250000000000001,1.625,0.03959176491289811,0.03959176491289811,0.03959176491289811,0.0,0.24546894245996834,0.007918352982579624,1.0848143586134082,0.3167341193031849,0.15044870666901283,0.3563258842160831,0.8789371810663382,0.9739574168572936,0.6017948266760513,0.15044870666901283
Dan Ndoye,Bologna,ITA-Serie A,23,SUI,"MF,FW",5271.0,34.375,0.14250000000000002,1.3625,0.18782014797951052,0.10244735344336939,0.15367103016505407,0.03414911781445646,0.15367103016505407,0.0,1.2464428002276609,3.124644280022766,0.49516220830961866,2.236767216846898,0.5122367672168469,0.7854297097324986,1.8952760387023335,0.7000569151963574
Dan-Axel Zagadou,Stuttgart,Unknown,26,FRA,DF,2962.0,14.075,0.0225,2.085,0.03038487508440243,0.0,0.03038487508440243,0.0,0.15192437542201215,0.0,1.063470627954085,0.18230925050641458,0.03038487508440243,0.0,1.5496286293045238,0.8203916272788656,0.9419311276164753,0.18230925050641458
Danel Sinani,St Pauli,Unknown,28,LUX,"MF,FW",3319.0,35.5,0.08,0.865,0.1898162097017174,0.13558300692979813,0.1084664055438385,0.08134980415787889,0.1898162097017174,0.0,1.735462488701416,1.1117806568243447,0.3796324194034348,5.558903284121723,0.1898162097017174,0.73214823742091,2.2777945164206086,0.8134980415787888
Dango Ouattara,Lorient,FRA-Ligue 1,20,BFA,"MF,FW",8440.0,23.650000000000002,0.07166666666666667,1.45,0.23459715639810427,0.18127962085308058,0.23459715639810427,0.0,0.15995260663507108,0.01066350710900474,0.8744075829383886,1.4395734597156398,0.3838862559241706,3.199052132701422,0.9170616113744076,1.183649289099526,2.431279620853081,0.7251184834123223
Dani Calvo,Oviedo,ESP-La Liga,31,ESP,DF,1611.0,0.0,0.0,0.95,0.0,0.0,0.0,0.0,0.16759776536312848,0.0,0.6145251396648045,0.33519553072625696,0.055865921787709494,0.055865921787709494,0.558659217877095,0.8379888268156425,0.16759776536312848,0.0
Dani Carvajal,Real Madrid,ESP-La Liga,33,ESP,DF,5541.0,27.225,0.1375,2.2824999999999998,0.08121277747698971,0.09745533297238766,0.08121277747698971,0.0,0.22739577693557117,0.03248511099079589,0.8933405522468869,0.7958852192744993,0.11369788846778558,2.014076881429345,0.844612885760693,1.2506767731456416,0.6172171088251218,0.19491066594477532
Dani Ceballos,Real Madrid,ESP-La Liga,28,ESP,MF,3863.0,21.25,0.0,2.44,0.0,0.1397877297437225,0.0,0.0,0.3494693243593062,0.0,0.9552161532487704,2.4462852705151437,0.023297954957287086,1.0018120631633447,1.164897747864354,1.5609629821382347,0.815428423505048,0.20968159461558375
Dani García,Athletic Club,ESP-La Liga,33,ESP,MF,2230.0,25.0,0.085,1.575,0.04035874439461883,0.08071748878923767,0.04035874439461883,0.0,0.40358744394618834,0.0,1.7757847533632285,0.8475336322869955,0.0,0.20179372197309417,1.0896860986547086,1.4125560538116593,0.6053811659192826,0.1210762331838565
Dani Olmo,RB Leipzig,Unknown,25,ESP,MF,6143.0,31.1,0.096,2.352,0.3369689076998209,0.3369689076998209,0.3076672635520104,0.029301644147810516,0.05860328829562103,0.0,1.1720657659124207,1.875305225459873,0.13185739866514734,1.2306690542080416,0.5567312388083998,0.8790493244343155,3.0180693472244835,1.0109067230994628
Dani Raba,Valencia,ESP-La Liga,30-316,ESP,"FW,MF",2158.0,16.566666666666666,0.06,0.79,0.3336422613531047,0.2919369786839666,0.16682113067655235,0.16682113067655235,0.25023169601482853,0.0,1.9184430027803523,2.4189063948100094,0.37534754402224285,4.253938832252085,0.7089898053753475,1.1260426320667285,2.252085264133457,0.7506950880444857
Dani Rodríguez,Mallorca,ESP-La Liga,37,ESP,"FW,MF",6945.0,21.775,0.08,1.0225,0.11663066954643629,0.2203023758099352,0.11663066954643629,0.0,0.28509719222462204,0.0,2.086393088552916,1.5421166306695466,0.24622030237580994,4.0950323974082075,0.5961123110151187,0.9978401727861772,1.0885529157667386,0.31101511879049676
Dani de Wit,Bochum,Unknown,26,NED,"MF,FW",1153.0,35.0,0.1,0.75,0.15611448395490027,0.07805724197745013,0.15611448395490027,0.0,0.07805724197745013,0.0,1.873373807458803,0.9366869037294016,0.6244579358196011,0.6244579358196011,0.9366869037294016,1.4050303555941024,1.5611448395490024,0.546400693842151
Daniel Amartey,Leicester City,ENG-Premier League,27,GHA,DF,1610.0,33.3,0.0,0.8,0.0,0.0,0.0,0.0,0.055900621118012424,0.0,0.391304347826087,0.16770186335403725,0.0,0.0,0.5031055900621119,0.4472049689440994,0.3354037267080745,0.11180124223602485
Daniel Ballard,Sunderland,ENG-Premier League,26-353,NIR,DF,2419.0,17.3,0.04,1.27,0.07441091360066143,0.0,0.07441091360066143,0.0,0.18602728400165355,0.037205456800330716,1.190574617610583,1.2277800744109137,0.11161637040099215,0.037205456800330716,0.781314592806945,0.7069036792062836,1.04175279040926,0.33484911120297645
Daniel Boloca,Sassuolo,ITA-Serie A,26,ROU,MF,2157.0,15.4,0.04,0.465,0.041724617524339355,0.0,0.041724617524339355,0.0,0.25034770514603616,0.041724617524339355,1.043115438108484,0.33379694019471484,0.0,0.37552155771905427,0.7093184979137692,1.4603616133518778,0.6258692628650905,0.16689847009735742
Daniel Ciofani,Cremonese,ITA-Serie A,37,ITA,FW,1060.0,53.1,0.25,0.72,0.6792452830188679,0.0,0.4245283018867924,0.25471698113207547,0.08490566037735849,0.0,0.7641509433962264,1.2735849056603774,0.5094339622641509,0.25471698113207547,0.16981132075471697,0.25471698113207547,2.7169811320754715,1.4433962264150944
Daniel Elfadli,Hamburger SV,Unknown,28,LBY,DF,1253.0,25.0,0.0,1.14,0.0,0.0,0.0,0.0,0.4309656823623304,0.07182761372705507,1.4365522745411012,1.077414205905826,0.0,0.0,1.4365522745411012,1.005586592178771,0.28731045490822027,0.07182761372705507
Daniel James,Leeds United,ENG-Premier League,28-304,WAL,"FW,MF",1401.0,19.025,0.035,1.05,0.1284796573875803,0.06423982869379015,0.1284796573875803,0.0,0.0,0.0,0.32119914346895073,1.7987152034261242,0.19271948608137046,5.3961456102783725,0.2569593147751606,0.7708779443254818,2.2483940042826553,0.44967880085653106
Daniel Maldini,Cagliari,ITA-Serie A,24-334,ITA,MF,3967.0,32.8,0.13875,1.2625,0.34030753718174944,0.04537433829089993,0.34030753718174944,0.0,0.18149735316359972,0.0,1.4066044870178978,2.427527098563146,0.18149735316359972,2.0191580539450467,0.3856818754726493,0.6806150743634989,2.6090244517267456,0.9074867658179985
Daniel Mosquera,Hellas Verona,ITA-Serie A,25,COL,FW,1972.0,29.700000000000003,0.045,0.755,0.2281947261663286,0.13691683569979715,0.2281947261663286,0.0,0.2281947261663286,0.0,3.0121703853955375,1.0496957403651115,0.5020283975659229,0.18255578093306288,0.2281947261663286,0.4563894523326572,3.331643002028398,0.9584178498985801
Daniel Muñoz,Nottingham,ENG-Premier League,30-107,COL,"DF,MF",7152.0,28.96,0.052000000000000005,1.066,0.10067114093959731,0.15100671140939598,0.10067114093959731,0.0,0.26426174496644295,0.0,1.5226510067114092,0.5788590604026845,0.39010067114093966,1.8624161073825503,1.1451342281879193,2.0511744966442955,0.9312080536912751,0.39010067114093966
Daniel Parejo,Villarreal,ESP-La Liga,36,ESP,MF,9530.0,37.15,0.2225,1.7,0.0944386149003148,0.11332633788037776,0.02833158447009444,0.06610703043022036,0.19832109129066106,0.0,0.7932843651626442,1.794333683105981,0.009443861490031479,2.597061909758657,0.8310598111227702,1.2938090241343128,0.5571878279118573,0.20776495278069254
Daniel Podence,Wolves,ENG-Premier League,28,POR,"FW,MF",1819.0,20.95,0.07,0.405,0.29686641011544807,0.0,0.29686641011544807,0.0,0.2473886750962067,0.0,1.286421110500275,1.2369433754810335,0.19791094007696539,2.9191863661352393,0.34634414513468936,0.8411214953271028,2.1770203408466187,0.8905992303463441
Daniel Svensson,Dortmund,Unknown,24-210,SWE,"MF,DF",3415.0,22.2,0.11333333333333334,2.4833333333333334,0.07906295754026355,0.13177159590043924,0.07906295754026355,0.0,0.02635431918008785,0.0,0.8960468521229867,0.8960468521229867,0.07906295754026355,4.427525622254758,0.7906295754026355,1.054172767203514,0.5007320644216692,0.1581259150805271
Daniel Vivian,Athletic Club,ESP-La Liga,26,ESP,DF,10426.0,21.525,0.0875,1.5175,0.05179359294072511,0.0,0.05179359294072511,0.0,0.20717437176290043,0.017264530980241704,1.2171494341070401,0.7337425666602724,0.043161327450604255,0.25896796470362554,1.165355841166315,1.104929982735469,0.5179359294072511,0.12085171686169192
Daniele Ghilardi,Roma,ITA-Serie A,23-247,ITA,DF,3245.0,11.1,0.0,2.013333333333333,0.0,0.0,0.0,0.0,0.2218798151001541,0.02773497688751926,1.580893682588598,1.3312788906009245,0.0,0.3882896764252696,1.4699537750385208,1.3035439137134053,0.41602465331278893,0.11093990755007704
Daniele Rugani,Juventus,ITA-Serie A,31,ITA,DF,2328.0,12.5,0.0625,1.9875,0.07731958762886598,0.0,0.07731958762886598,0.0,0.15463917525773196,0.0,1.1211340206185567,0.11597938144329897,0.03865979381443299,0.03865979381443299,0.9278350515463918,0.6572164948453608,0.5025773195876289,0.11597938144329897
Daniele Verde,Spezia,ITA-Serie A,26,ITA,"FW,MF",998.0,34.4,0.09,0.58,0.27054108216432865,0.0,0.18036072144288576,0.09018036072144288,0.09018036072144288,0.0,0.18036072144288576,1.3527054108216432,0.27054108216432865,6.132264529058116,0.721442885771543,0.3607214428857715,2.885771543086172,0.9919839679358718
Danilho Doekhi,Union Berlin,Unknown,27,NED,DF,10766.0,21.639999999999997,0.11199999999999999,1.6179999999999999,0.10867545978079138,0.025078952257105703,0.10867545978079138,0.0,0.08359650752368568,0.0,0.8443247259892253,0.5517369496563255,0.025078952257105703,0.250789522571057,1.3041055173694964,0.8777633289986997,0.9446405350176481,0.22571057031395134
Danilo,Juventus,ITA-Serie A,33,BRA,DF,6217.0,9.133333333333333,0.049999999999999996,1.87,0.05790574231944668,0.07238217789930836,0.05790574231944668,0.0,0.20267009811806339,0.0,1.0133504905903168,0.46324593855557344,0.01447643557986167,0.5645809876146051,1.3173556377674118,1.4910728647257518,0.7238217789930834,0.10133504905903169
Danilo Cataldi,Lazio,ITA-Serie A,30,ITA,MF,6995.0,24.7,0.10750000000000001,1.665,0.09006433166547533,0.05146533238027162,0.06433166547533953,0.02573266619013581,0.2573266619013581,0.0,0.8491779842744818,0.7977126518942101,0.0,1.8527519656897784,1.1193709792709077,0.8620443173695497,0.7333809864188706,0.19299499642601858
Danilo D'Ambrosio,Monza,ITA-Serie A,35,ITA,DF,3364.0,46.56666666666666,0.0,1.1266666666666667,0.0,0.0802615933412604,0.0,0.0,0.267538644470868,0.0802615933412604,1.3912009512485137,0.9363852556480381,0.1070154577883472,0.66884661117717,1.0434007134363852,1.8460166468489894,0.6956004756242569,0.267538644470868
Danilo Pereira,PSG,FRA-Ligue 1,31,POR,DF,4405.0,16.35,0.045,1.04,0.04086265607264472,0.0,0.04086265607264472,0.0,0.1021566401816118,0.0,0.6333711691259932,0.5107832009080591,0.04086265607264472,0.08172531214528944,1.2054483541430194,0.5925085130533484,0.6538024971623155,0.12258796821793416
Danilo Santos,Nottingham,ENG-Premier League,23,BRA,MF,3043.0,19.03333333333333,0.09666666666666668,1.4633333333333332,0.14788038120276042,0.11830430496220835,0.14788038120276042,0.0,0.14788038120276042,0.0,0.5619454485704897,0.3549129148866251,0.11830430496220835,0.9464344396976668,1.3900755833059482,0.9168583634571147,1.1238908971409793,0.32533683864607293
Danilo Soares,Bochum,Unknown,31,BRA,MF,2117.0,0.0,0.0,0.885,0.0,0.0,0.0,0.0,0.2550779404818139,0.0,1.4454416627302786,1.2328767123287672,0.0,1.0628247520075578,1.5729806329711857,2.2531884742560226,0.2550779404818139,0.0
Danilo Veiga,Lecce,ITA-Serie A,23-350,POR,"DF,MF",3664.0,11.1,0.0,0.9433333333333334,0.0,0.024563318777292575,0.0,0.0,0.24563318777292575,0.0,1.3509825327510918,1.4983624454148472,0.024563318777292575,2.7510917030567685,0.982532751091703,1.5229257641921399,0.2701965065502183,0.04912663755458515
Danley Jean-Jacques,Metz,FRA-Ligue 1,23,HAI,MF,2682.0,14.7,0.0,0.88,0.0,0.0,0.0,0.0,0.16778523489932887,0.0,1.610738255033557,0.7718120805369127,0.03355704697986577,0.6711409395973155,1.308724832214765,1.0067114093959733,1.1409395973154361,0.16778523489932887
Danny Ings,West Ham,ENG-Premier League,32,ENG,FW,2287.0,36.9,0.125,1.1475,0.3935286401399213,0.1574114560559685,0.314822912111937,0.07870572802798426,0.19676432006996064,0.0,0.7870572802798426,0.8657630083078268,0.5902929602098819,0.314822912111937,0.35417577612592915,0.7083515522518583,2.6759947529514645,1.0625273283777874
Danny Loader,Auxerre,FRA-Ligue 1,26-013,CMR,"FW,MF",2753.0,43.7,0.125,0.465,0.13076643661460224,0.0980748274609517,0.0980748274609517,0.03269160915365056,0.2942244823828551,0.0,2.2230294224482385,1.5691972393752271,0.16345804576825282,1.0788231020704686,0.2942244823828551,0.9480566654558664,2.1903378132945877,0.6538321830730113
Danny Welbeck,Chelsea,ENG-Premier League,35-288,ENG,"FW,MF",7924.0,33.22,0.124,1.2,0.3861686017163049,0.102221100454316,0.36345280161534577,0.02271580010095911,0.15901060070671377,0.0,0.9199899040888441,0.817768803634528,0.2612317011610298,0.102221100454316,0.29530540131246846,0.6246845027763755,2.487380111055023,1.0335689045936396
Danny da Costa,Mainz 05,Unknown,33-059,GER,DF,6867.0,17.34,0.028000000000000004,1.376,0.02621231979030144,0.09174311926605505,0.02621231979030144,0.0,0.05242463958060288,0.0,0.747051114023591,0.47182175622542594,0.0655307994757536,2.2149410222804717,1.1009174311926606,1.035386631716907,0.4849279161205767,0.10484927916120576
Dante,Nice,FRA-Ligue 1,41,BRA,DF,8955.0,23.575,0.027500000000000004,1.59,0.020100502512562814,0.04020100502512563,0.020100502512562814,0.0,0.17085427135678394,0.020100502512562814,1.0753768844221105,0.5326633165829145,0.010050251256281407,0.1407035175879397,1.1959798994974875,0.914572864321608,0.5326633165829145,0.1306532663316583
Dany Mota,Monza,ITA-Serie A,28-131,POR,FW,6133.0,30.175,0.1,0.8875,0.20544594814935596,0.08804826349258112,0.20544594814935596,0.0,0.11739768465677483,0.0,1.0712538724930702,1.4381216370454917,0.4108918962987119,2.5533996412848525,0.23479536931354966,0.2788195010598402,1.6582422957769443,0.5136148703733899
Daouda Guindo,Brest,FRA-Ligue 1,22,MLI,DF,1686.0,23.8,0.05,1.2,0.05338078291814947,0.05338078291814947,0.05338078291814947,0.0,0.21352313167259787,0.05338078291814947,1.387900355871886,0.8007117437722421,0.21352313167259787,2.0284697508896796,1.6014234875444842,1.6014234875444842,1.1209964412811388,0.2669039145907473
Dapo Afolayan,St Pauli,Unknown,27,ENG,MF,1789.0,42.1,0.04,0.77,0.1509223029625489,0.05030743432084964,0.1509223029625489,0.0,0.20122973728339855,0.0,1.1570709893795417,2.4147568474007826,0.45276690888764676,3.0184460592509783,0.4024594745667971,0.5030743432084963,2.1129122414756845,0.7546115148127446
Dara O'Shea,Ipswich Town,ENG-Premier League,27-190,IRL,DF,6284.0,11.799999999999999,0.05333333333333334,0.7266666666666666,0.0429662635264163,0.0859325270528326,0.0429662635264163,0.0,0.15754296626352643,0.014322087842138764,0.8593252705283259,0.6158497772119669,0.057288351368555056,0.31508593252705286,0.973901973265436,0.7161043921069382,0.6015276893698281,0.10025461489497137
Dario Essugo,Strasbourg,FRA-Ligue 1,21-180,POR,MF,1996.0,5.8,0.013333333333333334,1.6533333333333333,0.04509018036072144,0.04509018036072144,0.04509018036072144,0.0,0.5861723446893787,0.09018036072144288,1.8036072144288577,1.4879759519038076,0.0,0.04509018036072144,1.9388777555110221,2.1192384769539077,1.1272545090180361,0.18036072144288576
Darko Brašanac,Leganés,ESP-La Liga,32,SRB,MF,2706.0,20.466666666666665,0.056666666666666664,1.3433333333333335,0.06651884700665188,0.09977827050997783,0.06651884700665188,0.0,0.29933481152993346,0.0,1.8292682926829267,0.8980044345898004,0.2328159645232816,0.6319290465631929,0.9645232815964524,1.130820399113082,0.7649667405764966,0.2328159645232816
Darko Lazović,Hellas Verona,ITA-Serie A,33,SRB,MF,5629.0,32.03333333333333,0.09333333333333334,0.9133333333333334,0.14389767276603305,0.15988630307337007,0.11192041215135903,0.03197726061467401,0.0,0.015988630307337003,0.3517498667614141,0.22384082430271807,0.4157043879907621,4.6047255285130575,0.5116361698347841,0.6555338426008173,1.5508971398116893,0.5276248001421211
Darlin Yongwa,Lorient,FRA-Ligue 1,24,CMR,"DF,MF",3252.0,28.866666666666664,0.06,0.9533333333333333,0.055350553505535055,0.08302583025830258,0.055350553505535055,0.0,0.24907749077490773,0.027675276752767528,1.3007380073800738,1.937269372693727,0.19372693726937268,3.625461254612546,0.8025830258302583,1.5498154981549814,0.940959409594096,0.2767527675276753
Darwin Machís,Valladolid,ESP-La Liga,31,VEN,"MF,FW",2023.0,32.9,0.06333333333333334,0.9033333333333333,0.17795353435491842,0.08897676717745921,0.13346515076618884,0.044488383588729606,0.044488383588729606,0.044488383588729606,1.1566979733069698,1.7795353435491845,0.2669303015323777,7.563025210084034,0.5338606030647554,0.9342560553633218,2.402372713791399,0.8452792881858626
Darwin Núñez,Liverpool,ENG-Premier League,25,URU,FW,4875.0,41.6,0.12,2.0533333333333332,0.46153846153846156,0.24,0.46153846153846156,0.0,0.3323076923076923,0.01846153846153846,1.476923076923077,0.8492307692307693,1.1446153846153846,0.7569230769230769,0.14769230769230768,0.6646153846153846,4.172307692307693,1.7723076923076924
David Affengruber,Elche,ESP-La Liga,25-175,AUT,DF,3219.0,14.3,0.035,0.735,0.027958993476234855,0.027958993476234855,0.027958993476234855,0.0,0.195712954333644,0.027958993476234855,0.9785647716682199,1.0904007455731595,0.05591798695246971,0.2516309412861137,1.537744641192917,1.4818266542404472,0.5312208760484622,0.11183597390493942
David Alaba,Real Madrid,ESP-La Liga,33,AUT,DF,3733.0,18.75,0.0175,2.2675,0.024109295472810075,0.0964371818912403,0.024109295472810075,0.0,0.1687650683096705,0.0,0.3857487275649612,0.07232788641843022,0.0,1.1331368872220735,0.8197160460755425,0.5786230913474417,0.7714974551299224,0.1928743637824806
David Brooks,Bournemouth,ENG-Premier League,29-064,WAL,"FW,MF",2644.0,26.72,0.036,0.97,0.1361573373676248,0.1361573373676248,0.1361573373676248,0.0,0.4084720121028744,0.0,1.1232980332829048,1.1573373676248109,0.1021180030257186,4.459152798789712,0.4425113464447807,0.7829046898638427,3.097579425113465,1.0552193645990924
David Carmo,Oviedo,ESP-La Liga,26,ANG,DF,1786.0,30.0,0.1,0.59,0.05039193729003359,0.0,0.05039193729003359,0.0,0.40313549832026874,0.05039193729003359,1.007838745800672,0.20156774916013437,0.0,0.10078387458006718,1.0582306830907053,0.9070548712206047,0.503919372900336,0.15117581187010076
David Costa,Lens,FRA-Ligue 1,23,POR,MF,3253.0,35.63333333333333,0.05666666666666667,1.5733333333333333,0.13833384568090992,0.13833384568090992,0.13833384568090992,0.0,0.13833384568090992,0.027666769136181983,0.7746695358130955,1.1343375345834614,0.0,3.9563479864740243,0.6916692284045496,0.4703350753150938,1.7983399938518292,0.6640024592683677
David Costas,Oviedo,ESP-La Liga,30,ESP,DF,2066.0,20.0,0.2,0.92,0.04356243949661181,0.0,0.04356243949661181,0.0,0.13068731848983545,0.0,0.6969990319457889,0.4356243949661181,0.13068731848983545,0.04356243949661181,1.176185866408519,0.9583736689254598,0.21781219748305905,0.04356243949661181
David Datro Fofana,Union Berlin,Unknown,20,CIV,"FW,MF",1802.0,50.65,0.0625,0.7725,0.24972253052164262,0.049944506104328525,0.24972253052164262,0.0,0.049944506104328525,0.0,1.498335183129856,1.248612652608213,0.8990011098779135,0.749167591564928,0.09988901220865705,0.6992230854605994,2.547169811320755,1.2985571587125415
David García,Osasuna,ESP-La Liga,29,ESP,DF,5014.0,16.65,0.065,1.4300000000000002,0.035899481451934584,0.017949740725967292,0.035899481451934584,0.0,0.2333466294375748,0.017949740725967292,1.5616274431591544,0.5025927403270841,0.017949740725967292,0.07179896290386917,1.2205823693657758,0.6282409254088551,0.5384922217790188,0.08974870362983646
David Jurásek,Hoffenheim,Unknown,23,CZE,"DF,MF",1115.0,40.0,0.0,0.94,0.0,0.16143497757847533,0.0,0.0,0.08071748878923767,0.0,0.32286995515695066,0.242152466367713,0.08071748878923767,6.376681614349776,0.8071748878923767,1.1300448430493273,0.8071748878923767,0.32286995515695066
David López,Mallorca,ESP-La Liga,22,ESP,DF,7345.0,39.199999999999996,0.09000000000000001,1.1849999999999998,0.08577263444520081,0.02450646698434309,0.08577263444520081,0.0,0.18379850238257317,0.0,0.7351940095302927,0.6371681415929203,0.07351940095302928,0.03675970047651464,0.7229407760381211,0.8944860449285228,0.539142273655548,0.2205582028590878
David Møller Wolfe,Hamburger SV,Unknown,24-140,NOR,MF,1132.0,0.0,0.0,0.25,0.0,0.15901060070671377,0.0,0.0,0.07950530035335689,0.0,0.7950530035335689,0.39752650176678445,0.0,2.5441696113074204,0.6360424028268551,0.39752650176678445,0.4770318021201414,0.0
David Nemeth,St Pauli,Unknown,23,AUT,DF,2137.0,20.0,0.0,1.0,0.0,0.04211511464670099,0.0,0.0,0.12634534394010294,0.0,0.8844174075807205,0.5896116050538137,0.0,0.29480580252690686,0.7580720636406177,1.2213383247543286,0.21057557323350493,0.04211511464670099
David Neres,Napoli,ITA-Serie A,29-191,BRA,"FW,MF",2245.0,15.866666666666667,0.08333333333333333,1.4533333333333331,0.20044543429844097,0.2806236080178174,0.20044543429844097,0.0,0.1603563474387528,0.0,1.3630289532293987,0.6815144766146993,0.1603563474387528,5.812917594654789,0.3207126948775056,0.6414253897550112,1.9242761692650334,0.44097995545657015
David Okereke,Cremonese,ITA-Serie A,27,NGA,"FW,MF",2921.0,53.13333333333333,0.12,1.08,0.27730229373502224,0.0,0.2464909277644642,0.030811365970558027,0.1232454638822321,0.030811365970558027,0.7394727832933927,1.201643272851763,0.40054775761725436,0.955152345087299,0.3081136597055803,0.27730229373502224,2.372475179732968,0.955152345087299
David Raum,RB Leipzig,Unknown,28-141,GER,DF,8940.0,38.4,0.076,1.7579999999999998,0.060402684563758385,0.2214765100671141,0.050335570469798654,0.010067114093959733,0.2214765100671141,0.0,1.0469798657718121,0.5234899328859061,0.18120805369127518,9.130872483221477,0.9060402684563758,1.2281879194630874,0.6342281879194631,0.2214765100671141
David Silva,Real Sociedad,ESP-La Liga,36,ESP,"MF,FW",1937.0,43.3,0.07,2.11,0.09292720702116676,0.23231801755291687,0.09292720702116676,0.0,0.13939081053175012,0.0,1.3939081053175013,1.5332989158492514,0.13939081053175012,0.9292720702116675,0.6969540526587507,0.9292720702116675,1.3939081053175013,0.6040268456375839
David Torres,Valladolid,ESP-La Liga,21,ESP,DF,1772.0,16.65,0.0,0.875,0.0,0.0,0.0,0.0,0.3047404063205418,0.0,0.8126410835214446,0.25395033860045146,0.0,0.20316027088036115,0.6602708803611739,0.5586907449209932,0.20316027088036115,0.05079006772009029
David Zec,Holstein Kiel,Unknown,24,SVN,DF,1541.0,45.5,0.18,0.94,0.11680726800778714,0.0,0.11680726800778714,0.0,0.2920181700194679,0.0,1.226476314081765,0.46722907203114855,0.17521090201168074,0.05840363400389357,0.8176508760545101,0.5840363400389358,0.6424399740428294,0.2920181700194679
Davide Bartesaghi,Milan,ITA-Serie A,20-255,ITA,MF,2749.0,32.95,0.0225,2.61,0.06547835576573299,0.0,0.06547835576573299,0.0,0.09821753364859948,0.032739177882866496,0.6875227355401964,0.5238268461258639,0.19643506729719895,5.009094216078574,0.6220443797744635,1.3095671153146597,0.7530010913059295,0.26191342306293197
Davide Calabria,Milan,ITA-Serie A,27,ITA,DF,4823.0,20.975,0.0275,1.8299999999999998,0.037321169396641096,0.14928467758656438,0.037321169396641096,0.0,0.2612481857764877,0.037321169396641096,0.951689819614348,0.8024051420277836,0.018660584698320548,1.9966825627202986,1.0823139125025918,1.8287373004354135,0.8024051420277836,0.20526643168152603
Davide Faraoni,Hellas Verona,ITA-Serie A,32,ITA,"MF,DF",2739.0,18.15,0.025,1.01,0.06571741511500548,0.1642935377875137,0.06571741511500548,0.0,0.4271631982475356,0.0,1.380065717415115,0.887185104052574,0.19715224534501644,2.8258488499452357,0.887185104052574,1.5443592552026288,1.0186199342825848,0.23001095290251916
Davide Frattesi,Lazio,ITA-Serie A,26-323,ITA,MF,5828.0,36.980000000000004,0.196,2.2239999999999998,0.3242964996568291,0.06177076183939602,0.3242964996568291,0.0,0.09265614275909403,0.0,1.1736444749485244,1.8685655456417296,0.07721345229924502,0.6331503088538092,0.49416609471516815,0.9111187371310914,2.2546328071379547,0.8184625943719972
Davide Zappacosta,Atalanta,ITA-Serie A,34-091,ITA,DF,8172.0,24.419999999999998,0.078,1.8259999999999998,0.14317180616740088,0.0881057268722467,0.14317180616740088,0.0,0.16519823788546256,0.0,0.9030837004405287,0.5506607929515419,0.18722466960352424,3.766519823788546,0.46255506607929514,0.7819383259911894,1.5418502202643172,0.45154185022026433
Davie Selke,Köln,Unknown,28,GER,FW,2416.0,51.199999999999996,0.17666666666666667,0.9666666666666667,0.4470198675496689,0.037251655629139076,0.4097682119205298,0.037251655629139076,0.22350993377483444,0.0,1.7135761589403973,1.3410596026490067,0.6332781456953642,0.4470198675496689,0.037251655629139076,0.07450331125827815,2.495860927152318,1.1175496688741722
Davinson Sánchez,Tottenham,ENG-Premier League,27,COL,DF,935.0,16.65,0.0,1.25,0.0,0.0,0.0,0.0,0.1925133689839572,0.0,0.8663101604278075,0.48128342245989303,0.0962566844919786,0.1925133689839572,1.251336898395722,0.9625668449197861,0.6737967914438503,0.1925133689839572
Dayann Methalie,Toulouse,FRA-Ligue 1,19,FRA,MF,1871.0,46.7,0.13,1.14,0.09620523784072688,0.04810261892036344,0.09620523784072688,0.0,0.43292357028327094,0.0,2.7418492784607165,0.5291288081239979,0.04810261892036344,2.068412613575628,1.1063602351683592,1.443078567610903,0.7215392838054515,0.3367183324425441
Dayot Upamecano,Bayern Munich,Unknown,27-318,FRA,DF,7843.0,34.38,0.174,2.2199999999999998,0.05737600408007141,0.02295040163202856,0.05737600408007141,0.0,0.22950401632028564,0.02295040163202856,1.0098176718092566,0.43605763100854267,0.03442560244804284,0.20655361468825706,1.1016192783373708,1.3196480938416424,0.47048323345658544,0.16065281142419993
Dean Huijsen,Roma,ITA-Serie A,18,ESP,DF,5343.0,20.1,0.12000000000000002,2.244,0.11791128579449747,0.0673778775968557,0.11791128579449747,0.0,0.3537338573834924,0.016844469399213927,1.1117349803481191,0.454800673778776,0.05053340819764178,0.2695115103874228,1.2633352049410442,0.909601347557552,0.8253790005614824,0.20213363279056712
Declan Rice,Arsenal,ENG-Premier League,27-239,ENG,MF,12658.0,24.66,0.082,2.104,0.13509243166376994,0.16353294359298468,0.13509243166376994,0.0,0.14220255964607365,0.007110127982303681,0.7678938220887975,0.36972665507979147,0.04977089587612577,3.2279981039658714,1.2016116290093222,1.0238584294517301,1.315373676726181,0.4052772949913099
Dehmaine Assoumani,Nantes,FRA-Ligue 1,20,FRA,MF,1374.0,45.400000000000006,0.015,0.89,0.06550218340611354,0.0,0.06550218340611354,0.0,0.32751091703056767,0.0,1.5720524017467248,1.5720524017467248,0.0,6.157205240174672,1.1135371179039302,1.5065502183406114,2.096069868995633,0.5895196506550218
Deiver Machado,Nantes,FRA-Ligue 1,31,COL,"DF,MF",6293.0,28.32,0.10200000000000001,1.528,0.12871444462100748,0.11441283966311776,0.12871444462100748,0.0,0.2717304941999047,0.04290481487366916,1.7877006197362149,1.8735102494835532,0.24312728428412522,2.359764818051804,0.7436834578102653,1.2871444462100745,1.0011123470522802,0.3146353090735738
Dejan Kulusevski,Tottenham,ENG-Premier League,24,SWE,"MF,FW",7218.0,34.56666666666666,0.11333333333333333,1.46,0.21197007481296756,0.1745635910224439,0.21197007481296756,0.0,0.14962593516209477,0.0,1.7206982543640899,1.14713216957606,0.22443890274314213,2.930174563591023,0.48628428927680795,0.8728179551122195,1.832917705735661,0.6483790523690772
Dejan Ljubičić,Schalke 04,Unknown,28-337,AUT,MF,3921.0,56.4,0.04666666666666667,0.8433333333333334,0.11476664116296863,0.06885998469778118,0.0918133129303749,0.022953328232593724,0.20657995409334354,0.0,1.3312930374904361,0.5738332058148432,0.16067329762815608,1.675592960979342,0.6197398622800305,0.8951798010711552,1.6985462892119358,0.5967865340474369
Dejan Lovren,Lyon,FRA-Ligue 1,34,CRO,DF,2177.0,44.900000000000006,0.04,1.505,0.04134129536058796,0.0,0.04134129536058796,0.0,0.16536518144235185,0.04134129536058796,0.9508497932935231,0.6201194304088196,0.0,0.3720716582452917,1.5709692237023427,1.033532384014699,0.7854846118511714,0.28938906752411575
Demarai Gray,Everton,ENG-Premier League,26,JAM,"FW,MF",2507.0,40.7,0.07,0.79,0.14359792580773834,0.035899481451934584,0.07179896290386917,0.07179896290386917,0.10769844435580374,0.0,0.8615875548464299,1.8308735540486638,0.4666932588751496,6.2106102911846826,0.43079377742321495,0.8615875548464299,2.1180694056641403,0.8615875548464299
Demba Seck,Torino,ITA-Serie A,22,SEN,MF,1242.0,26.933333333333334,0.0,0.9966666666666667,0.0,0.0,0.0,0.0,0.07246376811594203,0.0,1.8840579710144927,2.391304347826087,0.5797101449275363,0.7971014492753623,0.21739130434782608,0.7246376811594202,1.8840579710144927,0.5072463768115942
Denis Genreau,Toulouse,FRA-Ligue 1,25,AUS,MF,1343.0,20.633333333333333,0.0,1.2566666666666666,0.0,0.06701414743112435,0.0,0.0,0.20104244229337304,0.0,1.6753536857781086,1.2062546537602383,0.20104244229337304,2.2114668652271035,1.0722263588979897,1.8763961280714818,1.0722263588979897,0.20104244229337304
Denis Huseinbasic,Köln,Unknown,24,BIH,MF,3144.0,16.666666666666668,0.08333333333333333,0.9633333333333334,0.11450381679389314,0.11450381679389314,0.11450381679389314,0.0,0.25763358778625955,0.0,1.4312977099236641,0.8301526717557252,0.0,0.8015267175572519,0.601145038167939,1.1450381679389312,0.9732824427480915,0.20038167938931298
Denis Suárez,Alavés,ESP-La Liga,32-247,ESP,MF,3217.0,39.88,0.042,1.366,0.055952751010258,0.083929126515387,0.055952751010258,0.0,0.25178737954616104,0.0,1.230960522225676,1.4267951507615793,0.055952751010258,3.469070562635996,0.5035747590923221,1.1470313957102891,0.727385763133354,0.307740130556419
Denis Vavro,Wolfsburg,Unknown,29,SVK,DF,3637.0,34.85,0.08,1.1400000000000001,0.07423700852350838,0.0,0.07423700852350838,0.0,0.14847401704701677,0.0,0.3959307121253781,0.2474566950783613,0.0,0.29694803409403353,1.2372834753918065,0.4454220511410503,0.9155897717899368,0.29694803409403353
Denis Zakaria,Juventus,ITA-Serie A,25,SUI,MF,7116.0,23.45,0.075,1.9116666666666664,0.15177065767284992,0.06323777403035413,0.12647554806070826,0.025295109612141653,0.290893760539629,0.03794266441821248,1.2647554806070826,0.581787521079258,0.012647554806070826,0.40472175379426645,1.7074198988195617,1.100337268128162,0.9991568296795952,0.31618887015177066
Deniz Undav,Stuttgart,Unknown,30-053,GER,MF,6826.0,54.56,0.126,1.6620000000000001,0.6724289481394667,0.2636976267213595,0.6724289481394667,0.0,0.21095810137708762,0.0,1.3712276589510695,1.0020509815411662,0.6328743041312628,0.48784060943451507,0.1977732200410196,0.5801347787869909,4.416935247582772,1.8986229123937886
Dennis Appiah,Saint-Étienne,FRA-Ligue 1,32,FRA,DF,2923.0,30.0,0.0,0.885,0.0,0.030790283954840916,0.0,0.0,0.09237085186452275,0.0,1.6318850496065687,0.30790283954840914,0.09237085186452275,2.278481012658228,1.2316113581936365,1.6626753335614095,0.30790283954840914,0.09237085186452275
Dennis Geiger,Hoffenheim,Unknown,26,GER,MF,2750.0,26.666666666666668,0.06666666666666667,1.3366666666666667,0.03272727272727272,0.09818181818181819,0.03272727272727272,0.0,0.4581818181818182,0.0,2.290909090909091,0.9818181818181819,0.0,1.8,1.0145454545454546,1.3418181818181818,0.32727272727272727,0.1309090909090909
Dennis Man,Parma,ITA-Serie A,25,ROU,"MF,FW",1995.0,40.8,0.08,0.94,0.18045112781954886,0.18045112781954886,0.18045112781954886,0.0,0.0,0.0,0.3609022556390977,0.7669172932330828,0.18045112781954886,1.488721804511278,0.3609022556390977,0.27067669172932335,2.210526315789474,0.9022556390977443
Denzel Dumfries,Inter,ITA-Serie A,29,NED,MF,7369.0,32.1,0.10400000000000001,2.066,0.1831998914371014,0.13434658705387434,0.1831998914371014,0.0,0.1465599131496811,0.012213326095806758,1.5877323924548787,1.0869860225268013,0.1831998914371014,2.7113583932691,0.4885330438322703,0.7694395440358257,1.4900257836884243,0.5495996743113041
Derek Cornelius,Marseille,FRA-Ligue 1,28-289,CAN,"DF,FW",1504.0,3.6999999999999997,0.0,1.7133333333333336,0.0,0.0,0.0,0.0,0.538563829787234,0.11968085106382978,1.5558510638297873,0.9574468085106382,0.0,0.23936170212765956,0.8976063829787234,1.0172872340425532,0.538563829787234,0.05984042553191489
Dermane Karim,Troyes,FRA-Ligue 1,22-258,TOG,MF,1461.0,18.75,0.03,1.435,0.061601642710472276,0.12320328542094455,0.061601642710472276,0.0,0.18480492813141686,0.0,1.3552361396303902,2.4640657084188913,0.0,1.0472279260780288,0.6776180698151951,1.0472279260780288,1.2320328542094456,0.18480492813141686
Derrick Köhn,Union Berlin,Unknown,27-218,GHA,"DF,MF",3251.0,49.56666666666666,0.06333333333333334,1.18,0.08305136880959704,0.11073515841279608,0.05536757920639804,0.02768378960319902,0.19378652722239312,0.02768378960319902,1.3011381113503537,0.9966164257151645,0.27683789603199016,4.706244232543832,0.5259920024607814,0.9412488465087665,1.1627191633343585,0.27683789603199016
Derry Scherhant,Freiburg,Unknown,23-304,GER,MF,1749.0,27.03333333333333,0.13,1.6966666666666665,0.30874785591766724,0.051457975986277875,0.30874785591766724,0.0,0.10291595197255575,0.0,1.3379073756432247,2.006861063464837,0.2058319039451115,4.322469982847341,0.411663807890223,0.8747855917667238,2.3156089193825045,0.7718696397941681
Destiny Udogie,Udinese,ITA-Serie A,19,ITA,MF,8445.0,27.52,0.066,1.142,0.05328596802841918,0.09591474245115453,0.05328596802841918,0.0,0.2024866785079929,0.010657193605683837,1.4493783303730017,1.6731793960923624,0.1492007104795737,1.0550621669626998,1.0870337477797514,1.5239786856127886,0.47957371225577267,0.1811722912966252
Devyne Rensch,Roma,ITA-Serie A,22,NED,MF,1653.0,50.0,0.085,2.29,0.054446460980036304,0.27223230490018147,0.054446460980036304,0.0,0.054446460980036304,0.0,0.3811252268602541,1.3611615245009074,0.21778584392014522,1.7967332123411979,1.1978221415607986,1.47005444646098,0.4900181488203267,0.21778584392014522
Diego,Leganés,ESP-La Liga,24,ESP,"FW,MF",1195.0,31.0,0.1,1.14,0.22594142259414227,0.0,0.22594142259414227,0.0,0.1506276150627615,0.0,1.6569037656903767,1.7322175732217573,0.5271966527196653,0.37656903765690375,0.22594142259414227,0.07531380753138076,2.1841004184100417,0.6778242677824268
Diego Carlos,Parma,ITA-Serie A,33-179,BRA,DF,4845.0,12.0,0.026000000000000002,1.372,0.018575851393188854,0.0,0.018575851393188854,0.0,0.2414860681114551,0.0,1.4860681114551082,0.22291021671826627,0.07430340557275542,0.07430340557275542,0.7430340557275541,0.6687306501547987,0.5015479876160991,0.07430340557275542
Diego Coppola,Hellas Verona,ITA-Serie A,20,ITA,DF,7372.0,20.516666666666666,0.05833333333333333,1.4866666666666666,0.048833423765599564,0.024416711882799782,0.048833423765599564,0.0,0.3296256104177971,0.0,1.1842105263157894,0.09766684753119913,0.0,0.03662506782419967,1.4527943570265869,1.1353771025501898,0.37845903418339666,0.12208355941399891
Diego Costa,Wolves,ENG-Premier League,33,ESP,FW,1241.0,50.0,0.04,1.26,0.072522159548751,0.0,0.072522159548751,0.0,0.362610797743755,0.072522159548751,2.103142626913779,0.72522159548751,1.160354552780016,0.43513295729250606,0.072522159548751,0.072522159548751,2.0306204673650283,1.0153102336825142
Diego González,Elche,ESP-La Liga,27,ESP,DF,958.0,0.0,0.0,0.5,0.0,0.0,0.0,0.0,0.3757828810020876,0.0,1.5970772442588728,0.4697286012526096,0.0,0.0939457202505219,0.6576200417536534,0.7515657620041752,0.5636743215031316,0.0
Diego Gómez,Brighton,ENG-Premier League,23-167,PAR,MF,2901.0,33.3,0.07666666666666666,1.54,0.1861427094105481,0.06204756980351603,0.1861427094105481,0.0,0.2792140641158221,0.0,1.8924508790072387,0.43433298862461217,0.12409513960703206,1.3029989658738366,0.8996897621509825,2.109617373319545,1.954498448810755,0.6514994829369183
Diego Llorente,Roma,ITA-Serie A,29,ESP,DF,7268.0,31.650000000000002,0.09000000000000001,1.7716666666666667,0.04953219592735278,0.012383048981838195,0.04953219592735278,0.0,0.18574573472757291,0.0,0.9287286736378646,0.7925151348376445,0.0,0.11144744083654375,1.5478811227297742,0.89157952669235,0.4210236653824986,0.16097963676389654
Diego López,Valencia,ESP-La Liga,23,ESP,"MF,FW",7602.0,40.925000000000004,0.16,1.3475000000000001,0.2131018153117601,0.15390686661404893,0.2131018153117601,0.0,0.08287292817679558,0.0,0.8642462509865825,1.2312549329123914,0.2959747434885556,2.202052091554854,0.6156274664561957,0.7340173638516181,1.4798737174427783,0.5327545382794001
Diego Moreira,Milan,ITA-Serie A,22-035,BEL,MF,4932.0,27.475,0.05500000000000001,1.2025,0.10948905109489052,0.23722627737226276,0.10948905109489052,0.0,0.16423357664233576,0.018248175182481754,0.8759124087591241,1.186131386861314,0.20072992700729927,3.521897810218978,1.0401459854014599,1.0036496350364965,1.0766423357664234,0.38321167883211676
Diego Rico,Getafe,ESP-La Liga,32,ESP,DF,8758.0,22.25,0.0,1.4049999999999998,0.0,0.10276318794245262,0.0,0.0,0.2671842886503768,0.010276318794245261,1.222881936515186,1.7778031514044303,0.08221055035396209,4.151632792875086,1.263987211692167,1.5003425439598084,0.5549212148892442,0.12331582553094314
Dilane Bakwa,Lille,FRA-Ligue 1,24-015,FRA,"FW,MF",5402.0,40.58,0.238,1.51,0.18326545723805995,0.2998889300259163,0.18326545723805995,0.0,0.14994446501295816,0.016660496112550906,1.1662347278785634,2.7489818585709,0.13328396890040725,5.931136616068123,0.5831173639392817,0.7497223250647908,1.8159940762680487,0.6497593483894853
Dimitri Foulquier,Valencia,ESP-La Liga,32,FRA,DF,7029.0,11.6,0.0,1.255,0.0,0.0384122919334187,0.0,0.0,0.1792573623559539,0.0,1.17797695262484,1.0243277848911652,0.05121638924455826,2.5224071702944943,0.678617157490397,1.0243277848911652,0.3713188220230474,0.05121638924455826
Dimitri Liénard,Strasbourg,FRA-Ligue 1,34,FRA,"MF,DF",1543.0,15.4,0.0,1.21,0.0,0.0,0.0,0.0,0.23331173039533376,0.0,0.933246921581335,0.8749189889825015,0.17498379779650033,7.232663642255347,0.8749189889825015,2.0414776409591706,0.7582631237848346,0.11665586519766688
Dimitris Giannoulis,Augsburg,Unknown,29,GRE,MF,4538.0,45.4,0.14,1.3,0.059497576024680476,0.17849272807404143,0.059497576024680476,0.0,0.31732040546496254,0.0,0.6544733362714852,0.7933010136624064,0.0991626267078008,4.343323049801675,1.3486117232260908,1.0511238431026884,0.45614808285588365,0.1983252534156016
Dimitris Nikolaou,Spezia,ITA-Serie A,23,GRE,DF,2958.0,30.0,0.1,0.84,0.030425963488843813,0.0,0.030425963488843813,0.0,0.2738336713995943,0.030425963488843813,0.821501014198783,0.6085192697768762,0.0,0.5476673427991886,0.821501014198783,0.973630831643002,0.3042596348884381,0.09127789046653144
Diogo Dalot,Manchester Utd,ENG-Premier League,27-176,POR,DF,10923.0,24.18,0.032,1.542,0.032957978577313925,0.09063444108761329,0.032957978577313925,0.0,0.18950837681955507,0.008239494644328481,1.095852787695688,0.32957978577313923,0.09063444108761329,2.068113155726449,1.145289755561659,1.3265586377368856,0.8651469376544906,0.21422686075254052
Diogo Jota,Liverpool,ENG-Premier League,27,POR,FW,3472.0,35.23333333333333,0.18666666666666668,2.12,0.5961981566820277,0.25921658986175117,0.5961981566820277,0.0,0.1814516129032258,0.025921658986175114,1.788594470046083,1.2960829493087558,0.2073732718894009,0.6480414746543779,0.4665898617511521,0.9331797235023042,3.2920506912442398,1.140552995391705
Diogo Leite,Union Berlin,Unknown,26,POR,DF,9465.0,21.924999999999997,0.015,1.3475,0.009508716323296355,0.028526148969889066,0.009508716323296355,0.0,0.18066561014263074,0.009508716323296355,1.283676703645008,1.1980982567353409,0.04754358161648178,0.22820919175911253,1.606973058637084,0.988906497622821,0.4944532488114105,0.12361331220285263
Dion Drena Beljo,Augsburg,Unknown,21,CRO,"FW,MF",1709.0,44.55,0.18,1.09,0.26331187829139846,0.1053247513165594,0.26331187829139846,0.0,0.2106495026331188,0.0,1.8431831480397893,0.8952603861907548,0.684610883557636,0.4212990052662376,0.1053247513165594,0.31597425394967815,1.6325336454066708,0.7372732592159158
Dion Lopy,Reims,FRA-Ligue 1,20,SEN,MF,3295.0,28.5,0.0,0.855,0.0,0.027314112291350532,0.0,0.0,0.30045523520485584,0.054628224582701064,1.6934749620637328,1.7754172989377843,0.0,0.35508345978755684,1.0106221547799696,1.6661608497723823,1.1198786039453716,0.3277693474962064
Divock Origi,Milan,ITA-Serie A,27,BEL,"FW,MF",1633.0,35.0,0.035,1.115,0.11022657685241886,0.11022657685241886,0.11022657685241886,0.0,0.11022657685241886,0.0,1.4880587875076547,1.3778322106552356,0.6062461726883037,1.3227189222290263,0.11022657685241886,0.5511328842620943,2.3698714023270058,0.8818126148193509
Djaoui Cissé,Rennes,FRA-Ligue 1,21,FRA,MF,2106.0,23.900000000000002,0.023333333333333334,2.1533333333333333,0.042735042735042736,0.0,0.042735042735042736,0.0,0.29914529914529914,0.0,1.8376068376068375,1.0256410256410258,0.0,1.2820512820512822,0.8119658119658119,1.7521367521367521,1.6666666666666665,0.5555555555555556
Djed Spence,Genoa,ITA-Serie A,22,ENG,MF,5287.0,54.96,0.02,1.332,0.017022886324947986,0.03404577264989597,0.017022886324947986,0.0,0.1532059769245319,0.017022886324947986,1.0724418384717231,1.055418952146775,0.1191602042746359,1.5150368829203709,0.8341214299224512,1.259693588046151,0.4936637034234916,0.2383204085492718
Djené,Getafe,ESP-La Liga,34-253,TOG,DF,10800.0,5.5600000000000005,0.0,1.138,0.0,0.008333333333333333,0.0,0.0,0.38333333333333336,0.04166666666666667,1.5083333333333333,1.05,0.025,0.8416666666666667,1.0583333333333333,0.7333333333333333,0.20833333333333331,0.016666666666666666
Djibril Sidibé,Toulouse,FRA-Ligue 1,33,FRA,"MF,DF",4242.0,41.25,0.19,1.3599999999999999,0.06364922206506365,0.1485148514851485,0.042432814710042434,0.021216407355021217,0.042432814710042434,0.0,1.0396039603960396,0.7001414427157001,0.1485148514851485,2.164073550212164,0.8062234794908062,1.4427157001414428,0.2758132956152758,0.1272984441301273
Djibril Sow,Frankfurt,Unknown,25,SUI,MF,8502.0,26.580000000000002,0.11000000000000001,0.9,0.12702893436838392,0.06351446718419196,0.12702893436838392,0.0,0.2858151023288638,0.0,1.397318278052223,1.4714184897671136,0.0529287226534933,0.49752999294283695,1.0691601976005647,0.931545518701482,0.931545518701482,0.30698659139026113
Dodi Lukebakio,Hertha BSC,Unknown,24,BEL,"FW,MF",6794.0,43.55,0.2275,0.765,0.3709155136885487,0.0794818957904033,0.2914336178981454,0.0794818957904033,0.1457168089490727,0.013246982631733883,1.3114512805416545,1.8413305858110096,0.6358551663232264,3.1660288489843977,0.34442154842508094,0.3709155136885487,2.6758904916102444,1.112746541065646
Dodô,Fiorentina,ITA-Serie A,27-297,BRA,DF,9193.0,24.919999999999998,0.026000000000000002,1.198,0.019580115305123463,0.09790057652561733,0.019580115305123463,0.0,0.19580115305123466,0.009790057652561732,0.7929946698575003,1.5957793973675625,0.048950288262808665,3.681061677363211,0.9398455346459262,0.7146742086370064,0.6461438050690743,0.14685086478842596
Domagoj Bradarić,Hellas Verona,ITA-Serie A,25,CRO,MF,8898.0,27.925,0.0275,0.745,0.010114632501685771,0.07080242751180041,0.010114632501685771,0.0,0.18206338503034392,0.0,0.6068779501011463,0.7889413351314901,0.09103169251517196,3.3985165205664196,0.7687120701281186,0.9204315576534053,0.4855023600809171,0.14160485502360082
Domenico Berardi,Sassuolo,ITA-Serie A,32-040,ITA,"FW,MF",5327.0,51.775,0.1925,1.3775,0.5068518866153557,0.23653088042049936,0.2703210061948564,0.23653088042049936,0.25342594330767787,0.016895062887178524,1.5543457856204241,1.9260371691383518,0.4054815092922846,3.700018772292097,0.9461235216819974,0.6251173268256054,3.0073211939177775,1.2671297165383895
Domingos Duarte,Getafe,ESP-La Liga,30,POR,DF,8346.0,22.275,0.10250000000000001,1.205,0.021567217828900073,0.03235082674335011,0.021567217828900073,0.0,0.3342918763479511,0.05391804457225018,1.0352264557872035,0.7117181883537024,0.05391804457225018,0.021567217828900073,1.0675772825305536,0.603882099209202,0.3558590941768512,0.09705248023005032
Dominic Calvert-Lewin,Leeds United,ENG-Premier League,29-178,ENG,FW,7918.0,42.28,0.11600000000000002,1.254,0.30689568072745643,0.05683253346804749,0.22733013387218995,0.07956554685526648,0.13639808032331396,0.0,1.5003788835564535,1.2389492296034352,1.1366506693609497,0.2727961606466279,0.21596362717858045,0.21596362717858045,2.6483960596110125,1.1139176559737307
Dominic Solanke,Tottenham,ENG-Premier League,28-361,ENG,FW,9433.0,40.94,0.11000000000000001,0.9,0.3530160076327785,0.1240326513304357,0.3243930880949857,0.028622919537792852,0.057245839075585704,0.0,1.240326513304357,1.3834411109933213,0.34347503445351424,0.23852432948160712,0.16219654404749284,0.4198028198876285,2.5569808120428283,1.00180218382275
Dominick Drexler,Schalke 04,Unknown,32,GER,MF,1366.0,37.5,0.25,0.89,0.2635431918008785,0.19765739385065886,0.2635431918008785,0.0,0.19765739385065886,0.06588579795021962,1.7130307467057102,1.581259150805271,0.13177159590043924,2.964860907759883,0.527086383601757,1.1859443631039532,1.054172767203514,0.3953147877013177
Dominik Kohr,Mainz 05,Unknown,32-222,GER,DF,9188.0,42.739999999999995,0.08,1.26,0.0783630822812364,0.0,0.0783630822812364,0.0,0.4701784936874184,0.0391815411406182,1.7435785807575097,1.3713539399216368,0.02938615585546365,0.5779277318241184,1.5770570309098826,1.5476708750544188,0.910970831519373,0.24488463212886374
Dominik Szoboszlai,RB Leipzig,Unknown,21,HUN,"MF,FW",10540.0,36.879999999999995,0.086,1.89,0.18785578747628082,0.19639468690702086,0.17077798861480076,0.017077798861480076,0.17077798861480076,0.025616698292220113,1.2296015180265654,1.0588235294117647,0.10246679316888045,4.277988614800758,0.5977229601518027,0.896584440227704,2.27988614800759,0.8026565464895636
Dominique Heintz,Köln,Unknown,31,GER,DF,1745.0,8.333333333333334,0.0,1.14,0.0,0.0,0.0,0.0,0.051575931232091685,0.0,1.0315186246418337,0.6189111747851003,0.051575931232091685,1.5472779369627507,0.8767908309455588,0.670487106017192,0.20630372492836674,0.051575931232091685
Donny van de Beek,Frankfurt,Unknown,26,NED,"MF,FW",1989.0,15.559999999999999,0.022,1.066,0.09049773755656107,0.09049773755656107,0.09049773755656107,0.0,0.2714932126696833,0.0,1.493212669683258,0.497737556561086,0.4524886877828055,0.8144796380090499,0.6787330316742082,0.995475113122172,1.0859728506787332,0.2714932126696833
Donyell Malen,Dortmund,Unknown,25,NED,MF,6724.0,45.57142857142857,0.20142857142857146,2.0585714285714287,0.6826293872694824,0.1338488994646044,0.6424747174301011,0.04015466983938132,0.10707911957168352,0.0,0.5755502676977989,1.3518738845925045,0.4149315883402736,1.8872694824509222,0.18738845925044614,0.3078524687685901,3.734384295062463,1.699881023200476
Douglas,Nantes,FRA-Ligue 1,27,BRA,MF,4079.0,36.5,0.055,1.0,0.08825692571708751,0.04412846285854376,0.08825692571708751,0.0,0.3309634714390782,0.0,1.9857808286344694,1.323853885756313,0.0,0.6839911743074283,1.279725422897769,1.7872027457710222,1.1473400343221378,0.4412846285854376
Douglas Luiz,Juventus,ITA-Serie A,28-124,BRA,MF,7611.0,33.733333333333334,0.09000000000000001,1.5316666666666665,0.1891998423334647,0.130074891604257,0.14189988175009854,0.04729996058336618,0.27197477335435555,0.011824990145841544,1.5963736696886086,1.3125739061884116,0.02364998029168309,3.6302719747733545,0.9932991722506899,1.194324004729996,1.3125739061884116,0.4493496255419787
Duje Ćaleta-Car,Lyon,FRA-Ligue 1,27,CRO,DF,6681.0,17.3,0.074,1.6800000000000002,0.04041311180960934,0.0,0.04041311180960934,0.0,0.24247867085765606,0.026942074539739562,1.1046250561293218,0.3098338572070049,0.04041311180960934,0.04041311180960934,1.0237988325101033,0.6466097889537494,0.48495734171531213,0.09429726088908846
Duván Zapata,Torino,ITA-Serie A,35-162,COL,FW,6080.0,34.93333333333333,0.09999999999999999,1.2366666666666666,0.31085526315789475,0.10361842105263157,0.31085526315789475,0.0,0.05921052631578947,0.0,1.40625,2.0723684210526314,0.5773026315789473,1.435855263157895,0.20723684210526314,0.28125,2.9605263157894735,1.0953947368421053
Dušan Vlahović,Juventus,ITA-Serie A,25,SRB,FW,6984.0,35.9,0.14250000000000002,1.83,0.5541237113402062,0.14175257731958762,0.4381443298969072,0.11597938144329897,0.15463917525773196,0.012886597938144331,1.1082474226804124,1.2371134020618557,0.7216494845360824,0.37371134020618557,0.10309278350515465,0.2061855670103093,3.917525773195876,1.4046391752577319
Dwight McNeil,Crystal Palace,ENG-Premier League,26-292,ENG,MF,8014.0,24.28,0.074,1.016,0.15722485650112303,0.17968555028699776,0.15722485650112303,0.0,0.10107312203643624,0.0,0.6513601197903669,0.8871974045420514,0.08984277514349888,6.401297728974295,0.7299725480409284,1.0107312203643624,1.7070127277264786,0.5053656101821812
Dylan Batubinsika,Saint-Étienne,FRA-Ligue 1,28,COD,DF,2016.0,28.6,0.14,0.76,0.04464285714285714,0.0,0.04464285714285714,0.0,0.13392857142857142,0.04464285714285714,1.0714285714285714,0.5803571428571428,0.0,0.04464285714285714,1.830357142857143,0.5803571428571428,0.3125,0.08928571428571427
Dylan Bronn,Salernitana,ITA-Serie A,28,TUN,DF,1735.0,6.25,0.0,1.085,0.0,0.0,0.0,0.0,0.25936599423631124,0.05187319884726225,1.4524495677233429,0.622478386167147,0.0,0.3631123919308357,1.037463976945245,0.9337175792507204,0.4668587896253602,0.05187319884726225
Dávid Hancko,Atlético Madrid,ESP-La Liga,28-271,SVK,DF,2792.0,11.9,0.0,1.825,0.0,0.09670487106017192,0.0,0.0,0.09670487106017192,0.0,0.5157593123209169,0.22564469914040117,0.06446991404011461,0.9670487106017192,0.8703438395415473,0.9992836676217766,0.7736389684813754,0.16117478510028654
Désiré Doué,Paris SG,FRA-Ligue 1,21-099,FRA,FW,6016.0,33.7,0.098,1.2200000000000002,0.2992021276595745,0.22440159574468085,0.2992021276595745,0.0,0.1346409574468085,0.0,1.8999335106382977,2.453457446808511,0.14960106382978725,3.6053856382978724,0.8078457446808511,1.4212101063829787,2.632978723404255,0.9125664893617021
Dženan Pejčinović,Stuttgart,Unknown,21-207,GER,"MF,FW",1660.0,14.850000000000001,0.04,0.77,0.4337349397590362,0.0,0.4337349397590362,0.0,0.10843373493975905,0.0,1.3012048192771084,0.3795180722891566,0.27108433734939763,0.27108433734939763,0.27108433734939763,0.5963855421686747,3.253012048192771,1.3012048192771084
Ebenezer Akinsanmiro,Monza,ITA-Serie A,21-289,NGA,MF,1586.0,7.7,0.0,1.3333333333333333,0.0,0.11349306431273644,0.0,0.0,0.11349306431273644,0.0,1.9861286254728878,1.8726355611601513,0.05674653215636822,0.5674653215636822,1.6456494325346782,1.4754098360655739,0.7377049180327869,0.17023959646910466
Eberechi Eze,Arsenal,ENG-Premier League,28-073,ENG,"FW,MF",9234.0,28.333333333333332,0.07833333333333334,1.7216666666666667,0.3508771929824561,0.17543859649122806,0.3216374269005848,0.029239766081871343,0.07797270955165692,0.0,0.8089668615984406,1.9298245614035086,0.2436647173489279,3.0116959064327484,0.4093567251461988,0.7407407407407408,3.10916179337232,1.0526315789473684
Eddie Nketiah,Crystal Palace,ENG-Premier League,27-103,ENG,"MF,FW",3795.0,38.58,0.08600000000000001,1.614,0.3320158102766798,0.11857707509881424,0.3320158102766798,0.0,0.3320158102766798,0.023715415019762844,2.2292490118577075,2.134387351778656,0.5928853754940712,0.3557312252964427,0.23715415019762848,0.8063241106719367,3.3438735177865615,1.1857707509881423
Edimilson Fernandes,Mainz 05,Unknown,27,SUI,DF,4832.0,13.333333333333334,0.0,1.2766666666666666,0.0,0.11175496688741722,0.0,0.0,0.16763245033112584,0.0,0.8567880794701986,0.5215231788079471,0.037251655629139076,2.644867549668874,1.843956953642384,0.8754139072847682,0.7450331125827815,0.09312913907284769
Edin Džeko,Schalke 04,Unknown,40-177,BIH,FW,1991.0,19.733333333333334,0.04,0.7266666666666667,0.40683073832245104,0.13561024610748368,0.40683073832245104,0.0,0.18081366147664493,0.0,1.3108990457056755,1.3108990457056755,0.49723756906077343,1.0848819688598694,0.22601707684580613,0.18081366147664493,3.480662983425414,1.1752887995981918
Edinson Cavani,Valencia,ESP-La Liga,35,URU,FW,1449.0,32.4,0.15,0.88,0.3105590062111801,0.12422360248447205,0.1863354037267081,0.12422360248447205,0.3726708074534162,0.0,1.1180124223602483,0.4968944099378882,0.9316770186335404,0.1863354037267081,0.12422360248447205,0.2484472049689441,2.111801242236025,0.6832298136645963
Edmond Tapsoba,Leverkusen,Unknown,27-220,BFA,DF,10220.0,14.459999999999999,0.048,1.8559999999999999,0.05283757338551859,0.03522504892367906,0.04403131115459882,0.008806262230919765,0.1761252446183953,0.0,1.0391389432485323,0.26418786692759294,0.05283757338551859,0.2553816046966732,0.9598825831702544,0.8277886497064578,0.678082191780822,0.14090019569471623
Edoardo Bove,Fiorentina,ITA-Serie A,22,ITA,MF,3623.0,29.600000000000005,0.09333333333333334,1.9566666666666668,0.04968258349434171,0.09936516698868342,0.04968258349434171,0.0,0.17388904223019597,0.0,1.7637317140491304,2.0121446315208393,0.04968258349434171,0.4719845431962462,0.5961910019321004,1.6395252553132762,0.8197626276566381,0.24841291747170852
Edoardo Goldaniga,Como,ITA-Serie A,31,ITA,DF,3558.0,38.9,0.02666666666666667,1.83,0.025295109612141653,0.0,0.025295109612141653,0.0,0.3794266441821248,0.025295109612141653,1.4671163575042157,1.163575042158516,0.17706576728499157,0.5059021922428331,1.163575042158516,0.7082630691399663,0.40472175379426645,0.20236087689713322
Edon Zhegrova,Juventus,ITA-Serie A,27-163,KVX,MF,4729.0,31.52,0.06200000000000001,1.78,0.24740960033833792,0.20934658490167055,0.24740960033833792,0.0,0.11418904631000211,0.019031507718333684,0.9135123704800169,1.1989849862550221,0.3806301543666737,6.737153732290125,0.2664411080566716,0.6470712624233453,3.1782617889617253,1.1799534785366885
Edson Álvarez,West Ham,ENG-Premier League,26,MEX,MF,4149.0,12.950000000000001,0.03,1.365,0.021691973969631236,0.04338394793926247,0.021691973969631236,0.0,0.4338394793926247,0.021691973969631236,1.6268980477223427,0.7158351409978309,0.10845986984815617,0.2386117136659436,1.3232104121475055,1.4316702819956617,0.6290672451193059,0.08676789587852494
Edu Expósito,Espanyol,ESP-La Liga,30-040,ESP,MF,5059.0,27.4,0.0325,1.0425,0.05337023127100217,0.17790077090334055,0.05337023127100217,0.0,0.2846412334453449,0.017790077090334058,1.0496145483297095,1.6900573235817355,0.07116030836133623,6.689068985965606,0.9606641628780391,1.191935165052382,1.6188970152203992,0.48033208143901956
Eduard Sobol,Strasbourg,FRA-Ligue 1,29,UKR,"DF,MF",990.0,0.0,0.0,1.6433333333333333,0.0,0.09090909090909091,0.0,0.0,0.36363636363636365,0.0,1.3636363636363638,1.727272727272727,0.18181818181818182,2.1818181818181817,0.8181818181818181,1.0,0.4545454545454546,0.0
Eduardo Camavinga,Real Madrid,ESP-La Liga,23-304,FRA,MF,6634.0,19.660000000000004,0.042,2.252,0.027132951462164608,0.06783237865541152,0.027132951462164608,0.0,0.2848959903527284,0.0,2.007838408200181,2.7132951462164607,0.09496533011757613,0.18993066023515226,1.1124510099487488,2.1977690684353335,0.759722640940609,0.18993066023515226
El Bilal Touré,Stuttgart,Unknown,22,MLI,FW,2364.0,57.06,0.11000000000000001,1.072,0.41878172588832485,0.11421319796954314,0.41878172588832485,0.0,0.07614213197969542,0.0,1.9796954314720814,0.9137055837563451,0.6852791878172589,0.26649746192893403,0.19035532994923857,0.19035532994923857,2.246192893401015,0.9898477157360407
El Chadaille Bitshiabu,RB Leipzig,Unknown,20,FRA,DF,2402.0,15.0,0.0,1.3599999999999999,0.0,0.0,0.0,0.0,0.1498751040799334,0.03746877601998335,0.5995004163197336,0.0749375520399667,0.0,0.2248126561199001,1.0491257285595337,1.2364696086594504,0.2622814321398834,0.11240632805995004
El Hadji Malick Diouf,West Ham,ENG-Premier League,20,SEN,"DF,MF",2707.0,22.2,0.0,1.09,0.0,0.16623568526043592,0.0,0.0,0.1994828223125231,0.0,0.930919837458441,0.8311784263021795,0.06649427410417436,3.6239379386775026,1.0639083856667897,0.6316956039896564,0.5984484669375693,0.1329885482083487
Elba Rashani,Clermont Foot,FRA-Ligue 1,30,KVX,"MF,FW",3337.0,34.2,0.11,1.2449999999999999,0.13485166317051245,0.08091099790230746,0.13485166317051245,0.0,0.1887923284387174,0.05394066526820498,1.6451902906802516,1.5912496254120467,0.1887923284387174,2.2924782738987113,0.8091099790230746,1.213664968534612,1.3754869643392267,0.4854659874138448
Eldor Shomurodov,Roma,ITA-Serie A,29,UZB,FW,2961.0,38.45,0.085,1.1925,0.24316109422492402,0.24316109422492402,0.24316109422492402,0.0,0.12158054711246201,0.0,1.0638297872340425,0.8206686930091185,0.2735562310030395,0.48632218844984804,0.36474164133738607,0.45592705167173253,2.2492401215805473,0.851063829787234
Eli Junior Kroupi,Lorient,FRA-Ligue 1,17,FRA,FW,2764.0,32.266666666666666,0.16,1.6933333333333334,0.5861070911722142,0.09768451519536904,0.5209840810419681,0.06512301013024602,0.19536903039073808,0.0,1.4327062228654124,0.6837916063675833,0.4558610709117221,0.7814761215629523,0.6512301013024602,0.3581765557163531,2.409551374819103,1.1070911722141823
Elias Saad,Augsburg,Unknown,25,TUN,"MF,FW",1397.0,40.4,0.06,0.915,0.19327129563350037,0.12884753042233357,0.19327129563350037,0.0,0.12884753042233357,0.0,1.6105941302791698,2.3192555476020043,0.7086614173228346,1.4817465998568362,0.3221188260558339,1.4173228346456692,2.061560486757337,0.7086614173228346
Eliesse Ben Seghir,Leverkusen,Unknown,20,MAR,MF,3527.0,28.560000000000002,0.08600000000000001,1.734,0.30620924298270485,0.12758718457612703,0.25517436915225405,0.05103487383045081,0.07655231074567621,0.025517436915225403,1.326906719591721,3.036574992911823,0.15310462149135243,2.0413949532180324,0.4848313013892827,1.0206974766090162,2.6027785653529913,0.9186277289481146
Elif Elmas,RB Leipzig,Unknown,24,MKD,"FW,MF",5189.0,44.17142857142857,0.10857142857142857,1.7485714285714287,0.22547697051455,0.10406629408363847,0.20813258816727695,0.017344382347273077,0.19078820582000383,0.0,1.1794179996145693,0.884563499710927,0.17344382347273077,1.751782617074581,0.39892079398728075,0.8498747350163809,1.6824050876854884,0.7111196762381962
Elijah Adebayo,Luton Town,ENG-Premier League,25,ENG,FW,1419.0,46.7,0.33,0.78,0.6342494714587739,0.0,0.6342494714587739,0.0,0.06342494714587738,0.0,1.7758985200845665,1.014799154334038,0.824524312896406,0.31712473572938693,0.2536997885835095,0.06342494714587738,1.9027484143763214,0.8879492600422833
Eliot Matazo,Monaco,FRA-Ligue 1,22,BEL,MF,1345.0,58.333333333333336,0.08333333333333333,1.9400000000000002,0.06691449814126393,0.06691449814126393,0.06691449814126393,0.0,0.26765799256505574,0.0,1.5390334572490707,0.9368029739776951,0.0,0.20074349442379183,1.271375464684015,1.070631970260223,0.33457249070631967,0.26765799256505574
Elisha Owusu,Auxerre,FRA-Ligue 1,27,GHA,MF,4688.0,21.45,0.07,1.0899999999999999,0.019197952218430035,0.0575938566552901,0.019197952218430035,0.0,0.2687713310580205,0.0,1.8430034129692832,0.8255119453924914,0.0,0.21117747440273038,1.151877133105802,1.7854095563139931,0.2687713310580205,0.0575938566552901
Elliot Anderson,Manchester City,ENG-Premier League,23-308,ENG,MF,7729.0,27.24,0.028000000000000004,1.92,0.06986673567085004,0.15137792728684177,0.05822227972570837,0.011644455945141673,0.2561780307931168,0.0,1.5836460085392678,2.002846422564368,0.09315564756113338,3.458403415707077,1.0596454910078923,1.6651572001552595,1.3624013455815758,0.3144003105188252
Ellyes Skhiri,Köln,Unknown,31-123,TUN,MF,8770.0,30.080000000000002,0.082,1.4780000000000002,0.10262257696693272,0.05131128848346636,0.10262257696693272,0.0,0.15393386545039908,0.010262257696693273,0.8517673888255416,0.6259977194982896,0.09236031927023944,0.24629418472063855,1.580387685290764,1.0672748004561003,0.7491448118586088,0.24629418472063855
Elseid Hysaj,Lazio,ITA-Serie A,31,ALB,DF,3795.0,25.0,0.0625,1.845,0.023715415019762844,0.09486166007905138,0.023715415019762844,0.0,0.1660079051383399,0.023715415019762844,0.9011857707509882,0.5928853754940712,0.11857707509881424,1.3043478260869565,1.0909090909090908,0.9960474308300395,0.18972332015810275,0.07114624505928854
Elvis Rexhbeçaj,Augsburg,Unknown,27,KVX,MF,7412.0,27.075,0.07,1.2025000000000001,0.06071235833783054,0.012142471667566108,0.048569886670264434,0.012142471667566108,0.2671343766864544,0.0,0.8864004317323259,1.8092282784673503,0.048569886670264434,1.5056664867781975,0.7042633567188342,0.9471127900701565,1.0199676200755532,0.23070696168375607
Elye Wahi,Frankfurt,Unknown,22,CIV,FW,6353.0,46.9125,0.1475,1.3475,0.5241618133165433,0.15583189044545884,0.4674956713363765,0.056666141980166854,0.3824964583661263,0.028333070990083427,1.3174878010388793,1.1474893750983788,1.2749881945537542,0.7224933102471274,0.14166535495041713,0.16999842594050055,2.5783094600975915,1.4591531559892965
Emanuel Aiwum,Cremonese,ITA-Serie A,21,AUT,DF,1653.0,33.3,0.0,0.61,0.0,0.0,0.0,0.0,0.16333938294010888,0.0,1.1433756805807622,0.8166969147005445,0.0,0.16333938294010888,1.3611615245009074,1.9600725952813067,0.16333938294010888,0.054446460980036304
Emanuel Emegha,Strasbourg,FRA-Ligue 1,22,NED,FW,4814.0,49.43333333333334,0.21333333333333335,1.67,0.4860822600747819,0.11217282924802659,0.4860822600747819,0.0,0.20565018695471543,0.0,1.3834648940589946,1.2899875363523057,0.803905276277524,0.03739094308267553,0.056086414624013294,0.18695471541337763,2.3556294142085585,1.196510178645617
Emanuele Valeri,Parma,ITA-Serie A,27-277,ITA,"DF,MF",9749.0,24.119999999999997,0.024,0.808,0.03692686429377372,0.11078059288132115,0.027695148220330288,0.00923171607344343,0.08308544466099087,0.0,0.8400861626833521,0.904708175197456,0.07385372858754743,5.575956508359832,0.7846958662426915,0.987793619858447,1.0247204841522208,0.1846343214688686
Emerson,Milan,ITA-Serie A,25,BRA,DF,4273.0,37.06666666666667,0.09666666666666668,1.6333333333333335,0.06318745611982214,0.021062485373274046,0.06318745611982214,0.0,0.2316873391060145,0.021062485373274046,1.4533114907559093,2.1694359934472267,0.0,2.2326234495670487,1.0741867540369763,1.8745611982213903,0.6950620173180435,0.25274982447928857
Emerson Palmieri,Marseille,FRA-Ligue 1,32-038,ITA,DF,8953.0,34.739999999999995,0.054000000000000006,1.302,0.04020998547972746,0.0603149782195912,0.04020998547972746,0.0,0.2010499273986373,0.0,0.8846196805540043,0.8142522059644812,0.0301574891097956,2.9051714509103093,1.115827097062437,1.4777169663799845,0.6333072713057075,0.19099743102870545
Emersonn,Toulouse,FRA-Ligue 1,21,BRA,FW,1674.0,43.65,0.185,1.0899999999999999,0.3763440860215054,0.1075268817204301,0.3763440860215054,0.0,0.2688172043010753,0.05376344086021505,2.2043010752688175,0.7526881720430108,0.3763440860215054,0.4838709677419355,0.3763440860215054,0.5376344086021506,2.956989247311828,1.1290322580645162
Emi Buendía,Leverkusen,Unknown,27,ARG,MF,4771.0,21.619999999999997,0.10200000000000001,1.544,0.24523160762942778,0.07545587927059316,0.24523160762942778,0.0,0.13204778872353803,0.0,1.810941102494236,1.999580800670719,0.07545587927059316,0.6602389436176902,0.6602389436176902,1.1507021588765458,2.1882204988472016,0.5470551247118004
Emil Bohinen,Genoa,ITA-Serie A,25,NOR,MF,1589.0,0.0,0.0,1.16,0.0,0.0,0.0,0.0,0.056639395846444306,0.0,1.302706104468219,1.2460667086217747,0.056639395846444306,0.39647577092511016,2.039018250471995,1.4159848961611075,0.5663939584644431,0.0
Emil Forsberg,RB Leipzig,Unknown,31,SWE,MF,1946.0,44.75,0.21500000000000002,1.9,0.3699897225077081,0.23124357656731756,0.27749229188078106,0.09249743062692703,0.09249743062692703,0.0,1.2024665981500513,1.5724563206577593,0.32374100719424465,1.1099691675231242,0.18499486125385406,0.6474820143884893,1.618705035971223,0.7399794450154162
Emil Holm,Bologna,ITA-Serie A,26-120,SWE,DF,4545.0,21.099999999999998,0.05666666666666667,1.3133333333333332,0.07920792079207921,0.13861386138613863,0.07920792079207921,0.0,0.31683168316831684,0.019801980198019802,1.2475247524752475,1.6633663366336633,0.07920792079207921,3.227722772277228,0.6732673267326733,1.5643564356435644,1.3267326732673268,0.3564356435643564
Emil Krafth,Newcastle,ENG-Premier League,30,SWE,DF,1301.0,0.0,0.0,1.1575,0.0,0.0,0.0,0.0,0.2767102229054573,0.0,1.1760184473481938,0.622598001537279,0.0,1.3835511145272865,0.7609531129900077,0.830130668716372,0.34588777863182163,0.0
Emile Smith Rowe,Fulham,ENG-Premier League,26-044,ENG,MF,4518.0,26.4,0.048,1.448,0.17928286852589642,0.1195219123505976,0.17928286852589642,0.0,0.0796812749003984,0.0,0.6972111553784861,0.6772908366533864,0.1593625498007968,0.6972111553784861,0.7171314741035857,0.8366533864541833,1.8525896414342629,0.5976095617529881
Emir Karic,Darmstadt 98,Unknown,26,BIH,"MF,DF",1783.0,25.0,0.0,0.37,0.0,0.0,0.0,0.0,0.20190689848569826,0.0,0.8581043185642176,0.4038137969713965,0.2523836231071228,2.6247896803140773,0.6561974200785193,1.3628715647784633,0.6057206954570947,0.15143017386427368
Emirhan İlkhan,Torino,ITA-Serie A,22-101,TUR,MF,1225.0,5.775,0.02,0.9575,0.07346938775510205,0.1469387755102041,0.07346938775510205,0.0,0.2204081632653061,0.07346938775510205,1.1755102040816328,1.469387755102041,0.0,0.8081632653061225,1.1020408163265305,1.7632653061224488,1.1755102040816328,0.2204081632653061
Emmanuel Agbadou,Reims,FRA-Ligue 1,27,CIV,DF,8755.0,23.44,0.034,1.1099999999999999,0.020559680182752713,0.041119360365505425,0.020559680182752713,0.0,0.13363792118789264,0.041119360365505425,0.9354654483152484,0.31867504283266707,0.041119360365505425,0.24671616219303255,1.3055396916047974,1.5214163335237008,0.9046259280411193,0.1953169617361508
Emmanuel Biumla,Angers,FRA-Ligue 1,20,FRA,DF,1723.0,25.0,0.125,0.925,0.0522344747533372,0.0,0.0522344747533372,0.0,0.1044689495066744,0.0,0.8357515960533952,0.8357515960533952,0.0,0.0522344747533372,0.6268136970400464,0.9402205455600696,0.3134068485200232,0.1044689495066744
Emmanuel Gyasi,Empoli,ITA-Serie A,30,GHA,MF,7906.0,37.36666666666667,0.06999999999999999,0.88,0.05691879585125221,0.034151277510751324,0.05691879585125221,0.0,0.26182646091576023,0.0,1.6278775613458132,0.899316974449785,0.489501644320769,0.9334682519605364,0.28459397925626106,0.7171768277257778,0.8196306602580319,0.30736149759676196
Emmanuel Sabbi,Le Havre,FRA-Ligue 1,26,USA,"MF,FW",2237.0,34.4,0.08,0.8,0.2011622708985248,0.04023245417970496,0.1206973625391149,0.08046490835940992,0.2413947250782298,0.0,1.4886008046490835,2.132320071524363,0.16092981671881984,1.4081358962896737,0.8851139919535093,1.086276262852034,1.8506928922664283,0.6437192668752794
Emre Can,Dortmund,Unknown,31,GER,DF,6579.0,37.125,0.2925,1.8625,0.13679890560875513,0.04103967168262654,0.027359781121751026,0.1094391244870041,0.27359781121751026,0.013679890560875513,1.2585499316005473,1.06703146374829,0.0,0.24623803009575923,1.06703146374829,1.5047879616963062,0.6566347469220246,0.17783857729138167
Endrick,Lyon,FRA-Ligue 1,19,BRA,"FW,MF",1590.0,27.46666666666667,0.04666666666666667,1.79,0.33962264150943394,0.3962264150943396,0.2830188679245283,0.056603773584905655,0.2830188679245283,0.11320754716981131,1.7547169811320753,1.7547169811320753,0.33962264150943394,3.0566037735849054,0.33962264150943394,0.6226415094339622,4.132075471698113,1.8679245283018866
Enes Ünal,Getafe,ESP-La Liga,29-123,TUR,FW,4330.0,27.766666666666666,0.105,1.2833333333333334,0.4157043879907621,0.14549653579676675,0.3117782909930716,0.10392609699769052,0.2286374133949192,0.0,1.9122401847575057,2.348729792147806,0.9353348729792147,0.6027713625866051,0.14549653579676675,0.49884526558891457,3.1385681293302543,1.2263279445727484
Enrico Delprato,Parma,ITA-Serie A,26-304,ITA,DF,6168.0,30.566666666666666,0.14666666666666667,0.7933333333333333,0.08754863813229571,0.0,0.08754863813229571,0.0,0.20428015564202337,0.0,0.5398832684824904,0.40856031128404674,0.08754863813229571,0.5252918287937743,0.6420233463035019,0.6128404669260701,0.4961089494163424,0.20428015564202337
Enzo Barrenechea,Frosinone,ITA-Serie A,22,ARG,MF,5160.0,11.266666666666666,0.02,1.7700000000000002,0.01744186046511628,0.05232558139534883,0.01744186046511628,0.0,0.27906976744186046,0.0,1.0465116279069768,1.744186046511628,0.0,0.06976744186046512,0.9941860465116279,1.3081395348837208,0.6627906976744186,0.10465116279069767
Enzo Boyomo,Osasuna,ESP-La Liga,24-338,CMR,DF,5910.0,15.35,0.065,1.32,0.045685279187817264,0.030456852791878174,0.045685279187817264,0.0,0.18274111675126906,0.0,1.263959390862944,0.2131979695431472,0.015228426395939087,0.18274111675126906,0.9289340101522843,1.2944162436548223,0.38071065989847713,0.1065989847715736
Enzo Ebosse,Udinese,ITA-Serie A,27-183,CMR,DF,2559.0,0.0,0.0,0.8933333333333332,0.0,0.035169988276670575,0.0,0.0,0.2813599062133646,0.0,1.160609613130129,0.5275498241500586,0.035169988276670575,0.8792497069167644,0.9495896834701055,0.5978898007033998,0.1406799531066823,0.0
Enzo Fernández,Manchester City,ENG-Premier League,25-236,ARG,MF,9919.0,21.633333333333336,0.051666666666666666,1.9000000000000001,0.172396410928521,0.13610242968041134,0.14517592499243875,0.027220485936082266,0.25405786873676783,0.0,1.1886278858755923,1.4063917733642506,0.0816614578082468,2.3954027623752396,0.5625567093457001,0.9708639983869342,1.7602580905333198,0.6351446718419196
Enzo Le Fée,Roma,ITA-Serie A,24,FRA,MF,8061.0,30.380000000000003,0.078,1.226,0.12281354670636399,0.14514328247115743,0.07815407517677708,0.044659471529586894,0.15630815035355416,0.0,1.1611462597692594,1.4291030889467806,0.07815407517677708,3.025679196129513,0.9155191663565315,1.8087085969482695,1.1611462597692594,0.3796055080014887
Enzo Loiodice,Las Palmas,ESP-La Liga,23,FRA,MF,2474.0,47.3,0.0,0.97,0.0,0.03637833468067906,0.0,0.0,0.18189167340339532,0.0,1.5278900565885205,1.600646725949879,0.07275666936135812,1.236863379143088,0.8003233629749394,1.5278900565885205,0.8367016976556184,0.36378334680679064
Enzo Millot,Stuttgart,Unknown,22,FRA,MF,4974.0,43.53333333333334,0.09000000000000001,1.6066666666666667,0.1990349819059107,0.18094089264173702,0.18094089264173702,0.018094089264173704,0.30759951749095293,0.0,1.3932448733413751,1.6465621230398069,0.14475271411338964,1.881785283474065,0.7780458383594692,0.9047044632086851,1.8094089264173703,0.7961399276236428
Enzo Roco,Elche,ESP-La Liga,29,CHI,DF,1652.0,30.0,0.0,0.59,0.0,0.0,0.0,0.0,0.3813559322033898,0.05447941888619855,1.8523002421307506,0.5447941888619855,0.0,0.05447941888619855,0.9261501210653753,0.7082324455205812,0.5447941888619855,0.16343825665859565
Enzo Tchato,Montpellier,FRA-Ligue 1,21,CMR,"DF,MF",4120.0,40.0,0.08333333333333333,0.9433333333333334,0.021844660194174758,0.021844660194174758,0.021844660194174758,0.0,0.13106796116504854,0.0,1.070388349514563,0.6116504854368932,0.08737864077669903,3.6262135922330097,0.8300970873786407,1.3325242718446602,0.28398058252427183,0.10922330097087378
Eray Cömert,Torino,ITA-Serie A,28-218,SUI,DF,6939.0,26.339999999999996,0.1,1.1179999999999999,0.0648508430609598,0.02594033722438392,0.0648508430609598,0.0,0.2464332036316472,0.02594033722438392,0.9857328145265888,0.8949416342412451,0.038910505836575876,0.0648508430609598,1.3878080415045395,1.0635538261997406,0.5058365758754864,0.16861219195849547
Eren Dinkçi,Werder Bremen,Unknown,24-271,GER,MF,5528.0,33.38333333333333,0.22,1.1849999999999998,0.22793053545586106,0.14652677279305354,0.22793053545586106,0.0,0.21164978292329958,0.0,0.8628798842257598,0.5698263386396527,0.09768451519536904,2.132778581765557,0.4558610709117221,0.8791606367583212,1.611794500723589,0.5535455861070911
Erhan Mašović,Bochum,Unknown,25,SRB,"DF,MF",5307.0,44.5,0.12666666666666668,0.9366666666666666,0.0847936687394008,0.016958733747880157,0.0847936687394008,0.0,0.2035048049745619,0.0,0.9836065573770492,0.4239683436970039,0.0,0.11871113623516111,1.0344827586206897,1.4245336348219333,0.6953080836630865,0.2882984737139627
Eric Bailly,Marseille,FRA-Ligue 1,28,CIV,DF,3233.0,4.175,0.0425,1.665,0.027837921435199506,0.0,0.027837921435199506,0.0,0.2783792143519951,0.027837921435199506,1.0021651716671822,0.5010825858335911,0.0,0.027837921435199506,1.1970306217135787,0.7516238787503867,0.4175688215279926,0.027837921435199506
Eric Dier,Bayern Munich,Unknown,30,ENG,DF,6606.0,41.88333333333333,0.19499999999999998,1.96,0.08174386920980926,0.04087193460490463,0.08174386920980926,0.0,0.06811989100817438,0.0,0.8583106267029973,0.38147138964577654,0.06811989100817438,0.3133514986376022,0.9400544959128065,0.6267029972752044,0.544959128065395,0.23160762942779292
Eric García,Barcelona,ESP-La Liga,25-244,ESP,DF,8595.0,22.816666666666666,0.105,2.5083333333333333,0.0942408376963351,0.041884816753926704,0.0942408376963351,0.0,0.1884816753926702,0.0,1.0157068062827226,0.6910994764397905,0.041884816753926704,0.32460732984293195,1.2251308900523559,1.3298429319371727,0.6806282722513088,0.23036649214659685
Eric Martel,Köln,Unknown,23,GER,"MF,DF",7035.0,26.433333333333334,0.056666666666666664,1.0366666666666666,0.0511727078891258,0.0511727078891258,0.0511727078891258,0.0,0.30703624733475476,0.01279317697228145,1.7142857142857144,1.5223880597014925,0.0255863539445629,0.6652452025586354,1.4328358208955223,1.5095948827292112,0.9978678038379531,0.26865671641791045
Eric Maxim Choupo-Moting,Bayern Munich,Unknown,34,CMR,MF,1829.0,48.900000000000006,0.2,2.08,0.590486604702023,0.19682886823400764,0.590486604702023,0.0,0.04920721705850191,0.0,0.6889010388190268,0.6889010388190268,0.6396938217605248,0.6889010388190268,0.2952433023510115,0.8857299070530344,2.8048113723346093,1.3778020776380535
Eric Smith,St Pauli,Unknown,28,SWE,"DF,MF",5138.0,39.6,0.10500000000000001,0.775,0.05254963020630596,0.05254963020630596,0.05254963020630596,0.0,0.19268197742312185,0.017516543402101983,0.7356948228882834,0.9283768003114052,0.07006617360840793,2.8727131179447256,1.0685091475282211,0.8758271701050994,0.6305955624756715,0.24523160762942778
Erik Botheim,Salernitana,ITA-Serie A,23,NOR,"FW,MF",1182.0,7.15,0.07,0.86,0.07614213197969542,0.22842639593908629,0.07614213197969542,0.0,0.22842639593908629,0.0,1.0659898477157361,1.6751269035532994,0.22842639593908629,0.45685279187817257,0.0,0.5329949238578681,0.6091370558375634,0.07614213197969542
Erik Palmer-Brown,Troyes,FRA-Ligue 1,25,USA,DF,3191.0,16.7,0.0,0.63,0.0,0.0,0.0,0.0,0.14102162331557505,0.0,0.8179254152303352,0.3102475712942651,0.02820432466311501,0.05640864932623002,0.7051081165778752,0.7333124412409903,0.3384518959573801,0.05640864932623002
Erling Haaland,Manchester City,ENG-Premier League,26-051,NOR,FW,11280.0,51.3,0.22599999999999998,2.304,0.9175531914893618,0.19148936170212766,0.7579787234042553,0.1595744680851064,0.0797872340425532,0.0,0.7819148936170213,0.75,0.19148936170212766,0.19148936170212766,0.11170212765957448,0.14361702127659573,3.9335106382978724,1.9627659574468086
Ermedin Demirović,Stuttgart,Unknown,28-169,BIH,"FW,MF",8640.0,43.04,0.23199999999999998,1.408,0.53125,0.17708333333333331,0.47916666666666663,0.05208333333333333,0.21875,0.010416666666666668,1.78125,1.2604166666666665,0.5520833333333334,0.34375,0.3020833333333333,0.4895833333333333,2.6458333333333335,1.1770833333333333
Ernest Nuamah,Lyon,FRA-Ligue 1,22-313,GHA,MF,3070.0,27.4,0.08750000000000001,1.5975,0.2052117263843648,0.11726384364820848,0.2052117263843648,0.0,0.1758957654723127,0.0,2.1107491856677525,1.4071661237785016,0.5570032573289901,3.4006514657980453,0.498371335504886,0.7328990228013029,2.3159609120521174,0.996742671009772
Ernest Poku,Leverkusen,Unknown,21,NED,MF,1482.0,33.3,0.19,1.69,0.3036437246963563,0.3036437246963563,0.3036437246963563,0.0,0.0,0.0,0.242914979757085,1.0323886639676114,0.18218623481781376,0.7894736842105263,0.48582995951417,0.5465587044534413,1.6396761133603237,0.5465587044534413
Esteban Lepaul,Rennes,FRA-Ligue 1,26-145,FRA,FW,4582.0,43.35,0.25,1.69,0.6481885639458752,0.09821038847664776,0.569620253164557,0.07856831078131819,0.1178524661719773,0.0,0.8446093408991706,0.6874727193365342,0.5106940200785683,0.6285464862505455,0.15713662156263639,0.21606285464862504,2.789175032736796,1.2178088171104322
Ethan Ampadu,Spezia,ITA-Serie A,21,WAL,"DF,MF",6028.0,18.133333333333336,0.013333333333333334,1.2366666666666666,0.014930325149303252,0.029860650298606503,0.014930325149303252,0.0,0.29860650298606506,0.014930325149303252,1.4631718646317184,0.8659588586595885,0.014930325149303252,0.5822826808228269,1.3885202388852023,1.3287989382879895,0.6420039814200399,0.16423357664233576
Ethan Mbappé,Lille,FRA-Ligue 1,19-255,FRA,MF,1023.0,49.1,0.0525,2.315,0.26392961876832843,0.08797653958944282,0.26392961876832843,0.0,0.3519061583577713,0.0,1.2316715542521994,1.3196480938416424,0.17595307917888564,4.574780058651027,0.3519061583577713,0.7917888563049854,2.8152492668621703,1.3196480938416424
Ethan Nwaneri,Dortmund,Unknown,19-173,ENG,MF,1464.0,11.799999999999999,0.065,2.438333333333333,0.36885245901639346,0.18442622950819673,0.36885245901639346,0.0,0.12295081967213115,0.0,1.0450819672131149,0.43032786885245905,0.36885245901639346,3.9959016393442623,0.36885245901639346,0.4918032786885246,2.3975409836065573,0.7377049180327869
Ethan Pinnock,Coventry City,ENG-Premier League,33-104,JAM,DF,7555.0,48.22,0.10200000000000001,0.968,0.08338848444738584,0.0,0.08338848444738584,0.0,0.05956320317670417,0.0,0.23825281270681667,0.32164129715420253,0.0,0.30972865651886167,1.2389146260754467,0.8696227663798809,0.5479814692256784,0.23825281270681667
Etienne Youte Kinkoue,Le Havre,FRA-Ligue 1,23,FRA,"DF,MF",4680.0,4.766666666666667,0.0,1.116666666666667,0.0,0.0,0.0,0.0,0.13461538461538464,0.019230769230769232,0.5384615384615385,0.23076923076923078,0.038461538461538464,0.038461538461538464,1.4038461538461537,0.46153846153846156,0.38461538461538464,0.038461538461538464
Evan Ferguson,Roma,ITA-Serie A,20,IRL,FW,3492.0,42.4,0.12,1.408,0.4123711340206186,0.10309278350515465,0.4123711340206186,0.0,0.07731958762886598,0.0,1.2113402061855671,1.2371134020618557,0.33505154639175255,0.15463917525773196,0.15463917525773196,0.4639175257731959,2.783505154639175,1.4175257731958761
Evanilson,Bournemouth,ENG-Premier League,26-339,BRA,FW,5305.0,25.23333333333333,0.07333333333333335,1.1966666666666665,0.27144203581526866,0.06786050895381716,0.27144203581526866,0.0,0.06786050895381716,0.01696512723845429,1.1536286522148915,1.6286522148916116,0.8312912346842601,0.06786050895381716,0.18661639962299717,0.23751178133836004,2.5617342130065976,0.9330819981149859
Evann Guessand,Nice,FRA-Ligue 1,23,CIV,"MF,FW",6352.0,57.96666666666667,0.13333333333333333,1.2550000000000001,0.31171284634760704,0.17002518891687657,0.28337531486146095,0.028337531486146095,0.07084382871536524,0.0,1.771095717884131,2.1394836272040303,0.31171284634760704,1.2893576826196473,0.5809193954659949,0.920969773299748,2.0119647355163726,0.9918136020151134
Exequiel Palacios,Leverkusen,Unknown,26,ARG,MF,5845.0,31.5,0.094,1.6320000000000001,0.13857998289136014,0.2001710863986313,0.06159110350727118,0.07698887938408897,0.2309666381522669,0.0,0.8622754491017964,2.09409751924722,0.03079555175363559,0.2463644140290847,1.4319931565440547,1.5243798118049614,0.9854576561163388,0.3849443969204448
Ezequiel Ponce,Elche,ESP-La Liga,29-165,ARG,FW,1250.0,32.15,0.07,0.0,0.28800000000000003,0.0,0.28800000000000003,0.0,0.14400000000000002,0.07200000000000001,2.448,0.9359999999999999,0.648,0.07200000000000001,0.14400000000000002,0.504,2.3040000000000003,0.72
Ezequiel Ávila,Real Betis,ESP-La Liga,31,ARG,FW,3928.0,33.260000000000005,0.1,1.316,0.29786150712830956,0.11456211812627291,0.22912423625254583,0.06873727087576374,0.5040733197556008,0.11456211812627291,1.260183299389002,2.130855397148676,0.5728105906313646,4.926171079429736,0.5040733197556008,0.3665987780040733,3.0015274949083506,1.0310590631364562
Ezequiél Fernández,Leverkusen,Unknown,24-047,ARG,MF,1108.0,21.2,0.165,1.775,0.0812274368231047,0.0812274368231047,0.0812274368231047,0.0,0.3249097472924188,0.0812274368231047,1.1371841155234657,2.3555956678700363,0.1624548736462094,0.40613718411552346,1.2996389891696751,1.5433212996389893,1.1371841155234657,0.1624548736462094
Ezri Konsa,Arsenal,ENG-Premier League,28-322,ENG,DF,12464.0,18.0,0.046,1.986,0.021662387676508344,0.0,0.021662387676508344,0.0,0.08664955070603338,0.007220795892169447,0.3465982028241335,1.5813543003851092,0.014441591784338894,0.2310654685494223,0.7220795892169448,0.5993260590500642,0.35381899871630296,0.08664955070603338
Fabian Holland,Darmstadt 98,Unknown,33,GER,"MF,DF",1835.0,27.3,0.0,0.48,0.0,0.09809264305177112,0.0,0.0,0.19618528610354224,0.04904632152588556,1.667574931880109,1.6185286103542234,0.04904632152588556,1.2752043596730245,1.1280653950953679,1.2261580381471389,0.5395095367847411,0.14713896457765668
Fabian Nürnberger,Darmstadt 98,Unknown,24,BUL,MF,1513.0,31.6,0.05,0.71,0.05948446794448116,0.05948446794448116,0.05948446794448116,0.0,0.11896893588896232,0.0,1.0707204230006608,0.9517514871116985,0.0,3.628552544613351,1.0112359550561798,1.2491738268341044,1.130204890945142,0.356906807666887
Fabian Rieder,Augsburg,Unknown,24-206,SUI,MF,3880.0,37.839999999999996,0.12200000000000003,1.55,0.20876288659793815,0.16237113402061856,0.16237113402061856,0.04639175257731959,0.13917525773195877,0.0,1.693298969072165,1.3685567010309279,0.04639175257731959,3.8969072164948453,0.7654639175257731,1.1365979381443299,1.6005154639175256,0.6030927835051546
Fabian Schär,Newcastle,ENG-Premier League,34-264,SUI,DF,10286.0,20.7,0.046,1.5859999999999999,0.0787478125607622,0.0349990278047832,0.0787478125607622,0.0,0.1924946529263076,0.0087497569511958,0.9362239937779506,0.6649815282908808,0.0962473264631538,0.37623954890141936,1.2512152440209994,0.656231771339685,1.2949640287769786,0.3412405210966362
Fabiano Parisi,Fiorentina,ITA-Serie A,24,ITA,"MF,FW",6928.0,27.75,0.09,1.3074999999999999,0.06495381062355658,0.02598152424942263,0.06495381062355658,0.0,0.2987875288683603,0.012990762124711315,1.0392609699769053,2.6631062355658197,0.012990762124711315,1.9875866050808315,1.1951501154734412,1.0782332563510393,0.8573903002309469,0.20785219399538105
Fabien Centonze,Hellas Verona,ITA-Serie A,27,FRA,DF,3460.0,7.5,0.076,0.772,0.07803468208092486,0.02601156069364162,0.07803468208092486,0.0,0.2861271676300578,0.0,1.170520231213873,1.0404624277456647,0.07803468208092486,3.7196531791907517,1.8988439306358382,1.8208092485549132,0.5722543352601156,0.07803468208092486
Fabinho,Liverpool,ENG-Premier League,28,BRA,MF,2671.0,22.2,0.0,1.78,0.0,0.06739049045301386,0.0,0.0,0.3706476974915762,0.0,1.7858479970048673,0.8086858854361662,0.0,0.16847622613253463,1.2130288281542494,1.2467240733807563,0.6065144140771247,0.13478098090602772
Fabio Carvalho,RB Leipzig,Unknown,20,POR,MF,1069.0,50.775,0.2125,1.25,0.42095416276894293,0.08419083255378859,0.42095416276894293,0.0,0.08419083255378859,0.0,0.9260991580916745,1.5996258185219832,0.08419083255378859,1.9363891487371376,0.7577174929840974,1.6838166510757717,2.3573433115060807,1.0944808231992516
Fabio Chiarodia,Gladbach,Unknown,20,ITA,DF,1271.0,12.5,0.0625,1.315,0.07081038552321008,0.0,0.07081038552321008,0.0,0.07081038552321008,0.0,1.1329661683713612,0.07081038552321008,0.0,0.07081038552321008,1.911880409126672,1.2745869394177813,0.5664830841856806,0.14162077104642015
Fabio Depaoli,Sampdoria,ITA-Serie A,25,ITA,DF,2309.0,11.75,0.06,0.62,0.0779558250324816,0.0779558250324816,0.0779558250324816,0.0,0.3118233001299264,0.0,1.6760502381983544,1.4811606756171505,0.1559116500649632,2.6504980511043743,0.779558250324816,1.2862711130359463,0.7405803378085752,0.1559116500649632
Fabio Miretti,Juventus,ITA-Serie A,21,ITA,MF,4631.0,23.2,0.06,1.6525,0.09717123731375513,0.1554739797020082,0.09717123731375513,0.0,0.1554739797020082,0.0,1.632476786871086,2.293241200604621,0.1554739797020082,2.7207946447851437,0.4275534441805226,0.9717123731375512,1.593608291945584,0.3692507017922695
Fabio Vieira,Hamburger SV,Unknown,26-103,POR,MF,3062.0,43.525000000000006,0.0825,1.3975,0.2645329849771391,0.2645329849771391,0.20574787720444154,0.05878510777269758,0.11757021554539517,0.08817766165904638,0.8523840627041149,1.8223383409536251,0.08817766165904638,2.939255388634879,0.6172436316133246,0.47028086218158066,2.410189418680601,0.705421293272371
Fabián Ruiz Peña,Paris SG,FRA-Ligue 1,30-160,ESP,MF,6320.0,43.04,0.062,1.098,0.1281645569620253,0.22784810126582278,0.1281645569620253,0.0,0.09968354430379747,0.0,0.49841772151898733,0.555379746835443,0.17088607594936708,1.0680379746835444,0.939873417721519,1.3243670886075949,1.5522151898734178,0.4699367088607595
Facundo Buonanotte,Elche,ESP-La Liga,21-261,ARG,MF,3685.0,24.399999999999995,0.06166666666666667,0.7633333333333333,0.2198100407055631,0.09769335142469472,0.2198100407055631,0.0,0.46404341926729986,0.0,2.0759837177747626,2.0759837177747626,0.2198100407055631,1.5142469470827677,0.6594301221166893,1.3921302578018995,1.8805970149253732,0.6594301221166893
Facundo Garcés,Alavés,ESP-La Liga,25,MAS,DF,1471.0,35.0,0.0,1.45,0.0,0.0,0.0,0.0,0.30591434398368456,0.0,1.2236573759347382,0.30591434398368456,0.12236573759347381,0.12236573759347381,0.7953772943575799,0.6118286879673691,0.7953772943575799,0.30591434398368456
Facundo Medina,Leverkusen,Unknown,27-105,ARG,DF,9507.0,43.08,0.23199999999999998,1.718,0.03786683496371095,0.08520037866834965,0.03786683496371095,0.0,0.38813505837803725,0.009466708740927738,1.3442726412117387,0.6626696118649416,0.018933417481855477,0.6721363206058694,0.9561375828337014,0.9845377090564846,0.6721363206058694,0.19880088355948247
Facundo Pellistri,Granada,ESP-La Liga,21,URU,"MF,FW",1468.0,28.433333333333334,0.04,0.9866666666666667,0.12261580381471389,0.12261580381471389,0.12261580381471389,0.0,0.12261580381471389,0.061307901907356945,1.5940054495912808,1.7779291553133516,0.3065395095367847,2.1457765667574935,0.3065395095367847,1.3487738419618527,1.2874659400544959,0.49046321525885556
Faitout Maouassa,Lens,FRA-Ligue 1,25,FRA,MF,2228.0,34.96666666666667,0.049999999999999996,0.9899999999999999,0.20197486535008977,0.24236983842010773,0.20197486535008977,0.0,0.0,0.0,1.6157989228007181,1.4138240574506282,0.08078994614003591,4.241472172351886,0.7271095152603231,1.696588868940754,1.696588868940754,0.6059245960502693
Falaye Sacko,Montpellier,FRA-Ligue 1,29,MLI,DF,5195.0,11.1,0.05666666666666667,0.8833333333333333,0.017324350336862367,0.08662175168431184,0.017324350336862367,0.0,0.06929740134744947,0.0,0.848893166506256,0.5717035611164581,0.10394610202117421,1.2993262752646775,1.178055822906641,0.8315688161693937,0.12127045235803659,0.03464870067372473
Fali,Cádiz,ESP-La Liga,29,ESP,DF,4261.0,19.2,0.0,1.03,0.0,0.0,0.0,0.0,0.38019244308847694,0.0,0.8237502933583666,0.781506688570758,0.021121802393804272,0.21121802393804273,0.8448720957521709,0.9504811077211922,0.42243604787608546,0.08448720957521709
Fali Candé,Sassuolo,ITA-Serie A,27,GNB,DF,3888.0,31.266666666666666,0.06666666666666667,0.9133333333333334,0.02314814814814815,0.0462962962962963,0.02314814814814815,0.0,0.23148148148148148,0.0,1.087962962962963,0.9953703703703703,0.0,0.46296296296296297,0.9027777777777777,1.0648148148148149,0.4861111111111111,0.20833333333333331
Fares Chaïbi,Frankfurt,Unknown,23-286,ALG,MF,7227.0,20.733333333333334,0.03833333333333334,1.285,0.12453300124533002,0.273972602739726,0.12453300124533002,0.0,0.11207970112079702,0.0,0.846824408468244,0.772104607721046,0.286425902864259,5.056039850560398,0.547945205479452,0.821917808219178,2.054794520547945,0.6724782067247821
Farid El Melali,Angers,FRA-Ligue 1,27,ALG,"MF,FW",2699.0,24.299999999999997,0.02,0.7699999999999999,0.06669136717302705,0.10003705075954057,0.06669136717302705,0.0,0.06669136717302705,0.0,1.1337532419414598,2.034086698777325,0.33345683586513525,3.4679510929974064,0.8336420896628381,1.0003705075954057,1.9007039644312707,0.5335309373842164
Faride Alidou,Köln,Unknown,22,GER,"MF,FW",1535.0,11.1,0.04,0.66,0.23452768729641696,0.05863192182410424,0.23452768729641696,0.0,0.23452768729641696,0.0,1.758957654723127,1.4071661237785016,0.2931596091205212,2.8729641693811074,0.5863192182410424,0.5276872964169381,2.1107491856677525,0.6449511400651465
Faustino Anjorin,Torino,ITA-Serie A,23,ENG,MF,1403.0,27.7,0.045,1.0,0.12829650748396293,0.19244476122594442,0.12829650748396293,0.0,0.25659301496792586,0.0,2.052744119743407,1.2829650748396295,0.06414825374198146,1.1546685673556665,1.2829650748396295,1.2829650748396295,1.7320028510334997,0.5131860299358517
Fede San Emeterio,Cádiz,ESP-La Liga,26,ESP,MF,1996.0,58.35,0.5,1.0899999999999999,0.04509018036072144,0.04509018036072144,0.04509018036072144,0.0,0.6763527054108216,0.04509018036072144,2.885771543086172,1.1272545090180361,0.0,0.18036072144288576,0.8567134268537074,1.0821643286573146,0.3156312625250501,0.09018036072144288
Federico Baschirotto,Cremonese,ITA-Serie A,28,ITA,DF,12584.0,35.0,0.1,0.9175,0.05006357279084552,0.0071519389701207884,0.05006357279084552,0.0,0.10012714558169104,0.0071519389701207884,1.0155753337571518,0.22171010807374444,0.0071519389701207884,0.21455816910362363,0.7366497139224412,0.5721551176096631,0.5220915448188175,0.1787984742530197
Federico Bernardeschi,Bologna,ITA-Serie A,32-206,ITA,MF,1423.0,45.2,0.05,0.995,0.25298664792691494,0.12649332396345747,0.1897399859451862,0.06324666198172874,0.1897399859451862,0.0,0.8854532677442023,0.8854532677442023,0.1897399859451862,4.237526352775825,0.3794799718903724,0.3794799718903724,2.9093464511595224,1.0751932536893885
Federico Bonazzoli,Cremonese,ITA-Serie A,28,ITA,FW,4645.0,37.56666666666667,0.09999999999999999,0.8633333333333333,0.2906350914962325,0.0581270182992465,0.232508073196986,0.0581270182992465,0.1356297093649085,0.0,1.046286329386437,2.557588805166846,0.3681377825618945,0.697524219590958,0.348762109795479,0.38751345532831,2.5963401506996773,1.007534983853606
Federico Ceccherini,Cremonese,ITA-Serie A,33,ITA,DF,1893.0,34.3,0.145,0.7,0.09508716323296355,0.04754358161648178,0.09508716323296355,0.0,0.4754358161648178,0.09508716323296355,1.9492868462757529,1.3312202852614898,0.0,0.33280507131537246,1.1410459587955626,0.9984152139461173,0.5705229793977813,0.1901743264659271
Federico Chiesa,Juventus,ITA-Serie A,25,ITA,FW,3496.0,29.35,0.08,1.6125,0.33466819221967964,0.20594965675057209,0.30892448512585813,0.02574370709382151,0.15446224256292906,0.0,1.055491990846682,1.5446224256292906,0.2831807780320366,4.582379862700229,0.2574370709382151,0.6693363844393593,3.140732265446224,0.952517162471396
Federico Di Francesco,Lecce,ITA-Serie A,29,ITA,"FW,MF",2046.0,46.25,0.275,1.5,0.13196480938416422,0.08797653958944282,0.13196480938416422,0.0,0.21994134897360704,0.0,1.847507331378299,1.4076246334310851,0.5718475073313783,2.067448680351906,0.3958944281524927,0.7038123167155426,1.847507331378299,0.7917888563049854
Federico Dimarco,Inter,ITA-Serie A,28-304,ITA,MF,9262.0,34.2,0.072,2.346,0.19434247462751025,0.32066508313539194,0.19434247462751025,0.0,0.05830274238825308,0.0,0.8259555171669186,0.8356726408982942,0.2234938458216368,8.891168214208594,0.6996329086590369,0.9619952494061756,2.196069963290866,0.777369898510041
Federico Fazio,Salernitana,ITA-Serie A,36,ARG,DF,2429.0,21.6,0.11,0.9099999999999999,0.07410456978180321,0.0,0.07410456978180321,0.0,0.18526142445450802,0.07410456978180321,0.7039934129271305,0.5557842733635241,0.0,0.14820913956360643,1.6673528200905723,0.852202552490737,0.7039934129271305,0.14820913956360643
Federico Gatti,Juventus,ITA-Serie A,28-078,ITA,DF,7376.0,45.94,0.258,1.6920000000000002,0.09761388286334056,0.0,0.09761388286334056,0.0,0.20742950108459868,0.0,1.1225596529284165,0.6466919739696312,0.01220173535791757,0.2928416485900217,0.7931127982646421,0.8053145336225597,1.0737527114967462,0.3294468546637744
Federico Valverde,Real Madrid,ESP-La Liga,28-050,URU,MF,11515.0,34.78,0.072,2.282,0.15631784628745116,0.18758141554494137,0.15631784628745116,0.0,0.08597481545809812,0.007815892314372557,0.4845853234910986,0.46113764654798095,0.0547112462006079,0.9144594007815892,1.1098567086409032,0.9300911854103343,1.8054711246200608,0.6643508467216673
Federico Viñas,Oviedo,ESP-La Liga,27,URU,"FW,MF",2439.0,36.8,0.16,0.85,0.33210332103321033,0.03690036900369004,0.25830258302583026,0.07380073800738007,0.25830258302583026,0.11070110701107011,1.6974169741697418,2.5461254612546123,0.4797047970479705,0.11070110701107011,0.4797047970479705,1.1808118081180812,2.103321033210332,0.7749077490774907
Felipe,Atlético Madrid,ESP-La Liga,33,BRA,DF,1987.0,2.566666666666667,0.0,0.63,0.0,0.04529441368897836,0.0,0.0,0.3623553095118269,0.0,1.3135379969803724,0.7700050327126321,0.18117765475591344,0.09058882737795672,1.9023653749370912,1.5400100654252642,0.7700050327126321,0.04529441368897836
Felipe Anderson,Lazio,ITA-Serie A,30,BRA,"FW,MF",5728.0,40.85,0.16999999999999998,1.78,0.21997206703910616,0.12569832402234637,0.21997206703910616,0.0,0.09427374301675978,0.0,1.0998603351955307,1.0841480446927374,0.17283519553072624,1.6812150837988826,0.848463687150838,1.4926675977653632,1.3198324022346368,0.534217877094972
Felix Agu,Werder Bremen,Unknown,25,NGA,"DF,MF",4158.0,25.0,0.075,1.325,0.06493506493506493,0.0,0.06493506493506493,0.0,0.08658008658008658,0.0,0.8008658008658008,2.2510822510822512,0.19480519480519481,2.4025974025974026,0.9307359307359306,1.277056277056277,0.5194805194805194,0.12987012987012986
Felix Nmecha,Dortmund,Unknown,25-335,GER,MF,6660.0,25.02,0.08,2.092,0.13513513513513514,0.14864864864864863,0.13513513513513514,0.0,0.12162162162162163,0.0,1.2027027027027026,1.5270270270270272,0.05405405405405405,0.32432432432432434,1.189189189189189,1.1486486486486487,1.5405405405405403,0.3513513513513513
Felix Passlack,Bochum,Unknown,26,GER,"MF,DF",3358.0,14.833333333333334,0.060000000000000005,1.5366666666666668,0.08040500297796307,0.2144133412745682,0.08040500297796307,0.0,0.16081000595592615,0.026801667659321026,1.125670041691483,0.9112567004169148,0.1072066706372841,4.073853484216795,0.6700416914830256,1.098868374032162,1.072066706372841,0.24121500893388922
Fer López,Celta Vigo,ESP-La Liga,21,ESP,"MF,FW",2076.0,29.5,0.06,1.0166666666666666,0.13005780346820808,0.08670520231213873,0.13005780346820808,0.0,0.26011560693641617,0.0,1.8641618497109829,1.2572254335260116,0.13005780346820808,1.0404624277456647,0.3468208092485549,0.7369942196531792,1.647398843930636,0.5202312138728323
Ferdi Kadioglu,Brighton,ENG-Premier League,26-338,TUR,DF,3685.0,34.9,0.09666666666666666,1.06,0.04884667571234736,0.0,0.04884667571234736,0.0,0.17096336499321574,0.0,0.6594301221166893,1.0013568521031209,0.19538670284938944,2.955223880597015,0.8059701492537313,1.0990502035278156,0.8548168249660787,0.36635006784260515
Ferland Mendy,Real Madrid,ESP-La Liga,30,FRA,DF,4283.0,10.0,0.0,2.1675,0.0,0.042026616857342984,0.0,0.0,0.16810646742937194,0.021013308428671492,0.5883726360028018,0.8405323371468597,0.0,0.2731730095727294,0.7564791034321737,0.7564791034321737,0.12607985057202897,0.042026616857342984
Fermin López,Barcelona,ESP-La Liga,23-122,ESP,MF,4776.0,51.2,0.2,2.56,0.45226130653266333,0.30150753768844224,0.45226130653266333,0.0,0.18844221105527637,0.01884422110552764,2.0540201005025125,1.1683417085427135,0.41457286432160806,2.016331658291457,0.2826633165829146,1.1118090452261307,3.2035175879396984,1.3944723618090453
Fernando,Sevilla,ESP-La Liga,36,BRA,MF,2036.0,0.0,0.0,1.25,0.0,0.04420432220039292,0.0,0.0,0.13261296660117877,0.04420432220039292,1.0166994106090375,0.5304518664047151,0.0,0.26522593320235754,1.4145383104125735,1.281925343811395,0.3094302554027505,0.0
Fernando Calero,Espanyol,ESP-La Liga,29,ESP,DF,4474.0,28.96666666666667,0.16666666666666666,1.31,0.02011622708985248,0.02011622708985248,0.02011622708985248,0.0,0.2413947250782298,0.0,0.8649977648636568,0.5230219043361646,0.02011622708985248,0.16092981671881984,1.2270898524810012,1.166741171211444,0.4224407688869021,0.08046490835940992
Ferran Jutglà,Celta Vigo,ESP-La Liga,27-221,ESP,FW,1893.0,28.9,0.1,0.9650000000000001,0.42789223454833597,0.14263074484944532,0.42789223454833597,0.0,0.1901743264659271,0.0,1.3312202852614898,1.7591125198098256,0.4754358161648178,0.9984152139461173,0.3803486529318542,0.14263074484944532,2.1870047543581617,1.236133122028526
Ferran Torres,Paris SG,FRA-Ligue 1,26-193,ESP,FW,5818.0,42.1,0.22599999999999998,1.9740000000000002,0.6033001031282228,0.18563080096253007,0.6033001031282228,0.0,0.15469233413544173,0.030938466827088347,0.6651770367823995,1.2220694396699896,0.6497078033688553,1.608800275008594,0.26297696803025095,0.4022000687521485,3.062908215881746,1.3612925403918872
Festy Ebosele,Udinese,ITA-Serie A,20,IRL,MF,2111.0,28.15,0.0,0.98,0.0,0.04263382283278067,0.0,0.0,0.42633822832780677,0.04263382283278067,1.705352913311227,2.216958787304595,0.04263382283278067,2.6432970156324016,0.5542396968261487,1.27901468498342,0.8526764566556135,0.25580293699668405
Fidel,Elche,ESP-La Liga,32,ESP,"MF,FW",1714.0,21.4,0.21,0.81,0.15752625437572929,0.10501750291715285,0.10501750291715285,0.052508751458576426,0.26254375729288215,0.0,0.5775962660443407,0.9976662777129521,0.4725787631271879,3.045507584597433,0.31505250875145857,0.4725787631271879,0.73512252042007,0.15752625437572929
Fikayo Tomori,Milan,ITA-Serie A,27,ENG,DF,9028.0,28.425,0.0875,1.9525,0.04984492689410722,0.03987594151528578,0.04984492689410722,0.0,0.2492246344705361,0.029906956136464335,0.9968985378821444,0.48848028356225076,0.03987594151528578,0.3190075321222862,1.0168365086397873,1.256092157731502,0.36885245901639346,0.13956579530350022
Filip Kostić,Frankfurt,Unknown,29,SRB,MF,4932.0,22.1,0.10250000000000001,1.4900000000000002,0.10948905109489052,0.23722627737226276,0.10948905109489052,0.0,0.12773722627737225,0.0,1.0401459854014599,0.656934306569343,0.16423357664233576,8.193430656934307,0.5474452554744526,1.0583941605839415,1.2408759124087592,0.3284671532846715
Filip Ugrinic,Valencia,ESP-La Liga,27-248,SUI,MF,1788.0,24.15,0.0,0.775,0.0,0.15100671140939598,0.0,0.0,0.15100671140939598,0.0,0.9563758389261746,1.1073825503355705,0.30201342281879195,3.4731543624161074,0.7550335570469798,0.9563758389261746,1.308724832214765,0.2516778523489933
Filip Uremović,Hertha BSC,Unknown,25,CRO,DF,1726.0,33.3,0.0,0.82,0.0,0.0,0.0,0.0,0.41714947856315177,0.05214368482039397,1.4078794901506373,0.5214368482039398,0.0,0.05214368482039397,1.668597914252607,1.1471610660486673,0.46929316338354576,0.1564310544611819
Filip Đuričić,Sampdoria,ITA-Serie A,30,SRB,MF,2171.0,46.2,0.12,0.44,0.1243666513127591,0.0,0.1243666513127591,0.0,0.37309995393827733,0.0,1.575310916628282,1.9898664210041457,0.0,1.6996775679410412,0.29018885306310455,0.8705665591893137,1.0778443113772456,0.4974666052510364
Filippo Bandinelli,Empoli,ITA-Serie A,27,ITA,MF,2263.0,29.2,0.08,1.17,0.07954043305346885,0.0,0.07954043305346885,0.0,0.39770216526734425,0.0,2.06805125939019,1.4714980114891736,0.0,3.6190897039328327,0.7158638974812196,1.312417145382236,0.9544851966416262,0.278391515687141
Filippo Ranocchia,Empoli,ITA-Serie A,22,ITA,MF,1006.0,37.7,0.025,0.925,0.08946322067594432,0.0,0.08946322067594432,0.0,0.3578528827037773,0.0,1.610337972166998,1.7892644135188867,0.0,1.9681908548707754,0.6262425447316103,1.5208747514910537,2.2365805168986084,0.8946322067594433
Filippo Terracciano,Milan,ITA-Serie A,23-214,ITA,DF,5746.0,26.566666666666666,0.023333333333333334,1.1900000000000002,0.03132613992342499,0.03132613992342499,0.03132613992342499,0.0,0.20361990950226247,0.0,0.8301427079707623,1.3470240167072747,0.015663069961712496,1.769926905673512,1.4096762965541247,0.9554472676644623,0.4698920988513749,0.17229376957883744
Finn Jeltsch,Stuttgart,Unknown,20-055,GER,DF,2471.0,16.666666666666668,0.0,1.5266666666666666,0.0,0.07284500202347229,0.0,0.0,0.21853500607041682,0.0,0.8377175232699312,0.801295022258195,0.10926750303520841,0.21853500607041682,1.2019425333872926,1.1290975313638203,0.254957507082153,0.03642250101173614
Finn Ole Becker,Hoffenheim,Unknown,24,GER,MF,1789.0,33.333333333333336,0.0,1.3733333333333333,0.0,0.05030743432084964,0.0,0.0,0.10061486864169927,0.0,0.7546115148127446,0.955841252096143,0.05030743432084964,0.9055338177752935,0.7546115148127446,0.7043040804918949,0.8049189491335942,0.25153717160424816
Finn Porath,Holstein Kiel,Unknown,27,GER,MF,1970.0,41.4,0.07,0.61,0.09137055837563453,0.13705583756345177,0.09137055837563453,0.0,0.13705583756345177,0.0,1.4162436548223352,1.6903553299492386,0.0,3.8375634517766497,0.868020304568528,1.233502538071066,1.3248730964467006,0.5482233502538071
Fisayo Dele-Bashiru,Lazio,ITA-Serie A,25-216,NGA,MF,2187.0,17.833333333333332,0.09999999999999999,1.96,0.1646090534979424,0.0411522633744856,0.1646090534979424,0.0,0.0,0.0,0.6584362139917695,0.3703703703703704,0.0823045267489712,0.6995884773662552,0.28806584362139914,0.9053497942386832,1.02880658436214,0.28806584362139914
Fisnik Asllani,Hoffenheim,Unknown,22,KVX,"FW,MF",2502.0,19.2,0.07,1.07,0.3597122302158273,0.2517985611510791,0.3597122302158273,0.0,0.07194244604316546,0.0,1.0071942446043165,1.4388489208633093,0.5755395683453237,0.4316546762589928,0.32374100719424465,0.2517985611510791,2.949640287769784,1.0071942446043165
Flavien Tait,Rennes,FRA-Ligue 1,29,FRA,MF,1680.0,24.0,0.08,1.77,0.10714285714285715,0.10714285714285715,0.10714285714285715,0.0,0.10714285714285715,0.0,1.3392857142857142,1.5535714285714286,0.0,0.4285714285714286,1.0714285714285714,0.9107142857142858,1.3392857142857142,0.3214285714285714
Flavius Daniliuc,Hellas Verona,ITA-Serie A,23,AUT,DF,4034.0,18.325,0.0,0.6725,0.0,0.04462072384729796,0.0,0.0,0.2454139811601388,0.0,1.360932077342588,0.22310361923648986,0.0,0.20079325731284084,0.9370352007932574,1.338621715418939,0.33465542885473476,0.11155180961824493
Florent Hanin,Angers,FRA-Ligue 1,35,ALG,"DF,MF",3537.0,4.55,0.045,1.025,0.02544529262086514,0.05089058524173028,0.02544529262086514,0.0,0.05089058524173028,0.0,0.6361323155216285,1.094147582697201,0.02544529262086514,3.3078880407124682,1.5267175572519083,1.4249363867684477,0.3562340966921119,0.02544529262086514
Florent Mollet,Schalke 04,Unknown,30,FRA,MF,3824.0,30.75,0.05,0.645,0.1412133891213389,0.1412133891213389,0.1412133891213389,0.0,0.2118200836820084,0.0,1.3179916317991631,1.2003138075313808,0.23535564853556484,5.648535564853557,0.4707112970711297,0.4707112970711297,2.4006276150627617,0.8708158995815899
Florent Ogier,Clermont Foot,FRA-Ligue 1,34,FRA,DF,2644.0,14.3,0.07,1.24,0.0340393343419062,0.0680786686838124,0.0340393343419062,0.0,0.170196671709531,0.0,0.8850226928895614,0.47655068078668683,0.0,0.1021180030257186,0.850983358547655,0.8850226928895614,0.3063540090771558,0.0680786686838124
Florentino Luís,Burnley,ENG-Premier League,25,POR,MF,2105.0,15.4,0.0,0.52,0.0,0.0855106888361045,0.0,0.0,0.25653206650831356,0.0,1.7102137767220904,0.342042755344418,0.04275534441805225,0.47030878859857483,1.7102137767220904,2.0950118764845604,0.5558194774346793,0.0855106888361045
Florian Grillitsch,Hoffenheim,Unknown,28,AUT,"MF,DF",3528.0,23.825,0.0125,1.395,0.025510204081632654,0.15306122448979592,0.025510204081632654,0.0,0.25510204081632654,0.0,0.9948979591836735,1.1989795918367347,0.0,0.7142857142857142,1.7346938775510203,1.1479591836734695,0.7908163265306123,0.22959183673469385
Florian Kainz,Köln,Unknown,32,AUT,MF,4820.0,40.93333333333334,0.13999999999999999,0.9466666666666667,0.22406639004149376,0.2800829875518672,0.07468879668049792,0.14937759336099585,0.20539419087136931,0.01867219917012448,1.008298755186722,1.4377593360995848,0.03734439834024896,8.141078838174273,1.0269709543568464,0.5788381742738589,1.6804979253112033,0.6535269709543569
Florian Lejeune,Rayo Vallecano,ESP-La Liga,35-113,FRA,DF,12807.0,33.1,0.044,1.16,0.07730147575544624,0.035137034434293744,0.07730147575544624,0.0,0.1897399859451862,0.02108222066057625,1.06816584680253,0.4286718200983837,0.06324666198172874,0.2178496134926212,0.9557273366127899,0.8784258608573436,1.539002108222066,0.5059732958538299
Florian Neuhaus,Gladbach,Unknown,28,GER,"MF,FW",3941.0,31.025,0.037500000000000006,1.1575,0.11418421720375538,0.09134737376300432,0.09134737376300432,0.02283684344075108,0.15985790408525755,0.0,0.7307789901040346,1.2560263892413093,0.04567368688150216,0.7764526769855367,0.9363105810707942,0.7079421466632834,2.215173813752855,0.7079421466632834
Florian Niederlechner,Hertha BSC,Unknown,31,GER,FW,1691.0,44.3,0.095,1.005,0.26611472501478417,0.05322294500295684,0.26611472501478417,0.0,0.1596688350088705,0.0,1.1709047900650502,1.4902424600827915,0.958013010053223,0.37256061502069787,0.21289178001182735,0.6918982850384388,2.554701360141928,1.1709047900650502
Florian Sotoca,Lens,FRA-Ligue 1,35-320,FRA,"FW,MF",7976.0,32.78,0.05600000000000001,1.48,0.18054162487462388,0.18054162487462388,0.12412236710130392,0.05641925777331996,0.12412236710130392,0.022567703109327986,0.9929789368104314,1.320210631895687,0.3497993981945838,3.2046138415245737,0.7673019057171514,0.6995987963891676,2.482447342026078,0.8350050150451354
Florian Tardieu,Saint-Étienne,FRA-Ligue 1,32,FRA,MF,2261.0,28.65,0.18,1.0150000000000001,0.19902697921273774,0.15922158337019018,0.07961079168509509,0.11941618752764264,0.07961079168509509,0.0,0.8359133126934984,1.3533834586466165,0.039805395842547546,2.706766917293233,1.3931888544891642,1.313578062804069,1.1543564794338788,0.31844316674038037
Florian Thauvin,Udinese,ITA-Serie A,31,FRA,"FW,MF",6925.0,46.7,0.166,1.234,0.35090252707581226,0.16895306859205775,0.259927797833935,0.09097472924187724,0.14296028880866427,0.0,0.6888086642599278,1.2736462093862817,0.2339350180505415,6.68014440433213,0.3249097472924188,0.49386281588447656,2.508303249097473,1.0137184115523465
Florian Wirtz,Leverkusen,Unknown,21,GER,MF,8432.0,46.64,0.10400000000000001,1.876,0.28818785578747624,0.35222960151802657,0.25616698292220114,0.03202087286527514,0.12808349146110057,0.0,0.917931688804554,1.2167931688804554,0.21347248576850095,2.316176470588235,0.33088235294117646,0.8538899430740038,2.28415559772296,1.0460151802656545
Flynn Downes,Southampton,ENG-Premier League,25,ENG,MF,2913.0,27.5,0.05,0.76,0.030895983522142123,0.0,0.030895983522142123,0.0,0.4325437693099897,0.0,1.791967044284243,1.5756951596292483,0.0,0.21627188465499486,1.1740473738414006,1.0813594232749741,0.4325437693099897,0.12358393408856849
Fodé Ballo-Touré,Milan,ITA-Serie A,25,SEN,"DF,MF",2019.0,20.0,0.05,1.27,0.04457652303120356,0.0,0.04457652303120356,0.0,0.1337295690936107,0.0,1.1144130757800892,2.0950965824665677,0.04457652303120356,2.6300148588410104,0.713224368499257,1.5156017830609212,0.44576523031203563,0.17830609212481424
Fodé Doucouré,Le Havre,FRA-Ligue 1,25-219,MLI,MF,1334.0,20.0,0.075,0.73,0.20239880059970014,0.13493253373313344,0.20239880059970014,0.0,0.2698650674662669,0.0,1.1469265367316341,0.3373313343328336,0.13493253373313344,5.464767616191904,0.8770614692653673,1.7541229385307346,1.4842578710644678,0.5397301349325337
Folarin Balogun,Monaco,FRA-Ligue 1,24,USA,FW,7536.0,40.775,0.14250000000000002,1.7575,0.5374203821656052,0.13136942675159236,0.42993630573248404,0.10748407643312101,0.11942675159235668,0.011942675159235668,1.4331210191082802,1.6242038216560508,0.8001592356687898,0.5971337579617835,0.13136942675159236,0.16719745222929935,3.606687898089172,1.5406050955414012
Formose Mendy,Lorient,FRA-Ligue 1,24,SEN,DF,1391.0,14.3,0.0,1.25,0.0,0.0,0.0,0.0,0.45291157440690155,0.0,1.2293314162473041,0.9058231488138031,0.0,0.9058231488138031,1.488138030194105,1.2940330697340043,0.45291157440690155,0.12940330697340044
Fran Beltrán,Girona,ESP-La Liga,26,ESP,MF,9244.0,17.28,0.038,1.268,0.029208135006490697,0.029208135006490697,0.029208135006490697,0.0,0.11683254002596279,0.0,1.0612289052358286,0.5452185201211597,0.03894418000865426,0.827563825183903,1.1001730852444829,1.0807009952401558,0.827563825183903,0.12656858502812635
Fran Garcia,Real Betis,ESP-La Liga,27-027,ESP,DF,8207.0,20.5,0.07,2.04,0.0438649932984038,0.1315949798952114,0.0438649932984038,0.0,0.0657974899476057,0.01096624832460095,0.6031436578530524,0.888266114292677,0.20835871816741805,3.5420982088461073,1.1295235774338979,1.326916047276715,0.647008651151456,0.18642622151821617
Francesco Acerbi,Inter,ITA-Serie A,37,ITA,DF,7901.0,26.1,0.05,2.125,0.03417288950765726,0.056954815846095436,0.03417288950765726,0.0,0.0911277053537527,0.0,0.7176306796608024,0.7745854955068978,0.11390963169219087,0.5012023794456398,1.3555246171370712,0.6834577901531452,0.4670294899379825,0.11390963169219087
Francesco Camarda,Lecce,ITA-Serie A,17,ITA,FW,907.0,10.433333333333334,0.02,1.7666666666666666,0.09922822491730982,0.0,0.09922822491730982,0.0,0.09922822491730982,0.0,1.984564498346196,0.496141124586549,0.39691289966923926,0.19845644983461963,0.0,0.29768467475192945,2.3814773980154356,0.39691289966923926
Francesco Caputo,Empoli,ITA-Serie A,36,ITA,FW,4076.0,27.575,0.075,0.8225,0.19872423945044163,0.08832188420019627,0.1324828263002944,0.0662414131501472,0.022080471050049066,0.0,0.6182531894013739,1.3248282630029442,1.1923454367026496,0.2208047105004907,0.0662414131501472,0.0662414131501472,1.8547595682041218,0.7065750736015701
Francesco Esposito,Inter,ITA-Serie A,21-074,ITA,FW,1770.0,38.4,0.105,2.6550000000000002,0.4067796610169492,0.2033898305084746,0.4067796610169492,0.0,0.05084745762711865,0.0,1.4745762711864407,2.847457627118644,0.15254237288135591,0.2033898305084746,0.2542372881355932,0.30508474576271183,3.457627118644068,1.3728813559322035
Francesco Gelli,Frosinone,ITA-Serie A,26,ITA,"MF,DF",1561.0,30.0,0.0,0.93,0.0,0.0,0.0,0.0,0.1729660474055093,0.0,0.9224855861627161,2.3638693145419603,0.05765534913516976,3.0557335041639977,0.5765534913516976,0.7495195387572069,0.5765534913516976,0.1729660474055093
Francesco Zampano,Venezia,ITA-Serie A,30,ITA,MF,1639.0,57.1,0.14,0.75,0.05491153142159853,0.10982306284319707,0.05491153142159853,0.0,0.2745576571079927,0.0,1.317876754118365,1.043319097010372,0.2745576571079927,2.6906650396583283,0.32946918852959123,1.1531421598535694,0.3843807199511898,0.21964612568639413
Francis Coquelin,Nantes,FRA-Ligue 1,34,FRA,MF,2537.0,11.325,0.07,1.41,0.07094994087504927,0.07094994087504927,0.07094994087504927,0.0,0.3192747339377217,0.0,1.8092234923137565,0.8159243200630666,0.035474970437524636,0.3192747339377217,1.2416239653133623,1.489948758376035,0.8159243200630666,0.10642491131257391
Francisco Conceição,Juventus,ITA-Serie A,23-270,POR,MF,3648.0,32.43333333333333,0.04,1.9400000000000002,0.14802631578947367,0.2220394736842105,0.14802631578947367,0.0,0.19736842105263158,0.024671052631578948,1.6282894736842106,1.949013157894737,0.17269736842105263,4.243421052631579,0.34539473684210525,1.0361842105263157,3.0098684210526314,0.962171052631579
Francisco Perez,Rayo Vallecano,ESP-La Liga,24-001,ESP,MF,4126.0,14.760000000000002,0.033999999999999996,1.064,0.06543868153174988,0.10906446921958313,0.06543868153174988,0.0,0.2617547261269995,0.021812893843916627,1.3960252060106642,1.1997091614154145,0.37081919534658264,3.0319922443044107,0.47988366456616577,0.872515753756665,0.9815802229762483,0.23994183228308288
Franck Honorat,Gladbach,Unknown,30-030,FRA,MF,8391.0,39.4,0.098,0.97,0.16088666428316054,0.3110475509474437,0.16088666428316054,0.0,0.021451555237754737,0.0,0.5684662138005006,0.47193421523060425,0.3968537718984626,7.668930997497318,0.3968537718984626,0.6328208795137648,1.3514479799785484,0.4612084376117268
Franck Kessié,Atalanta,ITA-Serie A,29-265,CIV,"DF,MF",1002.0,10.0,0.035,1.07,0.08982035928143711,0.08982035928143711,0.08982035928143711,0.0,0.35928143712574845,0.0,1.6167664670658681,1.4371257485029938,0.2694610778443114,0.4491017964071856,1.0778443113772456,0.8982035928143712,1.347305389221557,0.2694610778443114
Franco Cervi,Celta Vigo,ESP-La Liga,30,ARG,"MF,FW",2713.0,12.4,0.0,1.2966666666666666,0.0,0.16586804275709546,0.0,0.0,0.16586804275709546,0.03317360855141909,1.2274235164025065,2.0567637301879835,0.13269443420567636,4.611131588647254,1.791374861776631,2.2889789900479176,1.061555473645411,0.23221525985993366
Franco Mastantuono,Fiorentina,ITA-Serie A,19-027,ARG,"FW,MF",1234.0,21.65,0.015,1.24,0.07293354943273905,0.0,0.07293354943273905,0.0,0.36466774716369527,0.07293354943273905,1.385737439222042,2.625607779578606,0.07293354943273905,2.625607779578606,0.2917341977309562,0.9481361426256077,2.917341977309562,0.6564019448946515
Frank Anguissa,Napoli,ITA-Serie A,30-298,CMR,MF,10181.0,27.360000000000003,0.074,1.764,0.11491994892446715,0.10607995285335428,0.11491994892446715,0.0,0.09723995678224143,0.0,1.2729594342402515,1.2552794420980258,0.08839996071112857,0.7337196739023673,1.1049995088891071,0.9547195756801886,1.3701993910224928,0.3889598271289657
Frank Magri,Toulouse,FRA-Ligue 1,25,CMR,"FW,MF",4207.0,37.9,0.12666666666666668,1.3099999999999998,0.3208937485143808,0.08557166627050154,0.3208937485143808,0.0,0.27810791537913004,0.021392916567625386,2.032327073924412,1.561682909436653,0.21392916567625386,0.7487520798668885,0.23532208224387924,0.4064654147848823,2.5243641549797955,0.9626812455431424
Frank Onyeka,Augsburg,Unknown,26,NGA,MF,4864.0,18.383333333333333,0.008333333333333333,1.1366666666666667,0.01850328947368421,0.11101973684210525,0.01850328947368421,0.0,0.29605263157894735,0.0,1.7578125,2.4979440789473686,0.16652960526315788,0.703125,1.332236842105263,1.4617598684210527,1.0176809210526316,0.3515625
Frank Tsadjout,Cremonese,ITA-Serie A,23,ITA,FW,1051.0,38.5,0.12,0.85,0.25689819219790677,0.0856327307326356,0.25689819219790677,0.0,0.0856327307326356,0.0,1.8839200761179828,1.5413891531874404,0.3425309229305424,0.3425309229305424,0.6850618458610848,0.6850618458610848,2.226450999048525,0.8563273073263559
Frans Krätzig,Stuttgart,Unknown,21,GER,DF,1329.0,44.43333333333334,0.03666666666666667,1.3533333333333335,0.06772009029345372,0.13544018058690743,0.06772009029345372,0.0,0.06772009029345372,0.0,0.5417607223476297,0.27088036117381487,0.33860045146726864,2.6410835214446955,1.2189616252821671,1.2866817155756207,0.744920993227991,0.33860045146726864
Fred,Manchester Utd,ENG-Premier League,29,BRA,MF,1249.0,19.2,0.08,1.97,0.14411529223378702,0.14411529223378702,0.14411529223378702,0.0,0.43234587670136104,0.0,2.3779023218574857,1.5852682145716575,0.07205764611689351,1.0088070456365092,1.3690952762209767,2.233787029623699,1.8734987990392313,0.3602882305844676
Freddie Potts,West Ham,ENG-Premier League,21,ENG,MF,1171.0,33.3,0.0,1.09,0.0,0.07685738684884715,0.0,0.0,0.07685738684884715,0.0,1.1528608027327072,1.0760034158838598,0.0,2.6131511528608025,1.2297181895815543,1.3834329632792486,0.23057216054654142,0.07685738684884715
Frederic Guilbert,Lecce,ITA-Serie A,29,FRA,DF,6993.0,15.175,0.025,1.0725,0.025740025740025742,0.025740025740025742,0.025740025740025742,0.0,0.1287001287001287,0.025740025740025742,1.3127413127413128,0.9137709137709138,0.03861003861003861,2.7155727155727156,2.2522522522522523,1.673101673101673,0.6563706563706564,0.10296010296010297
Fredrik Jensen,Augsburg,Unknown,26,FIN,"MF,FW",3025.0,21.0,0.10666666666666667,1.3333333333333333,0.11900826446280993,0.1487603305785124,0.11900826446280993,0.0,0.059504132231404966,0.0,1.0115702479338842,0.41652892561983473,0.32727272727272727,4.224793388429752,0.6545454545454545,0.9223140495867769,1.071074380165289,0.23801652892561986
Fredrik Oppegard,Auxerre,FRA-Ligue 1,24-034,NOR,DF,1549.0,17.766666666666666,0.0,0.63,0.0,0.0,0.0,0.0,0.05810200129115558,0.05810200129115558,0.6391220142027114,0.697224015493867,0.17430600387346676,3.1375080697224016,1.0458360232408004,1.3363460296965786,0.7553260167850226,0.17430600387346676
Frenkie de Jong,Barcelona,ESP-La Liga,28,NED,MF,6947.0,51.7,0.235,2.2625,0.09068662732114582,0.14250755721894343,0.09068662732114582,0.0,0.22023895206563981,0.012955232474449404,0.9845976680581546,1.2955232474449403,0.051820929897797616,0.932776738160357,1.0364185979559521,1.0752842953793005,0.4793436015546279,0.25910464948898804
Fábio Silva,Dortmund,Unknown,24-053,POR,FW,2976.0,56.675,0.3225,1.7999999999999998,0.39314516129032256,0.2721774193548387,0.3326612903225807,0.06048387096774194,0.3629032258064516,0.0,1.995967741935484,1.7237903225806452,0.8467741935483871,0.967741935483871,0.2721774193548387,0.4536290322580645,2.4193548387096775,1.0887096774193548
Félix Correia,Lille,FRA-Ligue 1,25-231,POR,MF,2147.0,10.8,0.055,1.895,0.16767582673497905,0.2095947834187238,0.16767582673497905,0.0,0.08383791336748952,0.0,0.6707033069399162,1.215649743828598,0.2095947834187238,3.52119236143456,1.0060549604098743,0.5868653935724266,1.592920353982301,0.3353516534699581
Félix Lemaréchal,Strasbourg,FRA-Ligue 1,21,FRA,"MF,FW",2622.0,20.0,0.05333333333333334,1.6166666666666665,0.13729977116704806,0.17162471395881007,0.13729977116704806,0.0,0.17162471395881007,0.0,1.5446224256292906,0.6178489702517163,0.10297482837528604,1.6819221967963385,0.6178489702517163,1.3043478260869565,1.2700228832951945,0.41189931350114417
Gabriel Gudmundsson,Lille,FRA-Ligue 1,25,SWE,"DF,MF",6611.0,18.419999999999998,0.036,1.4460000000000002,0.04084102253819392,0.0,0.04084102253819392,0.0,0.19059143851157162,0.013613674179397973,1.3613674179397974,1.905914385115716,0.2042051126909696,2.9405536227499622,0.9801845409166541,1.3477537437603995,0.7895931024050824,0.19059143851157162
Gabriel Jesus,Barcelona,ESP-La Liga,29-160,BRA,"FW,MF",4589.0,35.86,0.10400000000000001,2.3,0.411854434517324,0.2157332752233602,0.39224231858792763,0.019612115929396382,0.3726302026585313,0.0,1.8043146655044673,1.9415994770102418,0.9413815646110264,0.509915014164306,0.6079755938112879,0.92176944868163,3.392896055785574,1.392460230987143
Gabriel Magalhães,Arsenal,ENG-Premier League,28-265,BRA,DF,11837.0,32.44,0.094,2.372,0.0988426121483484,0.03801638928782631,0.0988426121483484,0.0,0.13685900143617472,0.0,0.7907408971867872,0.9808228436259188,0.007603277857565261,0.19008194643913154,0.7831376193292219,0.6995015628960041,0.8819802314775703,0.25851144715721885
Gabriel Martinelli,Arsenal,ENG-Premier League,24,BRA,"FW,MF",8179.0,41.95,0.115,2.1825,0.33011370583200883,0.187064433304805,0.33011370583200883,0.0,0.08803032155520234,0.0,0.9683335371072258,1.0563638586624282,0.3411174960264091,3.8403227778457025,0.19806822349920528,0.74825773321922,2.442841423156865,1.012348697884827
Gabriel Osho,Auxerre,FRA-Ligue 1,26,NGA,DF,3634.0,20.966666666666665,0.11333333333333334,1.2366666666666666,0.07429829389102917,0.0,0.07429829389102917,0.0,0.09906439185470556,0.02476609796367639,0.89157952669235,0.6191524490919097,0.02476609796367639,0.19812878370941112,1.015410016510732,1.0401761144744084,0.4210236653824986,0.12383048981838195
Gabriel Paulista,Valencia,ESP-La Liga,32,BRA,DF,3307.0,38.1,0.023333333333333334,1.18,0.02721499848805564,0.0,0.02721499848805564,0.0,0.299364983368612,0.08164499546416691,0.7348049591775022,0.4082249773208346,0.0,0.0,1.5512549138191714,0.5442999697611128,0.598729966737224,0.08164499546416691
Gabriel Strefezza,Parma,ITA-Serie A,28,BRA,FW,7180.0,28.825,0.0875,1.1825,0.21309192200557103,0.12534818941504178,0.17548746518105848,0.037604456824512536,0.21309192200557103,0.0,1.7298050139275767,2.594707520891365,0.08774373259052924,4.111420612813371,0.5139275766016713,1.1782729805013927,2.231197771587744,0.6643454038997214
Gabriel Suazo,Toulouse,FRA-Ligue 1,26,CHI,"MF,DF",8235.0,25.419999999999998,0.0,1.324,0.0,0.14207650273224046,0.0,0.0,0.16393442622950818,0.0,1.2459016393442623,0.9508196721311476,0.09836065573770492,3.278688524590164,1.2131147540983607,1.7814207650273222,0.2841530054644809,0.09836065573770492
Gabriel Veiga,Celta Vigo,ESP-La Liga,21,ESP,MF,2312.0,23.4,0.09,0.585,0.4282006920415225,0.15570934256055363,0.4282006920415225,0.0,0.23356401384083045,0.03892733564013841,1.6349480968858132,1.596020761245675,0.15570934256055363,1.0899653979238755,0.8174740484429066,0.8174740484429066,2.4134948096885815,1.1288927335640138
Gabriele Zappa,Cagliari,ITA-Serie A,26-262,ITA,"DF,MF",7243.0,23.825,0.057499999999999996,1.4875,0.03727737125500483,0.07455474251000967,0.03727737125500483,0.0,0.09940632334667954,0.0,0.7331216346817617,0.4721800358967279,0.0,2.360900179483639,0.7455474251000965,0.894656910120116,0.5094574071517327,0.16153527543835428
Gaby Jean,Lecce,ITA-Serie A,25,FRA,DF,1585.0,50.0,0.0,1.405,0.0,0.0,0.0,0.0,0.056782334384858045,0.0,0.9085173501577287,0.8517350157728707,0.0,0.056782334384858045,0.6246056782334385,0.6246056782334385,0.056782334384858045,0.056782334384858045
Gaetano Castrovilli,Monza,ITA-Serie A,27,ITA,MF,1829.0,21.1,0.0775,1.57,0.14762165117550574,0.14762165117550574,0.14762165117550574,0.0,0.14762165117550574,0.0,1.3778020776380535,1.2301804264625478,0.19682886823400764,1.722252597047567,0.6396938217605248,0.9349371241115364,1.5254237288135593,0.4920721705850191
Gaetano Oristanio,Parma,ITA-Serie A,22,ITA,"FW,MF",4278.0,21.900000000000002,0.06666666666666667,0.9633333333333334,0.12622720897615708,0.08415147265077139,0.12622720897615708,0.0,0.10518934081346423,0.0,2.1037868162692845,2.5035063113604488,0.35764375876577836,2.208976157082749,0.37868162692847124,0.6311360448807855,1.9144460028050492,0.44179523141654975
Gary Medel,Bologna,ITA-Serie A,34,CHI,"MF,DF",1478.0,0.0,0.0,1.45,0.0,0.06089309878213803,0.0,0.0,0.3044654939106901,0.0,1.1569688768606226,0.9742895805142084,0.0,0.2435723951285521,1.7050067658998647,0.9133964817320704,0.12178619756427606,0.0
Gastón Álvarez,Getafe,ESP-La Liga,23,URU,DF,4038.0,30.7,0.27,1.2799999999999998,0.08915304606240712,0.0,0.08915304606240712,0.0,0.31203566121842496,0.02228826151560178,1.5601783060921248,0.4903417533432392,0.02228826151560178,1.0698365527488856,1.0921248142644875,1.4933135215453195,0.4234769687964339,0.11144130757800891
Gauthier Hein,Nice,FRA-Ligue 1,30-034,FRA,MF,4431.0,18.833333333333332,0.07666666666666666,0.6966666666666667,0.20311442112389977,0.14218009478672985,0.10155721056194988,0.10155721056194988,0.08124576844955991,0.020311442112389978,0.7515233581584293,0.6296547054840894,0.12186865267433987,5.280974949221395,0.3046716316858497,0.6296547054840894,1.6858496953283684,0.46716316858496953
Gautier Lloris,Brest,FRA-Ligue 1,31-054,FRA,DF,8116.0,20.7,0.0975,1.2650000000000001,0.05544603252833908,0.022178413011335635,0.05544603252833908,0.0,0.09980285855101034,0.011089206505667817,1.0423854115327746,0.35485460818137016,0.05544603252833908,0.08871365204534254,1.2641695416461312,1.086742237555446,0.44356826022671264,0.12198127156234599
Gavi,Barcelona,ESP-La Liga,22-036,ESP,MF,5177.0,17.54,0.052000000000000005,2.492,0.06953834266949971,0.12169209967162449,0.06953834266949971,0.0,0.3824608846822484,0.0,2.711995364110489,2.39907282209774,0.24338419934324898,0.9909213830403709,0.7127680123623721,1.5124589530616186,0.8518446977013715,0.24338419934324898
Gaëtan Laborde,Nice,FRA-Ligue 1,30,FRA,FW,6490.0,45.225,0.1475,1.5125000000000002,0.4298921417565485,0.12480739599383667,0.3605546995377504,0.06933744221879816,0.04160246533127889,0.0,1.12326656394453,0.7627118644067796,0.263482280431433,2.2604006163328196,0.30508474576271183,0.7349768875192604,3.0924499229583975,1.3312788906009245
Gaëtan Perrin,Lille,FRA-Ligue 1,30-095,FRA,"FW,MF",4477.0,34.225,0.10500000000000001,1.52,0.28143846325664507,0.24123296850569578,0.26133571588117044,0.02010274737547465,0.10051373687737324,0.0,1.0051373687737324,0.8644181371454098,0.26133571588117044,4.563323654232745,0.46236318963591694,0.9247263792718339,1.889658253294617,0.8041098950189859
Genki Haraguchi,Stuttgart,Unknown,32,JPN,"FW,MF",1273.0,12.233333333333334,0.0,1.53,0.0,0.14139827179890024,0.0,0.0,0.07069913589945012,0.0,0.7069913589945012,1.9795758051846033,0.0,0.8483896307934015,0.6362922230950511,1.2725844461901021,0.7776904948939513,0.14139827179890024
Gennaro Borrelli,Cagliari,ITA-Serie A,26-184,ITA,FW,1337.0,13.333333333333334,0.05666666666666667,0.9199999999999999,0.3365744203440538,0.06731488406881077,0.3365744203440538,0.0,0.26925953627524307,0.0,2.961854899027674,3.3657442034405385,0.47120418848167545,0.20194465220643232,0.26925953627524307,0.5385190725504861,2.1540762902019446,0.8077786088257293
Geoffrey Kondogbia,Marseille,FRA-Ligue 1,33-207,CTA,DF,5215.0,10.0,0.0,1.7440000000000002,0.0,0.03451581975071908,0.0,0.0,0.20709491850431447,0.0,1.277085330776606,1.277085330776606,0.0862895493767977,0.12080536912751677,1.5877277085330777,1.8120805369127515,0.5349952061361457,0.05177372962607862
George Baldock,Sheffield United,ENG-Premier League,30,GRE,"DF,MF",969.0,0.0,0.0,0.54,0.0,0.09287925696594426,0.0,0.0,0.37151702786377705,0.0,1.671826625386997,1.3003095975232197,0.09287925696594426,1.671826625386997,0.9287925696594427,0.8359133126934984,0.09287925696594426,0.0
George Ilenikhena,Monaco,FRA-Ligue 1,18,NGA,FW,1102.0,44.8,0.135,1.49,0.40834845735027225,0.16333938294010888,0.40834845735027225,0.0,0.0,0.0,1.306715063520871,1.306715063520871,1.3883847549909256,0.0,0.16333938294010888,0.16333938294010888,2.94010889292196,1.306715063520871
Georges Mikautadze,Lyon,FRA-Ligue 1,24,GEO,FW,5762.0,43.260000000000005,0.162,1.5879999999999999,0.6091634849010761,0.26553280111072547,0.49982644914960084,0.10933703575147519,0.046858729607775075,0.015619576535925026,0.5466851787573759,1.5463380770565776,0.14057618882332523,1.0465116279069768,0.24991322457480042,0.1874349184311003,3.1239153071850048,1.4526206178410275
Georginio Rutter,Hoffenheim,Unknown,20,FRA,FW,4814.0,21.839999999999996,0.048,1.52,0.18695471541337763,0.18695471541337763,0.18695471541337763,0.0,0.11217282924802659,0.0,1.607810552555048,1.9443290402991276,0.7104279185708351,0.7478188616535105,0.5608641462401329,0.9347735770668882,2.3369339426672204,0.7478188616535105
Gerard Deulofeu,Udinese,ITA-Serie A,28,ESP,FW,1211.0,27.3,0.05,1.69,0.1486374896779521,0.4459124690338563,0.1486374896779521,0.0,0.07431874483897605,0.0,0.5945499587118084,0.8175061932287366,0.5945499587118084,4.384805945499587,0.1486374896779521,0.37159372419488024,3.2700247729149465,0.8918249380677126
Gerard Gumbau,Rayo Vallecano,ESP-La Liga,30,ESP,MF,7435.0,29.75,0.005,0.8975,0.012104909213180902,0.15736381977135172,0.012104909213180902,0.0,0.3752521856086079,0.0,2.069939475453934,0.7626092804303968,0.0363147276395427,4.866173503698723,0.8231338264963013,1.0531271015467385,1.5252185608607935,0.44788164088769333
Gerard Martín,Barcelona,ESP-La Liga,24-196,ESP,DF,3427.0,28.566666666666666,0.04666666666666667,2.67,0.02626203676685147,0.07878611030055442,0.02626203676685147,0.0,0.21009629413481176,0.0,0.840385176539247,0.4464546250364751,0.0,1.2868398015757223,1.3393638751094252,1.0504814706740588,0.3939305515027721,0.15757222060110884
Gerard Moreno,Villarreal,ESP-La Liga,34-156,ESP,FW,5720.0,42.339999999999996,0.18,1.512,0.4877622377622377,0.17307692307692307,0.3304195804195804,0.15734265734265734,0.06293706293706294,0.0,0.9440559440559441,1.2587412587412588,0.5979020979020979,0.9597902097902099,0.29895104895104896,0.47202797202797203,2.769230769230769,1.1486013986013985
Germán Pezzella,Real Betis,ESP-La Liga,32,ARG,DF,5278.0,10.85,0.02,1.575,0.017051913603637742,0.0,0.017051913603637742,0.0,0.18757104964001514,0.05115574081091323,0.8355437665782494,0.5115574081091323,0.11936339522546419,0.06820765441455097,1.3300492610837438,0.8866995073891626,0.5456612353164078,0.08525956801818871
Germán Valera,Elche,ESP-La Liga,24-178,ESP,"DF,MF",3345.0,31.76666666666667,0.04666666666666667,0.8066666666666666,0.10762331838565023,0.13452914798206278,0.10762331838565023,0.0,0.16143497757847533,0.026905829596412557,1.2107623318385652,2.2062780269058297,0.16143497757847533,3.47085201793722,0.6995515695067265,1.15695067264574,0.8609865470852018,0.26905829596412556
Gerrit Holtmann,Bochum,Unknown,29,PHI,"MF,DF",2473.0,35.56666666666667,0.03,0.6533333333333333,0.10917913465426607,0.07278608976951072,0.10917913465426607,0.0,0.10917913465426607,0.0,1.4921148402749695,0.5822887181560857,0.2547513141932875,5.64092195713708,0.7642539425798626,1.1281843914274161,2.7658714112414073,0.9826122118883945
Gerzino Nyamsi,Strasbourg,FRA-Ligue 1,26,CMR,DF,2670.0,46.45,0.035,0.85,0.033707865168539325,0.033707865168539325,0.033707865168539325,0.0,0.16853932584269662,0.033707865168539325,1.651685393258427,0.06741573033707865,0.0,0.10112359550561799,0.6741573033707865,1.1797752808988764,0.7078651685393259,0.33707865168539325
Giacomo Bonaventura,Fiorentina,ITA-Serie A,33,ITA,MF,4188.0,30.700000000000003,0.125,1.425,0.2793696275071633,0.08595988538681948,0.2793696275071633,0.0,0.21489971346704873,0.02148997134670487,0.9455587392550142,1.6117478510028653,0.06446991404011461,2.1919770773638967,0.5802292263610316,0.7521489971346705,2.170487106017192,0.666189111747851
Giacomo Quagliata,Cremonese,ITA-Serie A,22,ITA,"MF,DF",1059.0,5.55,0.0,1.325,0.0,0.08498583569405099,0.0,0.0,0.08498583569405099,0.08498583569405099,1.529745042492918,1.529745042492918,0.08498583569405099,5.4390934844192635,1.6147308781869687,0.6798866855524079,0.8498583569405099,0.08498583569405099
Giacomo Raspadori,Atalanta,ITA-Serie A,26-204,ITA,FW,4811.0,30.685714285714283,0.08285714285714287,1.727142857142857,0.31802120141342755,0.14965703595926003,0.31802120141342755,0.0,0.05612138848472251,0.0,0.8792350862606527,1.2533776761588027,0.18707129494907507,4.078154229889836,0.26189981292870507,0.6360424028268551,3.423404697568073,1.2907919351486177
Gian Marco Ferrari,Sassuolo,ITA-Serie A,31,ITA,DF,4495.0,25.0,0.095,0.93,0.04004449388209121,0.0,0.04004449388209121,0.0,0.18020022246941045,0.0,1.0011123470522802,1.0411568409343714,0.0,0.40044493882091214,1.0411568409343714,0.5406006674082314,0.48053392658509453,0.14015572858731923
Giangiacomo Magnani,Hellas Verona,ITA-Serie A,28,ITA,DF,5041.0,21.666666666666668,0.03,1.0066666666666666,0.017853600476096014,0.017853600476096014,0.017853600476096014,0.0,0.2678040071414402,0.017853600476096014,1.0176552271374726,0.8748264233287045,0.0,0.3213648085697282,1.499702439992065,0.9819480261852807,0.5177544138067843,0.10712160285657608
Gianluca Busio,Venezia,ITA-Serie A,24-105,USA,MF,2788.0,9.7,0.03,0.41,0.06456241032998565,0.032281205164992825,0.06456241032998565,0.0,0.16140602582496413,0.0,0.9038737446197991,1.5172166427546627,0.1291248206599713,1.1621233859397417,0.6456241032998565,1.0007173601147776,1.3235294117647058,0.22596843615494977
Gianluca Caprari,Monza,ITA-Serie A,31,ITA,"MF,FW",4377.0,21.8,0.06666666666666667,0.9133333333333332,0.1644962302947224,0.0822481151473612,0.10281014393420151,0.061686086360520906,0.20562028786840303,0.0,1.1309115832762167,1.9945167923235092,0.3289924605894448,3.3927347498286498,0.3701165181631254,0.39067854694996573,1.8094585332419466,0.5140507196710075
Gianluca Gaetano,Atalanta,ITA-Serie A,26-128,ITA,MF,4172.0,52.78333333333333,0.11499999999999999,1.6500000000000001,0.21572387344199426,0.23729626078619367,0.19415148609779484,0.021572387344199424,0.12943432406519656,0.04314477468839885,1.3374880153403643,1.2511984659635667,0.15100671140939598,1.7473633748801536,0.862895493767977,0.711888782358581,2.027804410354746,0.711888782358581
Gianluca Lapadula,Cagliari,ITA-Serie A,34,PER,FW,1515.0,25.7,0.045,0.915,0.1782178217821782,0.0594059405940594,0.1188118811881188,0.0594059405940594,0.2376237623762376,0.0,1.8415841584158414,1.1287128712871288,0.9504950495049505,0.594059405940594,0.1188118811881188,0.0594059405940594,2.97029702970297,0.8316831683168316
Gianluca Mancini,Roma,ITA-Serie A,30-146,ITA,DF,12170.0,36.260000000000005,0.11000000000000001,1.9939999999999998,0.08134757600657354,0.04437140509449466,0.08134757600657354,0.0,0.24404272801972063,0.0,1.5677896466721444,0.9983566146261298,0.0961380443714051,0.828266228430567,1.1832374691865242,0.6877567789646672,0.628594905505341,0.20706655710764174
Gianluca Scamacca,Atalanta,ITA-Serie A,27-252,ITA,FW,3871.0,63.04,0.096,1.3699999999999999,0.5812451562903642,0.162748643761302,0.5347455437871351,0.04649961250322914,0.13949883750968742,0.0,1.6972358563678638,1.464737793851718,0.6044949625419789,0.13949883750968742,0.27899767501937484,0.46499612503229143,3.4874709377421853,1.4182381813484888
Gideon Mensah,Köln,Unknown,28-054,GHA,DF,7049.0,11.25,0.0,1.1600000000000001,0.0,0.03830330543339481,0.0,0.0,0.19151652716697407,0.0,1.2895446162576252,1.0214214782238615,0.03830330543339481,2.693999148815435,1.4044545325578097,1.6725776705915734,0.1659809902113775,0.025535536955596537
Gift Orban,Hoffenheim,Unknown,22,NGA,FW,3374.0,42.325,0.2675,1.1875,0.37344398340248963,0.053349140486069944,0.32009484291641965,0.053349140486069944,0.24007113218731477,0.026674570243034972,1.3604030823947837,1.013633669235329,0.9069353882631892,0.6401896858328393,0.10669828097213989,0.18672199170124482,2.8808535862477767,0.986959098992294
Gio Reyna,Gladbach,Unknown,22,USA,MF,2169.0,44.71666666666667,0.215,1.6066666666666667,0.4564315352697096,0.12448132780082988,0.4149377593360996,0.04149377593360996,0.2904564315352697,0.0,1.120331950207469,1.6182572614107882,0.08298755186721991,2.240663900414938,0.4564315352697096,0.9543568464730291,2.199170124481328,0.9543568464730291
Giorgi Gocholeishvili,Hamburger SV,Unknown,24,GEO,MF,940.0,14.3,0.0,1.33,0.0,0.19148936170212766,0.0,0.0,0.28723404255319146,0.09574468085106383,1.2446808510638296,1.819148936170213,0.28723404255319146,1.9148936170212765,0.6702127659574468,1.3404255319148937,1.3404255319148937,0.19148936170212766
Giorgio Scalvini,Atalanta,ITA-Serie A,22-273,ITA,DF,7229.0,17.02,0.064,1.8359999999999999,0.07469912851016738,0.07469912851016738,0.07469912851016738,0.0,0.17429796652372387,0.0,1.7927790842440172,0.3734956425508369,0.14939825702033477,0.23654724028219673,1.9048277770092683,1.1204869276525107,0.7594411398533684,0.199197676027113
Giorgos Kyriakopoulos,Monza,ITA-Serie A,28,GRE,MF,6027.0,28.825,0.037500000000000006,1.0150000000000001,0.04479840716774514,0.14932802389248384,0.04479840716774514,0.0,0.19412643106022898,0.0,0.8362369337979094,1.1199601791936287,0.11946241911398706,4.957690393230463,0.7765057242409159,0.7615729218516675,1.0602289696366352,0.26879044300647087
Giorgos Masouras,Bochum,Unknown,30,GRE,FW,1055.0,50.0,0.07,0.93,0.17061611374407584,0.08530805687203792,0.17061611374407584,0.0,0.08530805687203792,0.0,1.0236966824644549,0.8530805687203792,1.2796208530805686,2.3033175355450237,0.3412322274881517,0.8530805687203792,2.559241706161137,1.2796208530805686
Giovane,Napoli,ITA-Serie A,21,BRA,"MF,FW",1871.0,37.7,0.03,1.17,0.14430785676109034,0.24051309460181722,0.14430785676109034,0.0,0.09620523784072688,0.0,1.1544628540887227,1.1544628540887227,0.7215392838054515,3.2228754676643505,0.2886157135221807,0.43292357028327094,2.693746659540353,1.298770710849813
Giovani Lo Celso,Real Betis,ESP-La Liga,29,ARG,MF,4482.0,40.525000000000006,0.1325,1.53,0.28112449799196787,0.22088353413654618,0.24096385542168675,0.040160642570281124,0.26104417670682734,0.0,0.9839357429718875,3.253012048192771,0.18072289156626503,3.995983935742972,0.4618473895582329,1.465863453815261,2.1485943775100402,0.8634538152610441
Giovanni Di Lorenzo,Napoli,ITA-Serie A,33-037,ITA,DF,12367.0,24.98,0.07,1.794,0.06549688687636451,0.10188404625212258,0.06549688687636451,0.0,0.11643891000242582,0.0,1.0188404625212257,1.091614781272742,0.12371634187757742,2.3215007681733644,0.6768011643891001,1.0261178943963774,0.8441820975175872,0.25471011563030643
Giovanni Fabbian,Parma,ITA-Serie A,23-239,ITA,MF,3298.0,23.34,0.092,1.454,0.272892662219527,0.0818677986658581,0.272892662219527,0.0,0.2183141297756216,0.0,1.5554881746513038,1.8556701030927836,0.1364463311097635,0.5184960582171013,0.4366282595512432,0.5730745906610066,1.9375379017586416,0.5730745906610066
Giovanni González,Mallorca,ESP-La Liga,28,URU,DF,3390.0,14.3,0.035,1.31,0.02654867256637168,0.07964601769911504,0.02654867256637168,0.0,0.2920353982300885,0.0,1.4336283185840708,0.9823008849557522,0.10619469026548672,2.1238938053097343,0.9292035398230089,1.3805309734513274,0.47787610619469023,0.10619469026548672
Giovanni Leoni,Parma,ITA-Serie A,17,ITA,DF,1199.0,50.0,0.5,0.88,0.0750625521267723,0.0,0.0750625521267723,0.0,0.22518765638031693,0.0750625521267723,0.8256880733944955,0.6755629691409508,0.0,0.22518765638031693,1.201000834028357,0.6755629691409508,0.1501251042535446,0.0750625521267723
Giovanni Simeone,Torino,ITA-Serie A,31-067,ARG,FW,4017.0,30.080000000000002,0.10800000000000001,1.6060000000000003,0.3808812546676625,0.04480955937266617,0.3808812546676625,0.0,0.13442867811799852,0.0,1.2546676624346527,1.8371919342793128,0.6273338312173263,0.4705003734129948,0.17923823749066467,0.3808812546676625,3.203883495145631,1.1426437640029874
Giuliano Simeone,Atlético Madrid,ESP-La Liga,23-266,ARG,MF,4927.0,26.85,0.11,1.81,0.14613354982748122,0.2740004059265273,0.14613354982748122,0.0,0.12786685609904608,0.0,1.0412015425208037,1.662269129287599,0.32880048711183274,2.1372031662269126,0.8037345240511466,0.8768012989648873,1.4430688045463773,0.4566673432108789
Giulio Maggiore,Salernitana,ITA-Serie A,25,ITA,MF,2694.0,21.75,0.085,0.76,0.13363028953229397,0.06681514476614699,0.13363028953229397,0.0,0.3674832962138085,0.03340757238307349,1.9710467706013362,1.6703786191536747,0.03340757238307349,0.20044543429844097,1.0022271714922049,1.1692650334075725,0.9688195991091314,0.33407572383073497
Giuseppe Pezzella,Cremonese,ITA-Serie A,27,ITA,"MF,DF",7466.0,21.675,0.0,0.8025,0.0,0.06027323868202518,0.0,0.0,0.25314760246450574,0.012054647736405038,1.5671042057326545,1.1210822394856683,0.20492901151888562,4.737476560407179,0.4460219662469863,1.060809000803643,0.337530136619341,0.06027323868202518
Gleison Bremer,Juventus,ITA-Serie A,29-176,BRA,DF,8848.0,23.3,0.16,2.016,0.1220614828209765,0.0406871609403255,0.1220614828209765,0.0,0.22377938517179025,0.0,1.251130198915009,0.4373869801084991,0.0406871609403255,0.02034358047016275,1.1799276672694394,0.925632911392405,0.8035714285714285,0.21360759493670886
Goduine Koyalipou,Angers,FRA-Ligue 1,25,CTA,FW,1800.0,38.86666666666667,0.09666666666666668,1.07,0.35,0.05,0.30000000000000004,0.05,0.05,0.0,0.7,0.6000000000000001,0.7,0.30000000000000004,0.15000000000000002,0.35,3.7,1.4
Gonzalo Escalante,Cremonese,ITA-Serie A,29,ARG,MF,3373.0,29.366666666666664,0.12,0.9500000000000001,0.13341239252890602,0.10672991402312482,0.13341239252890602,0.0,0.16009487103468723,0.05336495701156241,1.3608064037948413,0.9605692262081234,0.08004743551734361,0.29350726356359325,1.440853839312185,1.4675363178179661,0.9072042691965609,0.29350726356359325
Gonzalo García,Real Madrid,ESP-La Liga,21,ESP,FW,1309.0,40.375,0.095,2.0575,0.48128342245989303,0.13750954927425516,0.48128342245989303,0.0,0.13750954927425516,0.0,0.9625668449197861,0.6875477463712758,0.06875477463712758,0.4125286478227655,0.20626432391138275,0.5500381970970206,2.337662337662338,0.8938120702826585
Gonzalo Melero,Almería,ESP-La Liga,29,ESP,"MF,FW",2958.0,37.2,0.12000000000000001,0.95,0.15212981744421905,0.12170385395537525,0.12170385395537525,0.030425963488843813,0.2434077079107505,0.0,1.3691683569979716,1.4300202839756593,0.09127789046653144,0.15212981744421905,0.33468559837728196,0.7910750507099391,1.156186612576065,0.4563894523326572
Gonzalo Montiel,Sevilla,ESP-La Liga,27,ARG,DF,2438.0,4.166666666666667,0.0,1.3466666666666667,0.0,0.184577522559475,0.0,0.0,0.51681706316653,0.036915504511895,0.922887612797375,0.406070549630845,0.44298605414273995,2.104183757178015,1.03363412633306,1.3289581624282198,0.44298605414273995,0.036915504511895
Gonzalo Plata,Valladolid,ESP-La Liga,21,ECU,"FW,MF",2302.0,35.1,0.03,1.12,0.03909643788010426,0.1954821894005213,0.03909643788010426,0.0,0.03909643788010426,0.0,0.8601216333622937,1.6029539530842745,0.15638575152041703,2.150304083405734,0.4691572545612511,1.368375325803649,1.4465682015638575,0.5082536924413554
Gonzalo Villar,Sampdoria,ITA-Serie A,24,ESP,MF,4013.0,31.2,0.06,0.688,0.0448542237727386,0.0897084475454772,0.0448542237727386,0.0,0.4036880139546474,0.0,2.309992524296038,3.050087216546225,0.0448542237727386,1.2559182656366807,0.47096934961375525,1.3007724894094195,0.7625218041365562,0.224271118863693
Gonçalo Guedes,Real Sociedad,ESP-La Liga,29-285,POR,MF,4583.0,35.04,0.082,1.316,0.274929085751691,0.21601571023347155,0.274929085751691,0.0,0.09818895919703251,0.0,0.9426140082915122,1.7870390573859918,0.49094479598516255,2.9456687759109754,0.19637791839406502,0.667684922539821,2.435086188086406,0.8444250490944796
Gonçalo Paciência,Bochum,Unknown,28,POR,FW,1312.0,33.3,0.07500000000000001,0.855,0.34298780487804875,0.06859756097560976,0.34298780487804875,0.0,0.34298780487804875,0.06859756097560976,1.9207317073170733,2.6753048780487805,0.13719512195121952,1.0975609756097562,0.0,0.6859756097560975,4.733231707317073,1.5777439024390245
Gonçalo Ramos,Milan,ITA-Serie A,25-082,POR,FW,4073.0,42.575,0.14,1.675,0.6187085686226369,0.11048367296832802,0.5303216302479745,0.08838693837466241,0.13258040756199363,0.022096734593665603,1.2595138718389394,1.3037073410262705,0.39774122268598083,0.11048367296832802,0.22096734593665604,0.7954824453719617,3.9995089614534742,1.8119322366805797
Gorka Guruzeta,Athletic Club,ESP-La Liga,29-363,ESP,FW,8019.0,31.2,0.11599999999999999,1.526,0.415263748597082,0.12345679012345678,0.4040404040404041,0.011223344556677891,0.15712682379349047,0.011223344556677891,1.8630751964085297,1.01010101010101,0.5162738496071829,0.33670033670033667,0.44893378226711567,0.6621773288439955,2.9180695847362514,1.1335578002244668
Grady Diangana,Elche,ESP-La Liga,27,COD,"MF,FW",926.0,12.5,0.06,1.05,0.09719222462203024,0.0,0.09719222462203024,0.0,0.2915766738660907,0.0,1.4578833693304538,1.8466522678185744,0.48596112311015116,1.1663066954643628,0.38876889848812096,0.5831533477321814,1.5550755939524838,0.19438444924406048
Granit Xhaka,Leverkusen,Unknown,31,SUI,MF,11876.0,20.84,0.08,1.966,0.09851801953519704,0.15156618390030313,0.09851801953519704,0.0,0.15914449309531828,0.0,0.8563489390367127,1.2428427079824858,0.03789154597507578,1.492926911417986,0.5683731896261367,0.8336140114516671,0.9700235769619401,0.2728191310205456
Grejohn Kyei,Clermont Foot,FRA-Ligue 1,27,FRA,FW,3258.0,32.4,0.115,1.085,0.3314917127071823,0.11049723756906077,0.19337016574585636,0.13812154696132597,0.11049723756906077,0.0,2.403314917127072,1.4640883977900552,0.6353591160220995,0.24861878453038672,0.22099447513812154,0.27624309392265195,2.4861878453038675,0.856353591160221
Grigoris Kastanos,Hellas Verona,ITA-Serie A,27,CYP,MF,3682.0,21.5,0.05500000000000001,0.7475,0.14665942422596415,0.12221618685497011,0.14665942422596415,0.0,0.3177620858229223,0.0,1.4177077675176535,2.6154263986963606,0.0977729494839761,2.1754481260184684,0.5866376969038566,1.3688212927756653,2.028788701792504,0.5866376969038566
Grischa Prömel,Stuttgart,Unknown,31-244,GER,MF,5705.0,24.84,0.11000000000000001,1.528,0.2050832602979842,0.12620508326029797,0.2050832602979842,0.0,0.31551270815074495,0.015775635407537247,1.4513584574934268,1.5460122699386505,0.06310254163014899,0.4732690622261175,0.7256792287467134,0.8992112182296231,1.5460122699386505,0.4574934268185802
Grégoire Defrel,Sassuolo,ITA-Serie A,32,MTQ,"MF,FW",1924.0,43.75,0.10500000000000001,1.03,0.14033264033264034,0.14033264033264034,0.14033264033264034,0.0,0.14033264033264034,0.0,1.0758835758835759,0.9823284823284824,0.3274428274428275,0.14033264033264034,0.2806652806652807,0.654885654885655,1.30977130977131,0.6081081081081081
Guido Rodríguez,Valencia,ESP-La Liga,32-151,ARG,MF,7533.0,34.75,0.07166666666666667,1.2283333333333333,0.08363201911589008,0.011947431302270013,0.08363201911589008,0.0,0.29868578255675027,0.0,1.3500597371565113,1.7323775388291518,0.08363201911589008,0.29868578255675027,1.1708482676224612,1.8279569892473118,0.7646356033452808,0.22700119474313024
Guillermo Maripán,Torino,ITA-Serie A,31,CHI,DF,8409.0,42.275,0.1175,1.505,0.07491972886193365,0.010702818408847663,0.07491972886193365,0.0,0.1498394577238673,0.03210845522654299,1.1023902961113092,0.2996789154477346,0.042811273635390654,0.05351409204423832,1.369960756332501,0.9311452015697468,0.6100606493043168,0.2568676418123439
Gustav Isaksen,Lazio,ITA-Serie A,25-144,DEN,FW,5002.0,31.05,0.07500000000000001,1.8900000000000001,0.21591363454618154,0.07197121151539385,0.21591363454618154,0.0,0.16193522590963613,0.0,1.0795681727309077,2.3930427828868455,0.12594962015193922,3.1127548980407833,0.3598560575769692,0.3778488604558177,2.3210715713714514,0.9536185525789684
Gustavo Hamer,Coventry City,ENG-Premier League,29-078,NED,MF,2945.0,15.3,0.04,0.22,0.12224108658743633,0.18336162988115448,0.12224108658743633,0.0,0.27504244482173174,0.0,1.6196943972835316,0.5195246179966044,0.18336162988115448,3.636672325976231,0.7945670628183361,0.6112054329371817,1.4974533106960952,0.4584040747028863
Guéla Doué,Strasbourg,FRA-Ligue 1,23-328,CIV,DF,6114.0,19.0,0.046,1.2899999999999998,0.04416094210009813,0.14720314033366044,0.04416094210009813,0.0,0.1619234543670265,0.014720314033366046,1.663395485770363,0.7948969578017665,0.0,2.1050049067713443,1.1187438665358194,1.5161923454367026,0.6918547595682042,0.20608439646712465
Gvidas Gineitis,Torino,ITA-Serie A,22-148,LTU,MF,4085.0,13.66,0.02,1.062,0.06609547123623011,0.06609547123623011,0.06609547123623011,0.0,0.33047735618115054,0.0,1.828641370869033,1.4320685434516525,0.06609547123623011,3.1285189718482256,0.9914320685434517,1.233782129742962,1.4761321909424725,0.33047735618115054
Gédéon Kalulu,Lorient,FRA-Ligue 1,25,COD,"MF,DF",3408.0,18.35,0.0,1.3,0.0,0.13204225352112675,0.0,0.0,0.15845070422535212,0.0,1.2147887323943662,0.6602112676056338,0.0528169014084507,1.3204225352112675,0.7922535211267606,1.3732394366197183,0.4225352112676056,0.07922535211267606
Habib Diallo,Le Mans,FRA-Ligue 1,31-084,SEN,FW,4818.0,25.433333333333337,0.10666666666666667,0.8533333333333334,0.44831880448318806,0.037359900373599,0.39227895392278955,0.05603985056039851,0.074719800747198,0.0186799501867995,1.2328767123287672,1.7185554171855544,0.5603985056039851,0.22415940224159403,0.22415940224159403,0.28019925280199254,2.484433374844334,1.0087173100871731
Habib Diarra,Strasbourg,FRA-Ligue 1,20,SEN,"MF,FW",7717.0,30.560000000000002,0.088,1.3539999999999999,0.1399507580666062,0.12828819489438903,0.09330050537773747,0.046650252688868736,0.22158870027212646,0.0,1.271219385771673,1.6677465336270572,0.058312815861085915,1.8310224180380976,0.5131527795775561,0.6764286639885966,1.3528573279771932,0.5131527795775561
Habib Keita,Clermont Foot,FRA-Ligue 1,21,MLI,MF,1278.0,25.0,0.05,0.85,0.07042253521126761,0.0,0.07042253521126761,0.0,0.28169014084507044,0.0,1.619718309859155,2.535211267605634,0.0,0.28169014084507044,1.971830985915493,1.3380281690140845,1.4084507042253522,0.35211267605633806
Haissem Hassan,Oviedo,ESP-La Liga,23,EGY,"MF,FW",1994.0,11.75,0.0,1.13,0.0,0.13540621865596789,0.0,0.0,0.04513540621865597,0.0,0.5416248746238715,1.1735205616850553,0.13540621865596789,5.100300902708124,0.3159478435305918,1.1735205616850553,1.5346038114343028,0.36108324974924777
Hakan Çalhanoğlu,Inter,ITA-Serie A,32-214,TUR,MF,8641.0,40.160000000000004,0.244,2.374,0.33329475755120935,0.19789376229603053,0.1458164564286541,0.18747830112255526,0.21872468464298114,0.0,1.468580025460016,0.7707441268371716,0.020830922346950585,5.551440805462331,0.9061451220923503,1.0832079620414305,2.2601550746441386,0.7707441268371716
Hamari Traoré,Paris FC,FRA-Ligue 1,34-226,MLI,DF,6768.0,8.22,0.006,1.7719999999999998,0.013297872340425532,0.10638297872340426,0.013297872340425532,0.0,0.23936170212765956,0.0,1.303191489361702,0.4654255319148936,0.06648936170212766,1.928191489361702,1.1569148936170213,1.1170212765957448,0.7047872340425532,0.14627659574468085
Hamed Junior Traorè,Napoli,ITA-Serie A,23,CIV,MF,4176.0,33.642857142857146,0.04285714285714286,0.7728571428571429,0.25862068965517243,0.15086206896551724,0.25862068965517243,0.0,0.17241379310344826,0.0,1.1853448275862069,1.379310344827586,0.25862068965517243,3.2543103448275863,0.3879310344827586,1.0560344827586208,2.3275862068965516,0.9482758620689655
Hamza Rafia,Lecce,ITA-Serie A,25,TUN,MF,2262.0,19.4,0.03,0.855,0.03978779840848806,0.0,0.03978779840848806,0.0,0.3183023872679045,0.0,2.2679045092838197,2.3474801061007957,0.07957559681697612,3.262599469496021,0.596816976127321,2.2679045092838197,1.0344827586206897,0.19893899204244034
Hamza Sakhi,Auxerre,FRA-Ligue 1,26,FRA,MF,1658.0,30.0,0.03,0.63,0.054282267792521106,0.10856453558504221,0.054282267792521106,0.0,0.054282267792521106,0.0,0.6513872135102533,1.1399276236429434,0.27141133896260555,4.993968636911942,1.3027744270205066,1.1399276236429434,1.6284680337756334,0.48854041013269
Han-Noah Massengo,Augsburg,Unknown,25-065,FRA,MF,4785.0,17.54,0.02,1.3820000000000001,0.03761755485893417,0.03761755485893417,0.03761755485893417,0.0,0.2445141065830721,0.0,1.109717868338558,1.2789968652037618,0.018808777429467086,0.6959247648902821,1.2789968652037618,0.8463949843260189,0.7523510971786834,0.18808777429467086
Hannes Behrens,Augsburg,Unknown,21-234,GER,"MF,DF",1527.0,14.799999999999999,0.03666666666666667,1.27,0.05893909626719057,0.11787819253438114,0.05893909626719057,0.0,0.0,0.0,0.3536345776031434,1.768172888015717,0.05893909626719057,4.06679764243615,1.4734774066797645,1.237721021611002,0.5893909626719057,0.2357563850687623
Hannibal Mejbri,Sevilla,ESP-La Liga,20,TUN,MF,1466.0,42.1,0.35000000000000003,1.47,0.12278308321964529,0.24556616643929058,0.12278308321964529,0.0,0.7980900409276944,0.0,1.9645293315143246,3.437926330150068,0.24556616643929058,2.0259208731241474,0.4297407912687585,1.412005457025921,1.2892223738062756,0.36834924965893584
Hans Hateboer,Atalanta,ITA-Serie A,29,NED,MF,4956.0,14.48,0.016,1.55,0.018159806295399514,0.03631961259079903,0.018159806295399514,0.0,0.27239709443099275,0.018159806295399514,1.1803874092009685,0.3450363196125908,0.05447941888619855,2.070217917675545,1.1077481840193704,0.8716707021791767,0.7082324455205812,0.14527845036319612
Hans Nicolussi Caviglia,Parma,ITA-Serie A,25,ITA,MF,5169.0,19.04,0.05600000000000001,1.25,0.08705745792222867,0.12188044109112015,0.08705745792222867,0.0,0.2437608821822403,0.017411491584445733,1.5147997678467788,1.3580963435867672,0.0,2.5072547881601857,0.6964596633778294,0.9228090539756238,1.4103308183401047,0.4178757980266976
Haris Belkebla,Angers,FRA-Ligue 1,31,ALG,MF,7323.0,10.0,0.06666666666666667,1.1133333333333333,0.02458009012699713,0.012290045063498565,0.012290045063498565,0.012290045063498565,0.1351904956984842,0.0,0.9340434248258911,1.6714461286358049,0.012290045063498565,0.23351085620647277,1.3641950020483409,1.585415813191315,0.2212208111429742,0.0368701351904957
Haris Tabaković,Gladbach,Unknown,31,BIH,FW,3203.0,36.8,0.14500000000000002,1.05,0.44957852013737126,0.11239463003434282,0.44957852013737126,0.0,0.1404932875429285,0.0,1.770215423040899,0.7867624102403995,1.0677489853262567,0.1685919450515142,0.028098657508585704,0.1685919450515142,2.725569778332813,1.039650327817671
Harrison Reed,Fulham,ENG-Premier League,30,ENG,MF,4393.0,44.725,0.1625,1.5625,0.08194855451855225,0.12292283177782837,0.08194855451855225,0.0,0.2663328021852948,0.0,1.4750739813339404,0.7170498520373322,0.08194855451855225,1.7209196448895971,0.5941270202595038,0.9219212383337126,0.696562713407694,0.2663328021852948
Harry Kane,Bayern Munich,Unknown,33-044,ENG,FW,11130.0,43.62,0.202,2.168,1.0350404312668464,0.20215633423180593,0.8005390835579514,0.23450134770889486,0.11320754716981131,0.0,0.61455525606469,1.2371967654986522,0.5175202156334232,0.7520215633423181,0.1778975741239892,0.3557951482479784,4.172506738544474,2.045822102425876
Harry Maguire,Manchester Utd,ENG-Premier League,33-189,ENG,DF,6101.0,24.72,0.048,1.7240000000000002,0.05900672020980167,0.05900672020980167,0.05900672020980167,0.0,0.28028192099655796,0.014751680052450417,0.988362563514178,0.6195705622029175,0.13276512047205377,0.20652352073430585,1.3276512047205378,0.8260940829372234,0.811342402884773,0.22127520078675628
Harry Souttar,Leicester City,ENG-Premier League,23,AUS,DF,992.0,25.0,0.0,0.67,0.0,0.0907258064516129,0.0,0.0,0.1814516129032258,0.0,0.4536290322580645,0.4536290322580645,0.0907258064516129,0.0,0.907258064516129,0.907258064516129,0.7258064516129032,0.1814516129032258
Harry Toffolo,Nottingham,ENG-Premier League,28,ENG,DF,2536.0,31.933333333333334,0.043333333333333335,1.47,0.03548895899053628,0.10646687697160884,0.03548895899053628,0.0,0.21293375394321767,0.0,0.9936908517350158,0.24842271293375395,0.0,2.803627760252366,0.7097791798107255,0.9227129337539433,0.5323343848580442,0.24842271293375395
Harry Wilson,Leeds United,ENG-Premier League,29-172,WAL,MF,6683.0,25.26,0.096,1.392,0.29627412838545564,0.228939099206943,0.29627412838545564,0.0,0.228939099206943,0.0,0.8080203501421517,1.7776447703127336,0.29627412838545564,3.057010324704474,0.5386802334281012,0.8214873559778544,2.424061050426455,0.7945533443064492
Harry Winks,Cagliari,ITA-Serie A,30-220,ENG,MF,3490.0,24.433333333333334,0.0,0.9833333333333334,0.0,0.051575931232091685,0.0,0.0,0.15472779369627507,0.0,0.6962750716332378,0.7220630372492836,0.025787965616045842,2.0630372492836675,0.9283667621776504,0.5931232091690545,0.6962750716332378,0.12893982808022922
Harvey Barnes,Newcastle,ENG-Premier League,28-275,ENG,MF,7503.0,37.22,0.176,1.474,0.41983206717313076,0.10795681727309077,0.41983206717313076,0.0,0.07197121151539385,0.0,0.9476209516193523,1.3434626149540183,0.22790883646541382,2.2071171531387446,0.26389444222311076,0.3598560575769692,2.6869252299080366,1.0675729708116755
Harvey Elliott,Valencia,ESP-La Liga,23-159,ENG,"FW,MF",3486.0,15.25,0.024999999999999998,1.6866666666666668,0.12908777969018934,0.25817555938037867,0.12908777969018934,0.0,0.12908777969018934,0.0,0.5421686746987953,1.0843373493975905,0.10327022375215145,2.8399311531841653,0.5163511187607573,1.0843373493975905,2.762478485370052,0.8519793459552496
Hassane Kamara,Udinese,ITA-Serie A,32-189,CIV,MF,6357.0,37.775000000000006,0.0975,1.1975,0.056630486078338836,0.11326097215667767,0.056630486078338836,0.0,0.24067956583294006,0.014157621519584709,0.9060877772534214,0.5804624823029731,0.09910335063709297,3.808400188768287,1.1467673430863614,1.1892402076451156,0.9344030202925908,0.2973100519112789
Hauke Wahl,St Pauli,Unknown,31,GER,DF,5562.0,38.2,0.1,0.87,0.032362459546925564,0.016181229773462782,0.032362459546925564,0.0,0.032362459546925564,0.0,0.38834951456310673,0.45307443365695793,0.09708737864077668,0.32362459546925565,0.9708737864077671,0.9870550161812297,0.33980582524271846,0.12944983818770225
Helibelton Palacios,Elche,ESP-La Liga,29,COL,"DF,MF",1915.0,75.0,0.0,0.63,0.0,0.0,0.0,0.0,0.2819843342036554,0.0,1.4099216710182767,0.8929503916449086,0.0,0.8459530026109662,0.9399477806788512,0.9399477806788512,0.18798955613577023,0.1409921671018277
Henning Matriciani,Schalke 04,Unknown,22,GER,DF,1863.0,0.0,0.0,1.09,0.0,0.0,0.0,0.0,0.04830917874396135,0.0,0.9178743961352657,0.5314009661835749,0.0,0.9661835748792271,1.0628019323671498,1.1111111111111112,0.14492753623188406,0.0
Henrik Meister,Pisa,ITA-Serie A,21,DEN,FW,1578.0,45.0,0.3,0.73,0.17110266159695817,0.0,0.17110266159695817,0.0,0.11406844106463877,0.0,1.6539923954372624,1.0266159695817492,0.28517110266159695,0.05703422053231939,0.11406844106463877,0.17110266159695817,1.2547528517110267,0.5133079847908746
Henrikh Mkhitaryan,Inter,ITA-Serie A,36,ARM,MF,8727.0,18.450000000000003,0.0675,2.185,0.10312822275696117,0.15469233413544173,0.10312822275696117,0.0,0.17531797868683396,0.0,1.2787899621863184,1.0106565830182193,0.11344104503265727,1.2066002062564456,0.804400137504297,1.1447232726022687,1.4437951185974562,0.28875902371949125
Henrique,Lyon,FRA-Ligue 1,29,BRA,"DF,MF",1315.0,12.5,0.043333333333333335,1.25,0.06844106463878327,0.06844106463878327,0.06844106463878327,0.0,0.13688212927756654,0.0,1.0950570342205324,1.9163498098859315,0.06844106463878327,1.6425855513307985,1.231939163498099,0.8897338403041825,0.6844106463878327,0.20532319391634982
Heorhii Tsitaishvili,Metz,FRA-Ligue 1,24,GEO,"MF,DF",2466.0,12.9,0.05,1.74,0.10948905109489052,0.07299270072992702,0.10948905109489052,0.0,0.10948905109489052,0.0,0.8394160583941606,1.313868613138686,0.21897810218978103,5.839416058394161,0.510948905109489,0.43795620437956206,1.1313868613138687,0.29197080291970806
Hernani,Parma,ITA-Serie A,31,BRA,MF,1400.0,15.0,0.075,0.69,0.19285714285714287,0.19285714285714287,0.0,0.19285714285714287,0.45,0.0,2.25,1.8,0.12857142857142856,2.25,1.2857142857142856,1.6714285714285715,1.3499999999999999,0.38571428571428573
Hicham Boudaoui,Nice,FRA-Ligue 1,25,ALG,MF,7617.0,38.8,0.05500000000000001,1.5025,0.07089405277668373,0.08270972823946435,0.07089405277668373,0.0,0.2835762111067349,0.0,1.3588026782197715,1.843245372193777,0.07089405277668373,0.968885387948011,1.004332414336353,1.4533280819220165,1.2997243009058685,0.5080740448995668
Himad Abdelli,Marseille,FRA-Ligue 1,26-297,ALG,MF,6276.0,26.26,0.084,0.9480000000000001,0.14340344168260039,0.043021032504780114,0.07170172084130019,0.07170172084130019,0.12906309751434034,0.0,1.6347992351816445,1.104206500956023,0.08604206500956023,1.3049713193116634,1.0038240917782026,1.2619502868068835,1.118546845124283,0.358508604206501
Hiroki Ito,Bayern Munich,Unknown,26,JPN,DF,5959.0,46.375,0.28750000000000003,1.9175,0.045309615707333446,0.07551602617888907,0.045309615707333446,0.0,0.1057224366504447,0.0,0.6796442356100016,0.4984057727806679,0.07551602617888907,1.2837724450411143,1.2988756502768921,0.7551602617888908,0.7551602617888908,0.22654807853666722
Hirving Lozano,Napoli,ITA-Serie A,27,MEX,"FW,MF",1605.0,33.3,0.07,2.41,0.16822429906542058,0.16822429906542058,0.11214953271028037,0.056074766355140186,0.16822429906542058,0.0,1.514018691588785,1.738317757009346,0.22429906542056074,4.093457943925234,0.8411214953271028,0.7850467289719626,2.355140186915888,0.7850467289719626
Hjalmar Ekdal,Burnley,ENG-Premier League,26,SWE,DF,1976.0,33.35,0.0,0.7050000000000001,0.0,0.0,0.0,0.0,0.09109311740890688,0.0,0.5921052631578947,0.4099190283400809,0.09109311740890688,0.04554655870445344,0.8198380566801619,0.8653846153846154,0.3643724696356275,0.09109311740890688
Honest Ahanor,Atalanta,ITA-Serie A,17,ITA,DF,1647.0,32.05,0.0,1.155,0.0,0.0,0.0,0.0,0.10928961748633881,0.054644808743169404,1.4207650273224044,1.9672131147540983,0.0,0.32786885245901637,1.366120218579235,1.3114754098360655,0.8743169398907105,0.27322404371584696
Houboulang Mendes,Almería,ESP-La Liga,25,GNB,DF,1282.0,0.0,0.0,0.5,0.0,0.07020280811232449,0.0,0.0,0.14040561622464898,0.0,1.3338533541341655,0.982839313572543,0.07020280811232449,2.527301092043682,0.5616224648985959,1.7550702028081124,0.14040561622464898,0.0
Houssem Aouar,Roma,ITA-Serie A,25,ALG,"MF,FW",1282.0,50.599999999999994,0.2,1.785,0.3510140405616225,0.07020280811232449,0.3510140405616225,0.0,0.3510140405616225,0.0,1.1934477379095165,1.1232449297971918,0.2106084243369735,1.1232449297971918,0.7722308892355695,1.1232449297971918,1.825273010920437,0.9126365054602185
Hugo Bueno,Wolves,ENG-Premier League,22,ESP,"MF,DF",4417.0,20.833333333333332,0.02,0.9199999999999999,0.020375820692777904,0.06112746207833371,0.020375820692777904,0.0,0.10187910346388951,0.0,0.631650441476115,0.7539053656327824,0.10187910346388951,5.195834276658365,0.9576635725605614,1.3244283450305636,0.5093955173194475,0.14263074484944532
Hugo Duro,Valencia,ESP-La Liga,26-304,ESP,FW,8614.0,30.119999999999997,0.148,1.022,0.3656837706059902,0.0522405386579986,0.3447875551427908,0.020896215463199443,0.188065939168795,0.0,1.274669143255166,2.298583700951939,0.3447875551427908,0.17761783143719526,0.2089621546319944,0.38657998606918964,1.912003714882749,0.7418156489435802
Hugo Ekitike,Frankfurt,Unknown,22,FRA,FW,6246.0,27.76,0.10400000000000001,1.096,0.47550432276657056,0.25936599423631124,0.4610951008645533,0.01440922190201729,0.05763688760806916,0.0,1.4697406340057637,0.792507204610951,0.6051873198847262,0.5187319884726225,0.2881844380403458,0.43227665706051877,3.5446685878962536,1.282420749279539
Hugo Guillamón,Valencia,ESP-La Liga,24,ESP,MF,3311.0,55.56666666666666,0.19333333333333336,1.2633333333333334,0.05436424041075204,0.10872848082150408,0.02718212020537602,0.02718212020537602,0.3805496828752643,0.0,2.0930232558139537,1.7124735729386893,0.02718212020537602,1.1144669284204167,0.9513742071881607,1.0057384475989128,0.24463908184838415,0.1359106010268801
Hugo Larsson,Frankfurt,Unknown,21,SWE,MF,6103.0,33.45,0.1225,1.1125,0.1032279206947403,0.058987383254137306,0.1032279206947403,0.0,0.04424053744060298,0.0,0.6488612157955104,0.13272161232180896,0.04424053744060298,0.36867114533835815,1.3124692774045552,0.8405702113714567,0.6636080616090447,0.2949369162706866
Hugo Magnetti,Brest,FRA-Ligue 1,28-103,FRA,MF,9129.0,34.04,0.044,1.488,0.04929346040092014,0.03943476832073612,0.04929346040092014,0.0,0.16759776536312848,0.00985869208018403,0.9760105159382189,0.9957279000985869,0.01971738416036806,0.8379888268156425,1.035162668419323,1.350640814985212,0.9464344396976668,0.2859020703253368
Hugo Mallo,Celta Vigo,ESP-La Liga,31,ESP,DF,2163.0,36.8,0.0,1.12,0.0,0.041608876560332866,0.0,0.0,0.24965325936199723,0.041608876560332866,1.8307905686546464,0.9570041608876559,0.24965325936199723,2.7461858529819696,0.9986130374479889,1.2066574202496532,0.7905686546463246,0.29126213592233013
Hugo Rincón,Athletic Club,ESP-La Liga,23-226,ESP,DF,1857.0,14.3,0.07,0.5,0.048465266558966075,0.048465266558966075,0.048465266558966075,0.0,0.1938610662358643,0.0,1.5993537964458806,2.762520193861066,0.048465266558966075,1.7932148626817448,0.29079159935379645,1.5993537964458806,0.33925686591276255,0.09693053311793215
Hugo Sotelo,Levante,ESP-La Liga,22-265,ESP,MF,3371.0,12.5,0.0,1.564,0.0,0.08009492732126966,0.0,0.0,0.24028478196380895,0.0,1.6819934737466626,0.694156036784337,0.026698309107089886,3.283892020172056,0.5873628003559774,1.3349154553544942,0.42717294571343817,0.05339661821417977
Hugo Álvarez,Celta Vigo,ESP-La Liga,23-070,ESP,FW,3790.0,31.6,0.1325,1.225,0.21372031662269128,0.14248021108179418,0.21372031662269128,0.0,0.21372031662269128,0.0,1.2348284960422162,1.0211081794195251,0.14248021108179418,1.9234828496042216,0.5699208443271767,0.6649076517150395,1.2110817941952507,0.4986807387862797
Hwang Hee-chan,Wolves,ENG-Premier League,29,KOR,"FW,MF",5356.0,42.625,0.23750000000000002,0.925,0.31926811053024645,0.10082150858849888,0.28566094100074685,0.03360716952949963,0.20164301717699776,0.0,1.428304705003734,1.3106796116504855,0.4200896191187453,0.7897684839432413,0.453696788648245,0.453696788648245,1.4619118745332338,0.5713218820014937
Hákon Haraldsson,Lille,FRA-Ligue 1,23-153,ISL,MF,5743.0,50.275,0.1675,1.9075,0.25074003134250394,0.07835625979453248,0.25074003134250394,0.0,0.23506877938359744,0.0,1.0343026292878286,1.582796447849556,0.06268500783562599,2.2096465262058156,0.4074525509315689,0.6111788263973533,1.5984676998084624,0.6268500783562598
Héctor Bellerín,Real Betis,ESP-La Liga,31-175,ESP,DF,4546.0,34.28,0.057999999999999996,2.106,0.03959524857017158,0.11878574571051473,0.03959524857017158,0.0,0.07919049714034317,0.01979762428508579,0.930488341399032,0.29696436427628686,0.09898812142542895,1.8213814342278924,0.9106907171139462,1.029476462824461,0.1979762428508579,0.11878574571051473
Héctor Fort,Real Sociedad,ESP-La Liga,20-039,ESP,DF,1395.0,14.600000000000001,0.0425,2.275,0.12903225806451613,0.25806451612903225,0.12903225806451613,0.0,0.12903225806451613,0.0,1.3548387096774195,0.1935483870967742,0.1935483870967742,1.6774193548387097,1.0967741935483872,1.0967741935483872,1.2258064516129032,0.3870967741935484
Iago,Augsburg,Unknown,26,BRA,"DF,MF",3222.0,19.45,0.03,1.26,0.027932960893854747,0.08379888268156424,0.027932960893854747,0.0,0.2793296089385475,0.027932960893854747,0.7821229050279329,1.005586592178771,0.13966480446927376,2.458100558659218,1.0335195530726258,0.9217877094972067,0.7541899441340782,0.19553072625698323
Iago Aspas,Celta Vigo,ESP-La Liga,39-040,ESP,FW,8674.0,41.46,0.16799999999999998,1.124,0.3839059257551303,0.21789255245561448,0.25939589578049344,0.12451002997463684,0.2282683882868342,0.020751671662439474,0.5810468065483053,1.7846437629697949,0.3112750749365921,2.4590730919990778,0.3631542540926908,0.3112750749365921,2.5005764353239566,1.027207747290754
Ian Maatsen,Dortmund,Unknown,21,NED,DF,4462.0,21.54,0.046,1.504,0.06051098162259076,0.10085163603765128,0.06051098162259076,0.0,0.22187359928283282,0.0,1.1698789780367547,0.7664724338861497,0.08068130883012102,2.8641864634692964,1.1698789780367547,1.4522635589421784,1.1698789780367547,0.3025549081129538
Ibrahim Maza,Leverkusen,Unknown,20-290,ALG,MF,2100.0,52.166666666666664,0.39666666666666667,1.5466666666666666,0.2142857142857143,0.2142857142857143,0.2142857142857143,0.0,0.17142857142857143,0.0,1.0285714285714285,1.7142857142857144,0.17142857142857143,3.214285714285714,0.8142857142857143,1.1142857142857143,2.6999999999999997,0.8571428571428572
Ibrahim Mbaye,PSG,FRA-Ligue 1,17,SEN,"FW,MF",1346.0,50.0,0.10500000000000001,1.145,0.2674591381872214,0.20059435364041603,0.2674591381872214,0.0,0.0,0.0,1.0698365527488856,1.0698365527488856,0.20059435364041603,1.4041604754829122,0.40118870728083206,0.6017830609212481,2.4071322436849925,1.136701337295691
Ibrahim Salah,Rennes,FRA-Ligue 1,23,MAR,MF,1144.0,29.25,0.08,1.4125,0.3933566433566434,0.15734265734265734,0.3933566433566434,0.0,0.23601398601398602,0.0,1.4160839160839163,1.2587412587412588,0.47202797202797203,3.3828671328671325,1.18006993006993,0.8653846153846154,2.910839160839161,1.18006993006993
Ibrahim Sangaré,Nottingham,ENG-Premier League,28-282,CIV,MF,3790.0,32.825,0.0325,0.915,0.047493403693931395,0.07124010554089709,0.047493403693931395,0.0,0.33245382585751976,0.0,1.9472295514511873,0.8548812664907651,0.047493403693931395,0.28496042216358836,1.0211081794195251,1.591029023746702,0.6174142480211081,0.14248021108179418
Ibrahim Sulemana,Sassuolo,ITA-Serie A,23-111,GHA,MF,3209.0,19.099999999999998,0.10666666666666667,1.3133333333333332,0.14023060143346838,0.0,0.14023060143346838,0.0,0.3365534434403241,0.0,1.2340292926145218,0.7572452477407292,0.056092240573387346,0.44873792458709877,0.7011530071673419,1.1779370520411343,1.0657525708943596,0.28046120286693677
Ibrahima Konaté,Real Madrid,ESP-La Liga,27-108,FRA,DF,9046.0,39.980000000000004,0.026000000000000002,1.924,0.01989829759009507,0.01989829759009507,0.01989829759009507,0.0,0.23877957108114084,0.009949148795047534,1.154101260225514,0.9053725403493257,0.009949148795047534,0.04974574397523768,0.9252708379394208,1.1242538138403715,0.5372540349325668,0.13928808313066549
Ibrahima Koné,Lorient,FRA-Ligue 1,24,MLI,FW,1886.0,33.86666666666667,0.07666666666666667,1.0433333333333332,0.3340402969247084,0.04772004241781549,0.23860021208907742,0.09544008483563098,0.14316012725344646,0.0,1.5747613997879109,1.383881230116649,0.9544008483563097,0.14316012725344646,0.14316012725344646,0.7158006362672321,1.6702014846235418,0.8589607635206787
Ibrahima Niane,Angers,FRA-Ligue 1,25,SEN,FW,2079.0,39.5,0.09,0.835,0.21645021645021648,0.04329004329004329,0.17316017316017315,0.04329004329004329,0.17316017316017315,0.0,1.168831168831169,2.4675324675324672,0.47619047619047616,0.43290043290043295,0.12987012987012986,0.21645021645021648,2.4242424242424243,0.9523809523809523
Ibrahima Sissoko,Bochum,Unknown,26,MLI,MF,6365.0,19.125,0.02,0.8525,0.028279654359780047,0.056559308719560095,0.028279654359780047,0.0,0.32521602513747055,0.014139827179890024,2.6158680282796545,0.9473684210526315,0.08483896307934015,0.5514532600157109,1.1029065200314219,1.4422623723487824,0.8201099764336213,0.19795758051846032
Iddrisu Baba,Almería,ESP-La Liga,27,GHA,MF,3135.0,20.85,0.0,1.005,0.0,0.0,0.0,0.0,0.28708133971291866,0.0,1.7224880382775118,1.8373205741626795,0.0,0.14354066985645933,0.631578947368421,1.1770334928229664,0.5741626794258373,0.11483253588516747
Idrissa Gueye,Everton,ENG-Premier League,35,SEN,MF,9617.0,27.375,0.055,1.2375,0.05615056670479359,0.06550899448892586,0.05615056670479359,0.0,0.23396069460330665,0.009358427784132265,1.441197878756369,1.4786315898928981,0.0,0.4304876780700842,1.4879900176770302,1.8248934179057918,0.9077674950608298,0.23396069460330665
Idrissa Touré,Pisa,ITA-Serie A,27,GER,MF,2279.0,27.6,0.03,0.53,0.03949100482667837,0.0,0.03949100482667837,0.0,0.15796401930671347,0.03949100482667837,0.9082931110136024,0.750329091706889,0.19745502413339186,2.6458973233874508,0.9872751206669591,1.1057481351469944,1.1452391399736728,0.31592803861342694
Ifechukwu Ogbus,Freiburg,Unknown,19,SUI,DF,1196.0,20.0,0.0,1.415,0.0,0.0,0.0,0.0,0.07525083612040134,0.0,0.45150501672240806,0.8277591973244148,0.0,0.22575250836120403,1.0535117056856187,1.2792642140468227,0.37625418060200666,0.1505016722408027
Iglesias,Sevilla,ESP-La Liga,28-069,ESP,DF,9991.0,35.660000000000004,0.018,1.306,0.01801621459313382,0.04504053648283455,0.01801621459313382,0.0,0.1711540386347713,0.0,1.5403863477129416,1.3602242017816035,0.04504053648283455,3.1708537683915528,1.0449404464017615,1.6394755279751778,0.7746972275047543,0.21619457511760584
Ignace Van Der Brempt,Como,ITA-Serie A,23,BEL,DF,2188.0,21.45,0.0,1.775,0.0,0.08226691042047532,0.0,0.0,0.2056672760511883,0.0,1.6453382084095065,1.2340036563071297,0.04113345521023766,1.2751371115173675,0.9872029250457038,1.809872029250457,0.4113345521023766,0.12340036563071298
Ignasi Miquel,Granada,ESP-La Liga,30,ESP,DF,2992.0,36.4,0.05,0.59,0.030080213903743314,0.030080213903743314,0.030080213903743314,0.0,0.15040106951871657,0.0,0.9625668449197861,0.7820855614973262,0.0,0.09024064171122996,1.3836898395721926,0.9625668449197861,0.6617647058823529,0.24064171122994651
Ignatius Ganago,Nantes,FRA-Ligue 1,26,CMR,FW,2843.0,14.559999999999999,0.05600000000000001,1.092,0.253253605346465,0.1266268026732325,0.22159690467815688,0.03165670066830813,0.06331340133661625,0.0,0.9813577207175519,1.7094618360886387,0.47485051002462186,1.3295814280689413,0.31656700668308124,0.34822370735138936,2.2159690467815687,0.6647907140344707
Igor,Fiorentina,ITA-Serie A,24,BRA,DF,4760.0,0.0,0.0,1.51,0.0,0.0,0.0,0.0,0.3403361344537815,0.018907563025210086,1.134453781512605,0.45378151260504207,0.0,0.11344537815126052,0.8508403361344538,0.9831932773109243,0.24579831932773108,0.0
Igor Carioca,Lorient,FRA-Ligue 1,28,BRA,DF,1931.0,12.5,0.043333333333333335,0.9566666666666667,0.04660797514241325,0.0,0.04660797514241325,0.0,0.2330398757120663,0.04660797514241325,1.071983428275505,1.2584153288451578,0.04660797514241325,2.0507509062661833,0.9321595028482652,1.7244950802692907,0.6059036768513724,0.0932159502848265
Igor Jesus,Nottingham,ENG-Premier League,25-197,BRA,FW,2509.0,31.65,0.045,0.9299999999999999,0.21522518931845355,0.1434834595456357,0.17935432443204463,0.03587086488640893,0.10761259465922678,0.0,1.7218015145476284,1.6141889198884019,0.4304503786369071,0.35870864886408926,0.07174172977281786,0.6098047030689517,2.7261857313670785,0.8250298923874053
Igor Matanović,Freiburg,Unknown,23-163,CRO,FW,2045.0,44.26666666666667,0.1366666666666667,2.1333333333333333,0.5721271393643031,0.13202933985330073,0.5281173594132029,0.04400977995110024,0.0,0.0,2.1564792176039123,1.6283618581907089,0.3080684596577017,0.0,0.4400977995110024,0.5281173594132029,3.1687041564792175,1.276283618581907
Igor Paixão,Marseille,FRA-Ligue 1,26-074,BRA,MF,2136.0,45.2,0.055,1.665,0.25280898876404495,0.2106741573033708,0.25280898876404495,0.0,0.12640449438202248,0.0,0.9691011235955056,1.6011235955056178,0.4213483146067416,2.654494382022472,0.7162921348314607,0.5477528089887641,2.4859550561797756,1.0112359550561798
Igor Thiago,Brentford,ENG-Premier League,25-076,BRA,FW,3719.0,28.166666666666668,0.08666666666666667,1.6033333333333333,0.5324011831137403,0.024200053777897287,0.33880075289056194,0.1936004302231783,0.16940037644528097,0.0,1.887604194675988,0.7018015595590212,0.6050013444474321,0.5566012368916375,0.3146006991126647,0.6050013444474321,2.299005108900242,1.113202473783275
Igor Zubeldia,Real Sociedad,ESP-La Liga,29-164,ESP,DF,9805.0,13.34,0.034,1.432,0.009178990311065782,0.03671596124426313,0.009178990311065782,0.0,0.35798062213156556,0.018357980622131564,1.5145334013258542,0.33044365119836816,0.009178990311065782,0.06425293217746048,1.0188679245283019,0.844467108618052,0.33044365119836816,0.05507394186639469
Ihlas Bebou,Hoffenheim,Unknown,31,TOG,"FW,MF",3251.0,31.275,0.105,0.995,0.38757305444478624,0.13841894801599508,0.35988926484158723,0.02768378960319902,0.16610273761919409,0.0,1.439557059366349,0.8858812673023686,0.47062442325438325,1.3011381113503537,0.6920947400799754,0.7197785296831745,1.993232851430329,0.8305136880959704
Iker Losada,Levante,ESP-La Liga,23,ESP,MF,1596.0,38.43333333333334,0.18000000000000002,1.5,0.22556390977443608,0.05639097744360902,0.22556390977443608,0.0,0.16917293233082706,0.0,0.5639097744360901,0.5075187969924811,0.16917293233082706,1.7481203007518795,0.7894736842105263,1.2969924812030074,1.2406015037593985,0.39473684210526316
Iker Muniain,Athletic Club,ESP-La Liga,30,ESP,MF,2283.0,39.4,0.075,1.615,0.07884362680683311,0.11826544021024968,0.07884362680683311,0.0,0.11826544021024968,0.0,0.709592641261498,2.8777923784494086,0.03942181340341656,5.795006570302235,0.19710906701708278,0.6307490144546649,1.6162943495400788,0.5519053876478318
Iker Muñoz,Osasuna,ESP-La Liga,23-309,ESP,MF,3965.0,24.1,0.034,1.4140000000000001,0.09079445145018916,0.02269861286254729,0.09079445145018916,0.0,0.29508196721311475,0.0,1.815889029003783,2.2244640605296344,0.02269861286254729,0.6582597730138714,0.8398486759142497,0.6128625472887768,1.0441361916771752,0.24968474148802017
Ilaix Moriba,Celta Vigo,ESP-La Liga,23-234,GUI,MF,6572.0,22.38,0.028000000000000004,1.092,0.04108338405356056,0.10955569080949483,0.04108338405356056,0.0,0.38344491783323187,0.054777845404747415,1.6981132075471697,2.410225197808886,0.04108338405356056,0.19172245891661593,0.643639683505782,1.561168594035301,1.095556908094948,0.3149726110772976
Ilan Kebbal,Paris FC,FRA-Ligue 1,28-063,ALG,MF,2470.0,32.9,0.09,1.7850000000000001,0.32793522267206476,0.18218623481781376,0.21862348178137653,0.10931174089068826,0.2550607287449393,0.0,0.728744939271255,2.2955465587044532,0.145748987854251,4.22672064777328,0.291497975708502,0.6194331983805669,2.076923076923077,0.8016194331983805
Ilario Monterisi,Frosinone,ITA-Serie A,24-265,ITA,DF,1637.0,46.65,0.2,1.46,0.10995723885155773,0.10995723885155773,0.10995723885155773,0.0,0.05497861942577886,0.0,0.8246792913866829,0.9896151496640195,0.05497861942577886,0.2748930971288943,0.6047648136835675,0.9346365302382408,0.4398289554062309,0.21991447770311545
Ilia Gruev,Werder Bremen,Unknown,23,BUL,MF,2911.0,10.333333333333334,0.0,0.8833333333333333,0.0,0.09275163174166952,0.0,0.0,0.15458605290278254,0.0,1.32944005496393,0.6492614221916867,0.0,0.8038474750944692,1.0821023703194779,1.32944005496393,0.4019237375472346,0.06183442116111302
Ilias Akhomach,Villarreal,ESP-La Liga,22-147,MAR,MF,3047.0,25.04,0.026000000000000002,1.582,0.08861174926156876,0.08861174926156876,0.08861174926156876,0.0,0.20676074827699378,0.0,2.0676074827699376,2.7469642271086316,0.1772234985231375,2.569740728585494,0.5316704955694125,1.270101739415819,2.12668198227765,0.6202822448309813
Iliman Ndiaye,Marseille,FRA-Ligue 1,23,SEN,"FW,MF",7092.0,39.559999999999995,0.094,1.784,0.22842639593908629,0.08883248730964467,0.17766497461928935,0.05076142131979696,0.06345177664974619,0.01269035532994924,0.9898477157360407,1.49746192893401,0.26649746192893403,1.484771573604061,0.5583756345177665,1.116751269035533,1.5228426395939085,0.6472081218274112
Illia Zabarnyi,PSG,FRA-Ligue 1,22,UKR,DF,9125.0,30.2,0.095,1.4,0.019726027397260273,0.009863013698630137,0.019726027397260273,0.0,0.14794520547945206,0.009863013698630137,0.6213698630136986,0.4043835616438356,0.0,0.06904109589041095,0.9172602739726027,0.8679452054794521,0.23671232876712328,0.06904109589041095
Ilyas Ansah,Union Berlin,Unknown,20,GER,"MF,FW",1892.0,36.4,0.15,1.18,0.23784355179704017,0.04756871035940804,0.23784355179704017,0.0,0.04756871035940804,0.0,0.9989429175475688,2.0454545454545454,0.4281183932346723,0.9038054968287526,0.19027484143763215,0.4281183932346723,1.569767441860465,0.5708245243128964
Ilyas Chaira,Oviedo,ESP-La Liga,24,MAR,"MF,FW",2447.0,43.2,0.07,0.81,0.2206783816918676,0.07355946056395586,0.2206783816918676,0.0,0.07355946056395586,0.03677973028197793,1.9493257049448303,1.507968941561095,0.6620351450756028,2.721700040866367,0.14711892112791172,1.2505108295872498,2.9791581528402125,1.2872905598692275
Irvin Cardona,Augsburg,Unknown,25,MLT,"FW,MF",2274.0,34.88,0.08399999999999999,0.674,0.2770448548812665,0.158311345646438,0.2770448548812665,0.0,0.23746701846965698,0.0,1.108179419525066,0.9894459102902375,0.554089709762533,2.3350923482849604,0.5936675461741425,0.554089709762533,1.978891820580475,0.8311345646437995
Isaac Carcelen,Cádiz,ESP-La Liga,30,ESP,DF,4810.0,22.15,0.0,1.06,0.0,0.018711018711018712,0.0,0.0,0.11226611226611227,0.056133056133056136,0.5987525987525988,1.30977130977131,0.1496881496881497,2.61954261954262,0.8045738045738047,1.5530145530145532,0.3180873180873181,0.07484407484407485
Isaac Palazón Camacho,Rayo Vallecano,ESP-La Liga,31-257,ESP,MF,10245.0,25.919999999999998,0.05800000000000001,1.1019999999999999,0.17569546120058566,0.11420204978038068,0.13177159590043924,0.043923865300146414,0.2371888726207906,0.008784773060029283,1.273792093704246,2.5036603221083458,0.2459736456808199,4.726207906295754,0.4304538799414348,0.7818448023426062,2.459736456808199,0.7906295754026355
Isaac Romero,Sevilla,ESP-La Liga,26-115,ESP,FW,4792.0,36.225,0.15000000000000002,1.385,0.24415692821368948,0.13146911519198665,0.24415692821368948,0.0,0.3756260434056761,0.037562604340567615,1.8781302170283807,1.4837228714524207,0.41318864774624375,0.7512520868113522,0.24415692821368948,0.3944073455759599,2.629382303839733,0.9766277128547579
Isaac Success,Udinese,ITA-Serie A,27,NGA,"FW,MF",2695.0,20.3,0.04,1.2,0.06679035250463822,0.23376623376623376,0.06679035250463822,0.0,0.26716141001855287,0.0,2.037105751391466,3.706864564007421,0.40074211502782936,0.4675324675324675,0.16697588126159554,0.300556586270872,1.803339517625232,0.3339517625231911
Isak Hien,Atalanta,ITA-Serie A,26,SWE,DF,8705.0,26.660000000000004,0.022,1.476,0.010338885697874785,0.010338885697874785,0.010338885697874785,0.0,0.28948879954049395,0.010338885697874785,1.581849511774842,0.765077541642734,0.02067777139574957,0.02067777139574957,1.1372774267662262,1.2613440551407238,0.28948879954049395,0.08271108558299828
Isco,Real Betis,ESP-La Liga,34-142,ESP,MF,5085.0,37.8,0.094,1.6560000000000001,0.3185840707964602,0.2831858407079646,0.17699115044247787,0.1415929203539823,0.35398230088495575,0.0,1.2920353982300885,3.0088495575221237,0.23008849557522124,5.008849557522124,0.5663716814159292,0.9203539823008849,2.1769911504424777,0.8141592920353983
Islam Slimani,Brest,FRA-Ligue 1,34,ALG,FW,986.0,20.0,0.07,0.88,0.09127789046653144,0.09127789046653144,0.09127789046653144,0.0,0.4563894523326572,0.0,1.643002028397566,1.2778904665314401,0.9127789046653144,0.821501014198783,0.09127789046653144,0.2738336713995943,1.3691683569979716,0.2738336713995943
Ismael Diallo,Ajaccio,FRA-Ligue 1,25,CIV,DF,2176.0,0.0,0.0,0.86,0.0,0.0,0.0,0.0,0.37224264705882354,0.04136029411764706,1.6957720588235292,1.364889705882353,0.04136029411764706,1.447610294117647,1.2408088235294117,1.3235294117647058,0.12408088235294118,0.0
Ismail Jakobs,Monaco,FRA-Ligue 1,24,SEN,DF,2765.0,25.399999999999995,0.016666666666666666,2.1933333333333334,0.0325497287522604,0.1301989150090416,0.0325497287522604,0.0,0.09764918625678119,0.0,1.301989150090416,1.0090415913200723,0.1301989150090416,4.882459312839059,0.7486437613019892,1.7251356238698012,1.139240506329114,0.4231464737793852
Ismaila Sarr,Marseille,FRA-Ligue 1,25,SEN,"MF,FW",6332.0,44.333333333333336,0.15,1.45,0.28427037271004424,0.1563487049905243,0.24162981680353757,0.04264055590650663,0.09949463044851548,0.0,0.5969677826910929,1.9756790903348074,0.4548325963360707,1.6771951989892608,0.3979785217940619,0.3979785217940619,1.876184459886292,0.8528111181301328
Ismaily,Lille,FRA-Ligue 1,34,BRA,DF,5148.0,53.63333333333333,0.09666666666666668,1.7066666666666668,0.05244755244755245,0.05244755244755245,0.05244755244755245,0.0,0.08741258741258741,0.0,0.7342657342657343,0.8741258741258741,0.08741258741258741,1.0664335664335665,1.1363636363636362,1.451048951048951,0.5244755244755245,0.27972027972027974
Ismaël Bennacer,Milan,ITA-Serie A,26,ALG,MF,4104.0,25.55,0.07500000000000001,1.7625,0.08771929824561403,0.13157894736842105,0.06578947368421052,0.021929824561403508,0.24122807017543857,0.0,1.7105263157894737,1.469298245614035,0.043859649122807015,3.1578947368421053,1.0964912280701753,1.4473684210526314,0.7456140350877193,0.15350877192982454
Ismaël Doukouré,Strasbourg,FRA-Ligue 1,23-048,FRA,DF,8733.0,19.68,0.088,1.682,0.020611473720371008,0.041222947440742015,0.020611473720371008,0.0,0.20611473720371007,0.020611473720371008,1.040879422878736,0.7420130539333561,0.0,0.15458605290278254,0.9378220542768809,0.7523187907935417,0.28856063208519406,0.06183442116111302
Ismaël Koné,Sassuolo,ITA-Serie A,23,CAN,MF,3566.0,39.5,0.19666666666666668,1.5433333333333332,0.20190689848569826,0.025238362310712283,0.20190689848569826,0.0,0.15143017386427368,0.025238362310712283,0.9338194054963544,1.8424004486819967,0.025238362310712283,0.2523836231071228,0.5047672462142456,0.7319125070106562,0.8328659562535052,0.35333707234997197
Ismaël Traoré,Metz,FRA-Ligue 1,36,CIV,DF,2220.0,40.0,0.2,0.73,0.08108108108108109,0.0,0.08108108108108109,0.0,0.08108108108108109,0.0,0.9324324324324325,0.16216216216216217,0.0,0.0,1.2972972972972974,0.44594594594594594,0.40540540540540543,0.16216216216216217
Ismaëlo Ganiou,Lens,FRA-Ligue 1,21-180,FRA,DF,2272.0,42.45,0.23500000000000001,1.545,0.15845070422535212,0.0,0.15845070422535212,0.0,0.15845070422535212,0.03961267605633803,1.0299295774647887,0.9507042253521126,0.0,0.7526408450704225,1.3468309859154928,1.267605633802817,0.9903169014084506,0.23767605633802816
Issa Diop,Ipswich Town,ENG-Premier League,29-244,MAR,DF,5861.0,35.339999999999996,0.166,1.278,0.030711482682136155,0.0,0.030711482682136155,0.0,0.15355741341068077,0.015355741341068077,0.8445657737587442,0.2917590854802935,0.046067224023204234,0.07677870670534039,1.0288346698515611,0.7524313257123357,0.23033612011602117,0.09213444804640847
Issa Doumbia,Venezia,ITA-Serie A,20,ITA,MF,939.0,31.3,0.0,0.83,0.0,0.0,0.0,0.0,0.0,0.0,1.7252396166134185,1.1501597444089455,0.0,0.9584664536741214,0.8626198083067093,0.7667731629392972,1.5335463258785944,0.4792332268370607
Issa Kaboré,Werder Bremen,Unknown,23,BFA,MF,3065.0,18.066666666666666,0.043333333333333335,1.0466666666666666,0.02936378466557912,0.05872756933115824,0.02936378466557912,0.0,0.23491027732463296,0.0,1.6150081566068515,1.67373572593801,0.1468189233278956,3.8172920065252858,0.7634584013050572,1.497553017944535,0.6166394779771615,0.11745513866231648
Issa Soumaré,Rennes,FRA-Ligue 1,25-335,SEN,"MF,FW",5256.0,25.15,0.055,1.25,0.2226027397260274,0.17123287671232876,0.2054794520547945,0.017123287671232876,0.0684931506849315,0.0,1.4212328767123288,2.5342465753424657,0.39383561643835613,1.8321917808219177,0.4794520547945205,0.6164383561643836,2.191780821917808,0.821917808219178
Issiaga Sylla,Montpellier,FRA-Ligue 1,30,GUI,"DF,MF",5288.0,28.575,0.0675,1.2325,0.0510590015128593,0.0850983358547655,0.0510590015128593,0.0,0.1361573373676248,0.0,1.1232980332829048,0.7318456883509833,0.1531770045385779,2.655068078668684,1.7189863842662632,1.021180030257186,0.7148260211800302,0.2042360060514372
Ivan Ilić,Lecce,ITA-Serie A,25-177,SRB,MF,5546.0,23.21666666666667,0.09999999999999999,1.0650000000000002,0.09736747205192933,0.08113956004327444,0.09736747205192933,0.0,0.22719076812116842,0.0,1.0872701045798774,1.282005048683736,0.048683736025964666,3.2942661377569418,0.6978002163721602,0.567976920302921,0.8600793364587089,0.30833032816444284
Ivan Ordets,Bochum,Unknown,32,UKR,DF,6190.0,14.466666666666667,0.02,0.9233333333333333,0.014539579967689823,0.0,0.014539579967689823,0.0,0.20355411954765754,0.0,1.2067851373182552,0.8869143780290791,0.11631663974151858,0.04361873990306946,1.8465266558966074,0.5961227786752827,0.6397415185783522,0.10177705977382877
Ivan Perišić,Tottenham,ENG-Premier League,34,CRO,"FW,MF",2211.0,13.8,0.015,2.005,0.0407055630936228,0.36635006784260515,0.0407055630936228,0.0,0.3256445047489824,0.0,1.3432835820895521,0.36635006784260515,0.24423337856173674,8.507462686567164,0.9362279511533242,1.0583446404341927,1.2618724559023067,0.3256445047489824
Ivan Rakitić,Sevilla,ESP-La Liga,35,CRO,MF,3213.0,27.5,0.045,0.99,0.08403361344537816,0.11204481792717087,0.056022408963585436,0.028011204481792718,0.25210084033613445,0.028011204481792718,0.896358543417367,1.288515406162465,0.08403361344537816,5.742296918767507,1.0364145658263304,1.092436974789916,1.7366946778711483,0.47619047619047616
Ivan Smolčić,Como,ITA-Serie A,26-024,CRO,DF,2327.0,25.399999999999995,0.0,1.8133333333333332,0.0,0.03867640739149119,0.0,0.0,0.3867640739149119,0.0,1.4697034808766651,0.8895573700042975,0.0,1.2763214439192092,1.3536742587021917,1.3149978513107003,0.7348517404383326,0.2707348517404383
Ivan Toney,Brentford,ENG-Premier League,27,ENG,FW,4401.0,43.900000000000006,0.145,1.105,0.49079754601226994,0.12269938650306748,0.3680981595092025,0.12269938650306748,0.28629856850715746,0.0,1.5950920245398774,2.1063394683026586,0.6952965235173824,1.1451942740286298,0.5112474437627812,0.3067484662576687,2.965235173824131,1.30879345603272
Ivan Šunjić,Hertha BSC,Unknown,25,BIH,MF,993.0,50.0,0.0,1.0,0.0,0.0,0.0,0.0,0.36253776435045315,0.0,1.540785498489426,0.8157099697885197,0.09063444108761329,0.09063444108761329,1.0876132930513596,2.0845921450151055,0.5438066465256798,0.2719033232628399
Iván Alejo,Cádiz,ESP-La Liga,28,ESP,MF,3003.0,22.15,0.0,1.03,0.0,0.0899100899100899,0.0,0.0,0.8991008991008991,0.02997002997002997,2.6373626373626373,2.787212787212787,0.2997002997002997,7.762237762237762,0.2997002997002997,1.3486513486513487,1.018981018981019,0.23976023976023975
Iván Balliu,Rayo Vallecano,ESP-La Liga,34-252,ALB,DF,8083.0,10.620000000000001,0.0,1.314,0.0,0.011134479772361747,0.0,0.0,0.1670171965854262,0.0,1.2581962142768774,0.9686997401954719,0.1892861561301497,2.2714338735617963,0.835085982927131,0.9798342199678337,0.24495855499195843,0.05567239886180873
Iván Fresneda,Valladolid,ESP-La Liga,17,ESP,"DF,MF",1743.0,0.0,0.0,0.86,0.0,0.0,0.0,0.0,0.1549053356282272,0.0,0.6712564543889845,1.2908777969018934,0.0,3.0464716006884682,0.7228915662650601,1.8072289156626506,0.2065404475043029,0.0
Iván Martín,Racing Sant,ESP-La Liga,27-208,ESP,MF,9111.0,33.62,0.10400000000000001,1.428,0.08890352321369774,0.08890352321369774,0.08890352321369774,0.0,0.1284162001975634,0.009878169245966415,0.9779387553506751,0.9384260783668094,0.1481725386894962,0.6519591702337834,0.6124464932499176,0.9680605861047086,0.6124464932499176,0.2667105696410932
Iván Romero,Levante,ESP-La Liga,25-153,ESP,FW,2552.0,19.266666666666666,0.04,0.8033333333333333,0.2468652037617555,0.03526645768025078,0.2468652037617555,0.0,0.2468652037617555,0.0,1.586990595611285,2.9623824451410656,0.28213166144200624,0.7758620689655172,0.42319749216300945,0.8463949843260189,2.468652037617555,0.7405956112852664
Iván Sánchez,Valladolid,ESP-La Liga,31,ESP,MF,2558.0,40.6,0.095,0.665,0.10555121188428461,0.07036747458952307,0.10555121188428461,0.0,0.14073494917904614,0.0,0.8444096950742769,3.2017200938232997,0.14073494917904614,5.347928068803753,0.7388584831899923,1.3369820172009383,1.125879593432369,0.4573885848318999
Iñaki Williams,Athletic Club,ESP-La Liga,32-087,GHA,"MF,FW",10734.0,43.540000000000006,0.08,1.514,0.25992174399105644,0.184460592509782,0.2431525992174399,0.016769144773616546,0.07546115148127445,0.0,0.9642258244829514,1.1906092789267748,0.6372275013974288,3.278367803242035,0.3269983230855227,0.4863051984348798,2.5572945779765233,1.0564561207378422
Iñigo Lekue,Athletic Club,ESP-La Liga,32,ESP,DF,4696.0,11.1,0.0,1.53,0.0,0.057495741056218054,0.0,0.0,0.15332197614991483,0.03833049403747871,0.9007666098807496,0.28747870528109026,0.019165247018739354,2.204003407155026,0.8241056218057922,1.1690800681431004,0.3641396933560477,0.03833049403747871
Iñigo Martínez,Barcelona,ESP-La Liga,33,ESP,DF,5124.0,15.966666666666667,0.03333333333333333,2.19,0.01756440281030445,0.0702576112412178,0.01756440281030445,0.0,0.19320843091334897,0.0,0.7201405152224825,0.8606557377049181,0.0702576112412178,0.2810304449648712,0.8606557377049181,0.4742388758782201,0.5444964871194379,0.08782201405152225
Iñigo Ruiz de Galarreta,Athletic Club,ESP-La Liga,33-035,ESP,MF,8354.0,11.459999999999999,0.028000000000000004,1.732,0.021546564519990423,0.0969595403399569,0.021546564519990423,0.0,0.37706487909983244,0.0,2.337802250418961,1.5621259276993056,0.010773282259995211,2.197749581039023,0.8510892985396217,1.314340435719416,0.5709839597797463,0.07541297581996648
Jack Clarke,Ipswich Town,ENG-Premier League,25-291,ENG,"FW,MF",1226.0,22.549999999999997,0.165,1.045,0.0734094616639478,0.2936378466557912,0.0734094616639478,0.0,0.1468189233278956,0.0,1.2479608482871125,1.6884176182707993,0.22022838499184338,1.0277324632952691,0.5872756933115824,1.394779771615008,1.468189233278956,0.22022838499184338
Jack Grealish,Manchester City,ENG-Premier League,31-000,ENG,"FW,MF",5446.0,20.966666666666665,0.06833333333333334,2.106666666666667,0.18178479618068308,0.24788835842820417,0.18178479618068308,0.0,0.29746603011384504,0.01652589056188028,0.8593463092177744,3.354755784061697,0.0826294528094014,2.115313991920676,0.4461990451707675,0.7271391847227323,1.7352185089974292,0.5618802791039295
Jack Harrison,Fiorentina,ITA-Serie A,28,ENG,"FW,MF",8248.0,30.119999999999997,0.066,1.228,0.10911736178467508,0.1418525703200776,0.10911736178467508,0.0,0.04364694471387003,0.0,0.8729388942774007,1.1457322987390883,0.08729388942774007,5.1394277400581965,0.5237633365664404,0.7419980601357905,1.3203200775945683,0.39282250242483024
Jack Hinshelwood,Brighton,ENG-Premier League,21-152,ENG,MF,4517.0,43.980000000000004,0.254,1.4780000000000002,0.2789462032322338,0.09962364401151207,0.2789462032322338,0.0,0.11954837281381447,0.0,1.2154084569404473,0.5180429488598628,0.05977418640690724,0.8966127961036087,0.6176665928713748,0.7770644232897941,1.434580473765774,0.6973655080805845
Jack Robinson,Sheffield United,ENG-Premier League,29,ENG,DF,2885.0,42.9,0.07,0.47,0.03119584055459272,0.03119584055459272,0.03119584055459272,0.0,0.3119584055459272,0.0,0.5927209705372617,0.49913344887348354,0.03119584055459272,0.37435008665511266,0.9046793760831888,0.9358752166377817,0.43674176776429807,0.18717504332755633
Jack Stephens,Southampton,ENG-Premier League,30,ENG,DF,2608.0,33.333333333333336,0.08333333333333333,0.8099999999999999,0.03450920245398773,0.0,0.03450920245398773,0.0,0.17254601226993865,0.06901840490797546,0.75920245398773,0.2070552147239264,0.03450920245398773,0.1035276073619632,1.0007668711656441,1.1388036809815951,0.2070552147239264,0.1035276073619632
Jackson Irvine,St Pauli,Unknown,32,AUS,MF,4234.0,26.4,0.0,0.895,0.0,0.1487954652810581,0.0,0.0,0.08502598016060463,0.021256495040151157,1.2328767123287672,0.5951818611242324,0.08502598016060463,0.6376948512045347,1.3391591875295228,0.9777987718469532,1.2753897024090695,0.36136041568256966
Jackson Porozo,Troyes,FRA-Ligue 1,21,ECU,DF,1617.0,40.9,0.09,0.64,0.11131725417439704,0.0,0.11131725417439704,0.0,0.16697588126159554,0.0,1.614100185528757,1.0575139146567718,0.05565862708719852,0.16697588126159554,1.614100185528757,1.1131725417439704,1.2244897959183674,0.5009276437847866
Jackson Tchatchoua,Hellas Verona,ITA-Serie A,22,CMR,"MF,DF",6737.0,16.666666666666668,0.03666666666666667,0.8433333333333334,0.026718123793973578,0.08015437138192075,0.026718123793973578,0.0,0.1603087427638415,0.013359061896986789,0.694671218643313,0.36069467121864335,0.1603087427638415,3.6470238978773932,0.6813121567463263,0.9618524565830487,0.2805402998367226,0.053436247587947155
Jacob Brown,Luton Town,ENG-Premier League,25,SCO,"MF,FW",1019.0,28.0,0.08,0.84,0.17664376840039253,0.0,0.17664376840039253,0.0,0.35328753680078506,0.0,1.6781157998037293,1.6781157998037293,0.5299313052011776,0.7948969578017665,0.7948969578017665,1.0598626104023552,2.2080471050049066,0.6182531894013739
Jacob Bruun Larsen,Stuttgart,Unknown,25,DEN,MF,3421.0,37.7,0.11800000000000002,0.9739999999999999,0.2630809704764689,0.07892429114294065,0.236772873428822,0.026308097047646885,0.05261619409529377,0.0,0.473545746857644,0.3156971645717626,0.7629348143817597,3.7620578778135045,0.4472376498099971,0.36831335866705645,2.315112540192926,0.8418591055247003
Jacob Greaves,Ipswich Town,ENG-Premier League,25-363,ENG,DF,2475.0,20.0,0.05,0.7,0.03636363636363636,0.0,0.03636363636363636,0.0,0.21818181818181817,0.0,0.6545454545454545,0.9454545454545454,0.07272727272727272,0.03636363636363636,0.7636363636363637,0.9090909090909092,0.36363636363636365,0.14545454545454545
Jacob Murphy,Newcastle,ENG-Premier League,31-198,ENG,"DF,FW",6455.0,26.74,0.1,1.688,0.25096824167312165,0.32068164213787764,0.25096824167312165,0.0,0.1115414407436096,0.0,0.5019364833462433,0.7947327652982185,0.15336948102246323,5.270333075135554,0.3903950426026336,0.7110766847405112,2.007745933384973,0.6692486444616577
Jacob Ondrejka,Parma,ITA-Serie A,22,SWE,"FW,MF",1195.0,52.35,0.18,1.03,0.37656903765690375,0.0,0.37656903765690375,0.0,0.1506276150627615,0.0,0.6778242677824268,1.6569037656903767,0.07531380753138076,2.1087866108786613,0.6778242677824268,0.5271966527196653,2.6359832635983262,1.280334728033473
Jacob Ramsey,Newcastle,ENG-Premier League,25-105,ENG,MF,6634.0,32.36,0.182,1.6919999999999997,0.14923123304190533,0.18993066023515226,0.14923123304190533,0.0,0.23063008742839916,0.027132951462164608,1.0039192041000904,1.343081097377148,0.12209828157974072,0.6511908350919505,0.583358456436539,1.1531504371419958,1.207416340066325,0.3662948447392222
Jacobo Ramón,Como,ITA-Serie A,21-247,ESP,DF,3216.0,35.46666666666667,0.18333333333333335,2.39,0.08395522388059701,0.0,0.08395522388059701,0.0,0.33582089552238803,0.027985074626865673,1.007462686567164,0.3917910447761194,0.027985074626865673,0.33582089552238803,1.203358208955224,1.0914179104477613,1.2313432835820897,0.3078358208955224
Jacopo Fazzini,Cagliari,ITA-Serie A,23-178,ITA,MF,4205.0,19.04,0.038,1.216,0.1070154577883472,0.06420927467300833,0.1070154577883472,0.0,0.29964328180737215,0.02140309155766944,1.7336504161712247,1.9262782401902496,0.1070154577883472,2.6539833531510104,0.727705112960761,1.5624256837098693,1.6266349583828776,0.34244946492271106
Jacques Ekomie,Angers,FRA-Ligue 1,23-022,GAB,DF,3026.0,8.333333333333334,0.0,0.6166666666666666,0.0,0.0,0.0,0.0,0.11896893588896232,0.0,1.278916060806345,1.5465961665565104,0.2081956378056841,2.706543291473893,1.130204890945142,1.4573694646397883,0.4461335095836087,0.08922670191672175
Jadon Sancho,Dortmund,Unknown,23,ENG,"MF,FW",5352.0,32.019999999999996,0.128,1.8719999999999999,0.18497757847533633,0.18497757847533633,0.18497757847533633,0.0,0.05044843049327354,0.0,0.3531390134529148,0.5885650224215246,0.3531390134529148,1.5975336322869955,0.23542600896860988,0.38677130044843044,1.0762331838565022,0.437219730941704
Jahmai Simpson-Pusey,Köln,Unknown,20-310,ENG,DF,1139.0,16.666666666666668,0.0,0.9700000000000001,0.0,0.0,0.0,0.0,0.3160667251975417,0.07901668129938542,0.4741000877963125,0.4741000877963125,0.0,0.15803336259877085,1.2642669007901668,0.7901668129938543,0.4741000877963125,0.23705004389815626
Jaidon Anthony,Brentford,ENG-Premier League,26-283,ENG,MF,4260.0,38.425,0.07250000000000001,0.8899999999999999,0.2323943661971831,0.06338028169014084,0.2323943661971831,0.0,0.16901408450704225,0.0,0.9295774647887324,1.2887323943661972,0.3591549295774648,2.8309859154929575,0.5492957746478874,0.8450704225352113,1.7323943661971832,0.7816901408450704
Jailson Siqueira,Celta Vigo,ESP-La Liga,28,BRA,DF,1511.0,55.0,0.0,1.53,0.0,0.05956320317670417,0.0,0.0,0.1786896095301125,0.0,1.0125744540039707,1.0125744540039707,0.0,0.29781601588352086,1.1912640635340834,1.7273328921244209,0.5360688285903376,0.29781601588352086
Jaime Mata,Las Palmas,ESP-La Liga,35,ESP,"MF,FW",2880.0,36.800000000000004,0.07333333333333333,1.1633333333333333,0.1875,0.0625,0.1875,0.0,0.75,0.03125,3.125,1.4375,1.46875,1.78125,0.65625,0.78125,2.0,0.75
Jaka Bijol,Udinese,ITA-Serie A,25,SVN,DF,9830.0,23.98,0.054000000000000006,1.264,0.04577822990844354,0.03662258392675483,0.04577822990844354,0.0,0.28382502543234994,0.009155645981688708,1.1536113936927772,0.3021363173957274,0.018311291963377416,0.054933875890132246,1.0437436419125128,0.8331637843336724,0.6500508646998983,0.19226856561546288
Jake O'Brien,Lyon,FRA-Ligue 1,22,IRL,DF,7060.0,46.86666666666667,0.21,1.5,0.08923512747875355,0.03824362606232295,0.08923512747875355,0.0,0.19121813031161475,0.025495750708215296,0.6756373937677054,0.3951841359773371,0.08923512747875355,0.8668555240793201,0.3569405099150142,0.8286118980169971,0.471671388101983,0.21671388101983002
Jakov Medić,Bochum,Unknown,25,CRO,DF,1603.0,21.4,0.07,0.83,0.056144728633811605,0.0,0.056144728633811605,0.0,0.11228945726762321,0.0,0.561447286338116,0.3930131004366812,0.11228945726762321,0.056144728633811605,1.2351840299438552,0.561447286338116,0.7860262008733624,0.1684341859014348
Jakub Kamiński,Köln,Unknown,23,POL,"MF,FW",6677.0,32.825,0.052500000000000005,1.1875,0.14827018121911037,0.1213119664519994,0.14827018121911037,0.0,0.08087464430133294,0.0,0.4852478658079976,0.6604762617942189,0.16174928860266588,2.951924516998652,0.6200389396435525,0.9031001946982178,1.6983675303279915,0.6335180470271079
Jakub Kiwior,Spezia,ITA-Serie A,22,POL,"DF,MF",3938.0,54.15,0.375,1.8025,0.06856272219400711,0.06856272219400711,0.06856272219400711,0.0,0.11427120365667852,0.0,0.845606907059421,0.2971051295073641,0.0228542407313357,0.6627729812087354,1.0284408329101067,1.0284408329101067,0.4342305738953784,0.1828339258506856
Jakub Piotrowski,Udinese,ITA-Serie A,28-341,POL,MF,1839.0,25.0,0.14,1.33,0.09787928221859706,0.04893964110929853,0.09787928221859706,0.0,0.1957585644371941,0.0,1.6150081566068515,1.5660685154975529,0.09787928221859706,1.2234910277324633,0.734094616639478,1.3213703099510603,1.9575856443719415,0.4893964110929854
Jamaal Lascelles,Newcastle,ENG-Premier League,31,ENG,DF,1319.0,5.566666666666666,0.05666666666666667,1.2766666666666666,0.06823351023502654,0.0,0.06823351023502654,0.0,0.5458680818802123,0.0,1.5693707354056103,0.27293404094010615,0.06823351023502654,0.06823351023502654,0.3411675511751327,0.6141015921152388,0.6141015921152388,0.06823351023502654
Jamal Musiala,Bayern Munich,Unknown,23-196,GER,MF,6468.0,30.54,0.126,2.006,0.5148423005565863,0.29220779220779225,0.5009276437847866,0.01391465677179963,0.09740259740259741,0.0,1.043599257884972,2.1567717996289426,0.06957328385899815,0.44526901669758817,0.5705009276437848,1.043599257884972,3.102968460111317,1.2244897959183674
James Bree,Southampton,ENG-Premier League,26,ENG,"DF,MF",1442.0,62.5,0.0,0.245,0.0,0.06241331484049931,0.0,0.0,0.06241331484049931,0.0,0.31206657420249656,0.31206657420249656,0.0,2.621359223300971,0.6865464632454924,0.9986130374479889,0.31206657420249656,0.12482662968099861
James Garner,Everton,ENG-Premier League,25-181,ENG,MF,8964.0,24.9,0.012,1.326,0.030120481927710843,0.11044176706827309,0.030120481927710843,0.0,0.28112449799196787,0.0,1.1746987951807228,1.114457831325301,0.040160642570281124,4.186746987951808,1.3654618473895583,1.6465863453815262,1.0742971887550201,0.321285140562249
James Hill,Bournemouth,ENG-Premier League,24-243,ENG,DF,2900.0,4.175,0.0,1.4325,0.0,0.12413793103448274,0.0,0.0,0.18620689655172415,0.0,0.9,0.5896551724137932,0.09310344827586207,0.6517241379310346,1.5827586206896553,0.9931034482758619,0.5586206896551724,0.06206896551724137
James Justin,Leeds United,ENG-Premier League,28-199,ENG,"MF,DF",6335.0,29.925,0.04,1.1875,0.05682715074980268,0.042620363062352014,0.05682715074980268,0.0,0.1420678768745067,0.0,0.7387529597474349,1.5201262825572217,0.08524072612470403,1.7190213101815313,1.250197316495659,1.4348855564325176,0.8097868981846883,0.2131018153117601
James Maddison,Tottenham,ENG-Premier League,29-291,ENG,"FW,MF",6484.0,23.26,0.084,1.044,0.3192473781616286,0.3470080197409007,0.3053670573719926,0.013880320789636028,0.2914867365823566,0.0,1.1798272671190624,3.0675508945095618,0.16656384947563233,4.996915484268969,0.499691548426897,0.8883405305367058,2.540098704503393,0.9438618136952499
James Mcatee,Nottingham,ENG-Premier League,23-327,ENG,MF,2722.0,20.24,0.074,1.442,0.19838354151359294,0.13225569434239529,0.16531961792799413,0.03306392358559882,0.16531961792799413,0.0,0.958853783982366,1.4217487141807492,0.09919177075679647,2.049963262307127,0.5290227773695811,0.9919177075679648,1.487876561351947,0.46289493019838357
James Milner,Brighton,ENG-Premier League,39,ENG,MF,2640.0,27.325,0.0325,1.8025,0.03409090909090909,0.13636363636363635,0.0,0.03409090909090909,0.2727272727272727,0.0,1.534090909090909,0.7840909090909092,0.13636363636363635,3.5113636363636367,0.8522727272727273,1.3636363636363638,0.75,0.17045454545454547
James Sands,St Pauli,Unknown,25,USA,MF,2387.0,12.5,0.03,1.0,0.03770423125261835,0.0,0.03770423125261835,0.0,0.18852115626309174,0.0,1.395056556346879,1.6212819438625892,0.03770423125261835,0.4147465437788018,1.7720988688730626,1.1311269375785504,0.6409719312945119,0.1508169250104734
James Tarkowski,Everton,ENG-Premier League,33-295,ENG,DF,13361.0,31.619999999999997,0.11400000000000002,1.27,0.04041613651672779,0.04041613651672779,0.04041613651672779,0.0,0.2088167053364269,0.0,1.0306114811765585,0.7881146620761919,0.04041613651672779,0.10104034129181948,1.2124840955018337,0.9767232991542549,0.6399221615148567,0.195344659830851
James Ward-Prowse,West Ham,ENG-Premier League,30,ENG,MF,8908.0,39.4,0.07333333333333333,0.9683333333333334,0.17175572519083968,0.14144589133363267,0.13134261338123035,0.04041311180960934,0.151549169286035,0.010103277952402335,0.8385720700493937,0.5859901212393354,0.0,5.789178266726538,1.2528064660978895,0.8890884598114055,1.0810507409070498,0.4546475078581051
Jamie Gittens,Dortmund,Unknown,19,ENG,MF,3862.0,34.4,0.075,2.0225,0.2796478508544795,0.2330398757120663,0.2796478508544795,0.0,0.13982392542723976,0.0,1.2118073537027447,2.2138788192646297,0.11651993785603315,1.887622993267737,0.39616778871051267,0.7923355774210253,3.006214396685655,1.118591403417918
Jamie Leweling,Stuttgart,Unknown,25-196,GER,"FW,MF",5868.0,39.74,0.082,1.7559999999999998,0.2147239263803681,0.24539877300613497,0.2147239263803681,0.0,0.18404907975460125,0.0,0.9662576687116565,1.5950920245398774,0.4294478527607362,3.6349693251533743,0.49079754601226994,0.5061349693251533,1.9938650306748467,0.9355828220858896
Jamie Vardy,Cremonese,ITA-Serie A,38,ENG,FW,6785.0,48.36666666666667,0.16666666666666666,0.8300000000000001,0.2520265291083272,0.13264554163596168,0.238761974944731,0.01326455416359617,0.14591009579955783,0.0,0.9019896831245393,0.6632277081798084,1.0478997789240974,0.4244657332350774,0.13264554163596168,0.35814296241709653,1.5386882829771555,0.7295504789977892
Jamil Siebert,Lecce,ITA-Serie A,24-161,GER,DF,1906.0,16.65,0.085,1.0,0.0472193074501574,0.0,0.0472193074501574,0.0,0.1888772298006296,0.0,1.0860440713536201,0.4249737670514166,0.0472193074501574,0.2833158447009444,0.9443861490031479,0.8499475341028332,0.3305351521511018,0.0944386149003148
Jan Bednarek,Southampton,ENG-Premier League,28,POL,DF,4303.0,20.0,0.13333333333333333,0.75,0.04183128050197536,0.0,0.04183128050197536,0.0,0.2509876830118522,0.0,0.9621194515454334,0.43922844527074134,0.0,0.04183128050197536,2.133395305600744,0.8575412502904951,0.2719033232628399,0.06274692075296305
Jan Paul van Hecke,Tottenham,ENG-Premier League,26-094,NED,DF,9102.0,29.24,0.038,1.236,0.03955174686882004,0.03955174686882004,0.03955174686882004,0.0,0.22742254449571522,0.00988793671720501,0.7613711272247857,0.9096901779828609,0.03955174686882004,0.37574159525379036,1.058009228740936,0.9294660514172709,0.5932762030323006,0.21753460777851022
Jan Schöppner,Heidenheim,Unknown,26,GER,MF,6931.0,27.733333333333334,0.11333333333333333,1.0,0.11686625306593566,0.10388111383638725,0.11686625306593566,0.0,0.2077622276727745,0.0,0.8570191891501947,0.6362718222478719,0.07791083537729043,0.42850959457509735,1.3244842014139375,0.960900302986582,1.0777665560525176,0.31164334150916173
Jan Thielmann,Köln,Unknown,24-107,GER,FW,4123.0,30.799999999999997,0.0725,1.175,0.1309725927722532,0.0654862963861266,0.1309725927722532,0.0,0.2837739510065487,0.021828765462042203,1.1350958040261947,1.5280135823429541,0.4147465437788018,2.5321367935968957,0.6548629638612661,0.8949793839437302,1.7244724715013342,0.6330341983992239
Jan Virgili,Mallorca,ESP-La Liga,19,ESP,"MF,FW",1792.0,50.0,0.06,1.13,0.10044642857142856,0.20089285714285712,0.10044642857142856,0.0,0.0,0.05022321428571428,1.1049107142857142,1.2053571428571428,0.10044642857142856,2.3604910714285716,0.3515625,0.5022321428571429,1.607142857142857,0.8035714285714285
Jan-Niklas Beste,Freiburg,Unknown,27-249,GER,MF,4637.0,32.599999999999994,0.06,1.9075,0.19409100711667027,0.2911365106750054,0.19409100711667027,0.0,0.17468190640500325,0.0,0.9510459348716843,1.8244554668967004,0.19409100711667027,8.074185896053482,0.6599094241966789,1.5139098555100279,1.5915462583566964,0.679318524908346
Janik Haberer,Union Berlin,Unknown,32-161,GER,"FW,MF",6794.0,29.919999999999998,0.046,1.082,0.0794818957904033,0.03974094789520165,0.0794818957904033,0.0,0.225198704739476,0.0,1.3379452458051222,1.1922284368560494,0.0794818957904033,1.4969090373859286,0.7550780100088313,1.2187224021195173,0.9935236973800412,0.30468060052987933
Jannik Müller,Darmstadt 98,Unknown,29,GER,DF,1134.0,0.0,0.0,0.69,0.0,0.0,0.0,0.0,0.3968253968253968,0.0,1.507936507936508,0.5555555555555556,0.0,0.5555555555555556,1.507936507936508,1.2698412698412698,0.23809523809523808,0.0
Jannik Vestergaard,Leicester City,ENG-Premier League,31,DEN,DF,1391.0,66.7,0.0,0.5,0.0,0.0,0.0,0.0,0.3235082674335011,0.0,0.7764198418404026,0.2588066139468009,0.0,0.0,0.9705248023005033,0.6470165348670022,0.19410496046010065,0.12940330697340044
Jaouen Hadjam,Nantes,FRA-Ligue 1,20,ALG,DF,917.0,25.0,0.0,0.775,0.0,0.09814612868047982,0.0,0.0,0.09814612868047982,0.0,1.2758996728462377,1.2758996728462377,0.0,3.925845147219193,1.4721919302071975,2.4536532170119956,0.6870229007633587,0.29443838604143946
Jarell Quansah,Leverkusen,Unknown,23-224,ENG,DF,4110.0,27.775,0.1375,1.875,0.1313868613138686,0.021897810218978103,0.1313868613138686,0.0,0.2627737226277372,0.0,0.8540145985401459,0.5474452554744526,0.021897810218978103,0.656934306569343,1.072992700729927,1.1605839416058394,0.5693430656934306,0.2627737226277372
Jari Vandeputte,Cremonese,ITA-Serie A,29,BEL,MF,1944.0,40.0,0.05,1.03,0.0462962962962963,0.23148148148148148,0.0462962962962963,0.0,0.1388888888888889,0.0,1.5740740740740742,1.1574074074074074,0.0462962962962963,7.5,0.8333333333333333,0.9722222222222222,0.9259259259259259,0.3703703703703704
Jarrad Branthwaite,Everton,ENG-Premier League,24-075,ENG,DF,6577.0,47.975,0.095,1.4475,0.05473620191576707,0.013684050478941768,0.05473620191576707,0.0,0.17789265622624295,0.0,0.5610460696366124,0.5199939181997871,0.12315645431047591,0.13684050478941767,1.2041964421468756,0.8484111296943895,0.4515736658050783,0.1642086057473012
Jarrod Bowen,West Ham,ENG-Premier League,28,ENG,"MF,FW",12628.0,38.35,0.1325,1.1675,0.313588850174216,0.2138105796642382,0.29220779220779225,0.02138105796642382,0.06414317389927146,0.0,0.6628127969591384,1.5038010769718089,0.4062401013620526,3.463731390560659,0.6913208742477035,0.705574912891986,2.323408299018055,0.8980044345898004
Jaume Costa,Mallorca,ESP-La Liga,35,ESP,"DF,MF",4281.0,43.9,0.0,1.285,0.0,0.04204625087596356,0.0,0.0,0.3573931324456902,0.0,1.4505956552207429,1.1772950245269798,0.18920812894183603,2.9222144358794675,0.8409250175192712,1.156271899088998,0.3573931324456902,0.16818500350385424
Javi Galán,Celta Vigo,ESP-La Liga,31-295,ESP,MF,8110.0,8.242857142857144,0.0,1.5257142857142856,0.0,0.08877928483353884,0.0,0.0,0.23304562268803947,0.0,1.6091245376078915,1.9420468557336623,0.18865598027127004,4.1282367447595565,0.9987669543773119,1.8310727496917387,0.344019728729963,0.03329223181257707
Javi Hernández,Leganés,ESP-La Liga,26,ESP,DF,6019.0,33.166666666666664,0.06999999999999999,1.21,0.05981059976740323,0.07476324970925403,0.05981059976740323,0.0,0.28410034889516533,0.0,1.540122944010633,0.8373483967436451,0.10466854959295564,2.9008140887190565,0.7177271972088387,0.7625851470343911,0.9420169463366008,0.29905299883701614
Javi López,Oviedo,ESP-La Liga,23,ESP,DF,6033.0,17.0,0.02,1.1533333333333333,0.014917951268025859,0.059671805072103436,0.014917951268025859,0.0,0.14917951268025859,0.014917951268025859,1.4022874191944308,1.2083540527100944,0.059671805072103436,3.3117851815017403,0.6116360019890602,0.8652411735454998,0.4475385380407757,0.07458975634012929
Javi Puado,Espanyol,ESP-La Liga,27,ESP,"MF,FW",5988.0,44.73333333333333,0.14,1.0999999999999999,0.3156312625250501,0.09018036072144288,0.22545090180360722,0.09018036072144288,0.21042084168336672,0.0,0.7364729458917836,0.9018036072144289,0.15030060120240482,1.2775551102204408,0.27054108216432865,0.45090180360721444,2.149298597194389,0.8416833667334669
Javi Rodríguez,Celta Vigo,ESP-La Liga,23-075,ESP,DF,5304.0,50.0,0.08333333333333333,1.1500000000000001,0.05090497737556562,0.05090497737556562,0.05090497737556562,0.0,0.20361990950226247,0.0,1.2047511312217194,0.9502262443438915,0.016968325791855206,0.08484162895927602,1.0690045248868778,1.0520361990950227,0.4242081447963801,0.11877828054298643
Javi Rueda,Celta Vigo,ESP-La Liga,24-125,ESP,MF,1671.0,9.1,0.06,1.0066666666666666,0.10771992818671454,0.32315978456014366,0.10771992818671454,0.0,0.37701974865350085,0.0,1.5080789946140034,1.4542190305206462,0.16157989228007183,1.992818671454219,1.2926391382405746,0.8617594254937163,0.7001795332136445,0.16157989228007183
Javi Sánchez,Valladolid,ESP-La Liga,27,ESP,DF,4418.0,33.85,0.145,0.8799999999999999,0.06111362607514713,0.0,0.06111362607514713,0.0,0.34631054775916703,0.0,1.0796740606609325,0.24445450430058852,0.0,0.10185604345857854,1.4667270258035312,0.8352195563603441,0.4074241738343142,0.14259846084200997
Javier Guerra,Valencia,ESP-La Liga,23-120,ESP,MF,8045.0,26.660000000000004,0.072,1.122,0.13424487259167187,0.11187072715972653,0.13424487259167187,0.0,0.1230577998756992,0.011187072715972654,1.2753262896208826,1.006836544437539,0.05593536357986326,1.4431323803604723,0.8390304536979492,0.9732753262896209,1.5438160348042262,0.46985705407085143
Javier Manquillo,Celta Vigo,ESP-La Liga,30,ESP,DF,1296.0,0.0,0.0,1.9433333333333334,0.0,0.06944444444444445,0.0,0.0,0.2777777777777778,0.0,1.597222222222222,0.3472222222222222,0.0,0.625,0.5555555555555556,1.3888888888888888,0.06944444444444445,0.0
Javier Muñoz,Getafe,ESP-La Liga,30,ESP,"MF,FW",5779.0,31.3,0.03,0.9866666666666667,0.046720885966430176,0.09344177193286035,0.046720885966430176,0.0,0.171309915210244,0.0,1.1835957778162312,0.685239660840976,0.0622945146219069,1.697525523446963,0.8409759473957432,0.9655649766395571,1.1835957778162312,0.32704620176501126
Jawad El Yamiq,Valladolid,ESP-La Liga,30,MAR,DF,1608.0,23.5,0.06,1.08,0.055970149253731345,0.0,0.055970149253731345,0.0,0.055970149253731345,0.055970149253731345,0.7276119402985074,0.503731343283582,0.055970149253731345,0.0,2.294776119402985,0.6156716417910448,0.9514925373134329,0.22388059701492538
Jay Idzes,Sassuolo,ITA-Serie A,26-100,IDN,DF,6368.0,6.666666666666667,0.023333333333333334,1.38,0.014133165829145729,0.0,0.014133165829145729,0.0,0.11306532663316583,0.0,1.201319095477387,0.38159547738693467,0.056532663316582916,0.11306532663316583,0.9469221105527639,0.6359924623115578,0.2826633165829146,0.04239949748743718
Jaydee Canvot,Toulouse,FRA-Ligue 1,19,FRA,"MF,DF",2892.0,8.575,0.0,1.6425,0.0,0.0,0.0,0.0,0.18672199170124482,0.0,0.9647302904564315,0.34232365145228216,0.03112033195020747,0.34232365145228216,0.8402489626556017,1.2759336099585061,0.46680497925311204,0.06224066390041494
Jayden Bogle,Leeds United,ENG-Premier League,26-045,ENG,MF,5798.0,52.199999999999996,0.3833333333333333,1.1166666666666665,0.0776129699896516,0.03104518799586064,0.0776129699896516,0.0,0.2483615039668851,0.0,1.257330113832356,0.8847878578820284,0.21731631597102447,1.7230079337702657,0.9934460158675404,1.2728527078302863,0.7916522938944464,0.2483615039668851
Jean Mattéo Bahoya,Frankfurt,Unknown,20,FRA,"MF,FW",2699.0,15.25,0.07500000000000001,0.925,0.16672841793256762,0.2334197851055947,0.16672841793256762,0.0,0.16672841793256762,0.0,0.8669877732493516,1.2337902927010003,0.20007410151908114,2.36754353464246,0.5335309373842164,1.2337902927010003,1.4338643942200815,0.4001482030381623
Jean Onana,Genoa,ITA-Serie A,25,CMR,MF,1725.0,18.75,0.0325,1.94,0.05217391304347826,0.0,0.05217391304347826,0.0,0.2608695652173913,0.0,1.982608695652174,1.0434782608695652,0.10434782608695652,0.3652173913043478,1.7217391304347824,2.0347826086956524,0.9391304347826088,0.3130434782608696
Jean-Charles Castelletto,Nantes,FRA-Ligue 1,29,CMR,"DF,MF",7652.0,42.199999999999996,0.06666666666666667,1.0233333333333334,0.023523261892315732,0.0,0.023523261892315732,0.0,0.15290120230005227,0.011761630946157866,1.1173549398849973,0.5763199163617355,0.023523261892315732,0.49398849973863046,1.3055410350235233,0.8938839519079979,0.4351803450078411,0.17642446419236799
Jean-Clair Todibo,Nice,FRA-Ligue 1,23,FRA,DF,9160.0,9.025,0.0,1.375,0.0,0.02947598253275109,0.0,0.0,0.13755458515283842,0.039301310043668124,0.6975982532751092,0.41266375545851525,0.019650655021834062,0.21615720524017468,1.0906113537117903,1.25764192139738,0.27510917030567683,0.039301310043668124
Jean-Daniel Akpa-Akpro,Hellas Verona,ITA-Serie A,32,CIV,MF,4531.0,39.85,0.037500000000000006,0.915,0.03972632972853675,0.019863164864268375,0.03972632972853675,0.0,0.5363054513352461,0.03972632972853675,2.165084970205253,1.112337232399029,0.0,0.7150739351136615,1.0924740675347606,2.0657691458839107,0.7548002648421982,0.27808430809975726
Jean-Eudes Aholou,Angers,FRA-Ligue 1,30,CIV,MF,3259.0,31.15,0.10500000000000001,1.0750000000000002,0.13807916538815587,0.027615833077631175,0.13807916538815587,0.0,0.3037741638539429,0.027615833077631175,2.430193310831543,1.3255599877262965,0.05523166615526235,0.19331083154341822,1.5188708192697147,1.5464866523473457,1.3531758208039277,0.41423749616446764
Jean-Kevin Duverne,Nantes,FRA-Ligue 1,27,HAI,DF,4400.0,15.0,0.0,1.22,0.0,0.0,0.0,0.0,0.1840909090909091,0.0,1.656818181818182,0.8590909090909091,0.08181818181818182,2.168181818181818,1.084090909090909,1.4931818181818182,0.26590909090909093,0.04090909090909091
Jean-Luc Dompé,Hamburger SV,Unknown,29,FRA,"FW,MF",1138.0,48.0,0.12,1.05,0.23725834797891038,0.0,0.15817223198594024,0.07908611599297012,0.0,0.0,0.15817223198594024,0.7117750439367311,0.3163444639718805,6.48506151142355,0.0,0.39543057996485065,1.9771528998242531,0.9490333919156415
Jean-Paul Boëtius,Hertha BSC,Unknown,28,SUR,MF,1050.0,60.0,0.0,1.05,0.0,0.0,0.0,0.0,0.2571428571428571,0.0,1.2000000000000002,2.2285714285714286,0.0,0.4285714285714286,1.0285714285714285,1.457142857142857,0.4285714285714286,0.2571428571428571
Jean-Philippe Gbamin,Metz,FRA-Ligue 1,29,CIV,"DF,MF",2701.0,25.0,0.035,0.7050000000000001,0.03332099222510181,0.03332099222510181,0.03332099222510181,0.0,0.09996297667530545,0.03332099222510181,0.9329877823028508,0.4664938911514254,0.0,0.16660496112550907,0.9329877823028508,0.9329877823028508,0.533135875601629,0.2332469455757127
Jean-Philippe Krasso,Paris FC,FRA-Ligue 1,28,CIV,FW,1092.0,37.0,0.07,1.12,0.16483516483516483,0.16483516483516483,0.08241758241758242,0.08241758241758242,0.0,0.0,1.6483516483516485,1.565934065934066,0.8241758241758242,0.32967032967032966,0.08241758241758242,0.6593406593406593,2.2252747252747254,0.8241758241758242
Jean-Philippe Mateta,Crystal Palace,ENG-Premier League,29-074,FRA,FW,7980.0,38.04,0.162,0.9540000000000001,0.4962406015037594,0.07894736842105263,0.406015037593985,0.09022556390977443,0.11278195488721804,0.0,1.1390977443609023,0.8796992481203008,0.800751879699248,0.6766917293233082,0.16917293233082706,0.3721804511278195,2.345864661654135,1.150375939849624
Jean-Ricner Bellegarde,Strasbourg,FRA-Ligue 1,25,HAI,"MF,FW",6571.0,36.7,0.144,1.17,0.12326890884188099,0.23284127225688633,0.12326890884188099,0.0,0.20544818140313498,0.013696545426875664,1.3696545426875666,2.629736721960128,0.05478618170750266,3.1502054481814032,0.6848272713437833,1.027240907015675,1.3833510881144424,0.45198599908689696
Jean-Victor Makengo,Udinese,ITA-Serie A,24,FRA,MF,4400.0,31.18,0.06000000000000001,1.204,0.10227272727272727,0.06136363636363637,0.10227272727272727,0.0,0.12272727272727274,0.020454545454545454,1.0227272727272727,1.8409090909090908,0.0,0.6545454545454545,0.8386363636363636,0.9204545454545454,1.2477272727272728,0.40909090909090906
Jeanuël Belocian,Wolfsburg,Unknown,20,FRA,DF,3604.0,0.0,0.0,1.5683333333333334,0.0,0.049944506104328525,0.0,0.0,0.12486126526082131,0.0,1.0738068812430632,0.8240843507214206,0.0,0.5993340732519422,0.8990011098779135,1.248612652608213,0.22475027746947837,0.0
Jeff Ekhator,Genoa,ITA-Serie A,18,ITA,"FW,MF",1725.0,27.5,0.125,1.0350000000000001,0.20869565217391303,0.05217391304347826,0.20869565217391303,0.0,0.20869565217391303,0.0,1.826086956521739,1.6695652173913043,0.6782608695652174,0.991304347826087,0.20869565217391303,0.6260869565217392,1.565217391304348,0.41739130434782606
Jefferson Lerma,Crystal Palace,ENG-Premier League,30,COL,"MF,DF",9659.0,32.099999999999994,0.0425,1.1825,0.05590640853090382,0.03727093902060254,0.05590640853090382,0.0,0.2888497774096697,0.0,1.3044828657210892,1.127445905373227,0.05590640853090382,0.4752044725126825,1.3697070090071437,0.8572315974738585,1.0622217620871726,0.3354384511854229
Jeffrey Gouweleeuw,Augsburg,Unknown,35-062,NED,DF,9188.0,26.82,0.02,1.546,0.0195907705703091,0.0587723117109273,0.0195907705703091,0.0,0.303656943839791,0.0,0.891380060949064,0.32324771441010014,0.08815846756639095,0.45058772311710926,1.3419677840661732,0.9011754462342185,0.5975185023944275,0.1567261645624728
Jeffrey Schlupp,Crystal Palace,ENG-Premier League,31,GHA,"DF,FW",3986.0,46.666666666666664,0.07333333333333333,1.09,0.11289513296537883,0.0677370797792273,0.11289513296537883,0.0,0.1806322127446061,0.0,1.7160060210737582,1.0837932764676368,0.0,0.6999498243853487,0.6773707977922729,1.5127947817360763,1.1515303562468642,0.4967385850476668
Jeison Murillo,Sampdoria,ITA-Serie A,30,COL,DF,1057.0,33.3,0.0,0.6,0.0,0.0,0.0,0.0,0.510879848628193,0.08514664143803216,1.5326395458845792,1.6177861873226111,0.0,0.08514664143803216,0.8514664143803217,0.8514664143803217,0.2554399243140965,0.08514664143803216
Jens Cajuste,Napoli,ITA-Serie A,23,SWE,MF,4510.0,13.25,0.0475,1.185,0.07982261640798226,0.07982261640798226,0.07982261640798226,0.0,0.3392461197339246,0.019955654101995565,1.7161862527716187,1.237250554323725,0.019955654101995565,0.4789356984478936,0.9778270509977827,1.4368070953436807,1.0975609756097562,0.21951219512195122
Jens Castrop,Gladbach,Unknown,22,KOR,MF,1584.0,40.0,0.1,1.0,0.17045454545454547,0.05681818181818182,0.17045454545454547,0.0,0.11363636363636365,0.11363636363636365,1.7613636363636365,1.4772727272727275,0.17045454545454547,1.1931818181818181,0.9659090909090908,1.534090909090909,1.7045454545454546,0.6818181818181819
Jens Odgaard,Bologna,ITA-Serie A,27-163,DEN,MF,3955.0,29.225,0.11,1.44,0.29582806573957016,0.045512010113780026,0.29582806573957016,0.0,0.09102402022756005,0.0,2.0025284450063214,2.0252844500632112,0.3640960809102402,1.0695322376738308,0.3640960809102402,0.6599241466498104,2.2983565107458914,0.8647281921618205
Jens Stage,Werder Bremen,Unknown,28,DEN,MF,8846.0,33.975,0.1625,1.2075,0.26452633958851457,0.11191498982591001,0.26452633958851457,0.0,0.25435224960434094,0.010174089984173637,1.5566357675785665,1.2005426181324892,0.09156680985756274,0.6206194890345919,0.7732308387971965,1.068279448338232,1.6176803074836086,0.5494008591453764
Jeong Woo-yeong,Union Berlin,Unknown,26-355,KOR,"FW,MF",3804.0,47.12,0.098,1.3679999999999999,0.23659305993690852,0.16561514195583596,0.23659305993690852,0.0,0.11829652996845426,0.0,1.088328075709779,1.2302839116719242,0.26025236593059936,2.058359621451104,0.7097791798107255,0.6151419558359621,1.8690851735015772,0.638801261829653
Jerdy Schouten,Bologna,ITA-Serie A,25,NED,MF,2509.0,25.0,0.0,1.27,0.0,0.07174172977281786,0.0,0.0,0.10761259465922678,0.0,0.8967716221602232,1.0761259465922677,0.07174172977281786,0.10761259465922678,1.470705460342766,1.3630928656835393,0.2869669190912714,0.07174172977281786
Jere Uronen,Schalke 04,Unknown,28,FIN,DF,976.0,0.0,0.0,0.6749999999999999,0.0,0.09221311475409837,0.0,0.0,0.18442622950819673,0.0,0.7377049180327869,1.8442622950819672,0.0,3.9651639344262297,1.290983606557377,1.4754098360655739,0.4610655737704918,0.0
Jeremie Boga,Juventus,ITA-Serie A,29-250,CIV,MF,5264.0,52.28333333333333,0.105,1.695,0.25645896656534956,0.25645896656534956,0.25645896656534956,0.0,0.03419452887537994,0.0,0.2906534954407295,1.2993920972644377,0.2735562310030395,3.6588145896656536,0.2906534954407295,0.41033434650455924,2.0687689969604866,0.9745440729483282
Jeremie Frimpong,Leverkusen,Unknown,23,NED,MF,8473.0,31.060000000000002,0.10400000000000001,1.7239999999999998,0.23368346512451316,0.2124395137495574,0.23368346512451316,0.0,0.16995161099964595,0.0,0.7754042251858846,1.540186474684291,0.3611471733742476,3.5689838309925643,0.41425705181163697,0.8178921279357961,1.465832644871946,0.6160745898737164
Jeremy Doku,Rennes,FRA-Ligue 1,21,BEL,FW,6297.0,43.260000000000005,0.136,1.954,0.2572653644592663,0.3001429252024774,0.2572653644592663,0.0,0.05717008099094807,0.0,0.9575988565983802,2.372558361124345,0.1715102429728442,2.9585516912815626,0.4001905669366365,1.1291090995712243,2.229633158646975,0.8432586946164841
Jeremy Toljan,Sassuolo,ITA-Serie A,28,GER,DF,8006.0,9.025,0.0275,1.0975,0.011241568823382463,0.11241568823382464,0.011241568823382463,0.0,0.14614039470397203,0.0,0.607044716462653,0.44966275293529856,0.022483137646764927,1.821134149387959,0.7082188358730952,0.8206345241069197,0.29228078940794405,0.04496627529352985
Jesper Karlsson,Lecce,ITA-Serie A,26,SWE,"MF,FW",1137.0,50.0,0.09000000000000001,1.2133333333333334,0.158311345646438,0.0,0.079155672823219,0.079155672823219,0.23746701846965698,0.0,1.108179419525066,0.395778364116095,0.158311345646438,4.432717678100264,0.23746701846965698,0.395778364116095,1.7414248021108178,0.8707124010554089
Jesper Karlström,Udinese,ITA-Serie A,31-081,SWE,MF,6602.0,43.46666666666667,0.35000000000000003,1.24,0.02726446531354135,0.04089669797031203,0.02726446531354135,0.0,0.2181157225083308,0.0,1.1860042411390488,0.7634050287791578,0.02726446531354135,0.4771281429869736,0.9951529839442593,0.9815207512874886,0.463495910330203,0.08179339594062406
Jesper Lindstrøm,Wolfsburg,Unknown,25,DEN,MF,3810.0,29.560000000000002,0.032,1.476,0.1653543307086614,0.07086614173228346,0.1653543307086614,0.0,0.1889763779527559,0.0,1.204724409448819,0.8740157480314961,0.14173228346456693,3.236220472440945,0.5669291338582677,1.110236220472441,2.2913385826771653,0.8503937007874016
Jesse Lingard,Nottingham,ENG-Premier League,29,ENG,"MF,FW",923.0,20.0,0.0,0.71,0.0,0.0,0.0,0.0,0.09750812567713976,0.0,0.7800650054171181,0.8775731310942578,0.19501625135427952,0.39003250270855905,0.39003250270855905,0.4875406283856988,0.9750812567713976,0.19501625135427952
Jessic Ngankam,Frankfurt,Unknown,25,GER,FW,1352.0,27.925,0.0525,1.03,0.2662721893491124,0.0,0.1997041420118343,0.0665680473372781,0.4659763313609468,0.0665680473372781,2.7292899408284024,1.6642011834319528,0.2662721893491124,0.2662721893491124,0.3994082840236686,0.9319526627218936,2.2633136094674557,0.9319526627218936
Jessy Deminguet,Metz,FRA-Ligue 1,27,FRA,MF,2685.0,37.25,0.06,0.925,0.0670391061452514,0.0,0.0670391061452514,0.0,0.16759776536312848,0.0,1.4748603351955307,1.3743016759776536,0.0335195530726257,0.9385474860335195,1.005586592178771,0.9720670391061453,0.6703910614525139,0.2681564245810056
Jesus Rodríguez,Como,ITA-Serie A,20-293,ESP,MF,2912.0,20.5,0.043333333333333335,1.5366666666666664,0.12362637362637363,0.27815934065934067,0.12362637362637363,0.0,0.09271978021978022,0.030906593406593408,1.2980769230769231,2.1634615384615388,0.15453296703296704,2.4107142857142856,0.3708791208791209,0.9271978021978022,2.1634615384615388,0.6181318681318682
Jesus Vazquez,Valencia,ESP-La Liga,23-251,ESP,DF,3242.0,18.06,0.028000000000000004,0.9960000000000001,0.027760641579272057,0.0,0.027760641579272057,0.0,0.19432449105490437,0.0,1.4157927205428749,1.0826650215916103,0.11104256631708823,2.3041332510795804,0.5829734731647132,1.4435533621221468,0.7772979642196175,0.16656384947563233
Jesús Areso,Athletic Club,ESP-La Liga,27-070,ESP,DF,7477.0,5.55,0.0275,1.445,0.012036913200481475,0.12036913200481476,0.012036913200481475,0.0,0.18055369800722212,0.0,0.9870268824394811,0.6018456600240738,0.14444295840577773,4.537916276581517,0.6138825732245553,1.0472114484418886,0.252775177210111,0.02407382640096295
Jesús Navas,Sevilla,ESP-La Liga,38,ESP,"MF,FW",4408.0,42.86666666666667,0.11,1.36,0.02041742286751361,0.04083484573502722,0.02041742286751361,0.0,0.22459165154264973,0.02041742286751361,0.40834845735027225,0.9800362976406534,0.20417422867513613,6.288566243194193,0.9392014519056262,0.8371143375680581,0.3879310344827586,0.14292196007259528
Jhoanner Chávez,Lens,FRA-Ligue 1,22,ECU,MF,1077.0,30.0,0.1,1.525,0.08356545961002786,0.0,0.08356545961002786,0.0,0.1671309192200557,0.0,1.671309192200557,1.0027855153203342,0.41782729805013924,3.6768802228412256,0.9192200557103064,0.8356545961002785,0.6685236768802229,0.25069637883008355
Jhon Arias,Wolves,ENG-Premier League,27,COL,"FW,MF",1124.0,18.8,0.06,0.35,0.08007117437722419,0.0,0.08007117437722419,0.0,0.08007117437722419,0.0,2.0818505338078293,0.7206405693950179,0.2402135231316726,2.402135231316726,0.5604982206405694,2.1619217081850532,1.281138790035587,0.2402135231316726
Jhon Lucumí,Juventus,ITA-Serie A,28-076,COL,DF,10182.0,17.18,0.026000000000000002,1.6620000000000001,0.00883912787271656,0.01767825574543312,0.00883912787271656,0.0,0.20329994107248084,0.00883912787271656,0.7513258691809075,0.6275780789628757,0.01767825574543312,0.06187389510901591,0.9281084266352387,1.060695344725987,0.38892162639952854,0.07955215085444903
Jhon Solis,Girona,ESP-La Liga,20,COL,MF,1299.0,41.666666666666664,0.08333333333333333,1.1233333333333333,0.06928406466512702,0.0,0.06928406466512702,0.0,0.20785219399538105,0.0,1.4549653579676676,1.2471131639722863,0.0,0.20785219399538105,1.1778290993071594,1.2471131639722863,1.1085450346420322,0.4157043879907621
Jim Allevinah,Angers,FRA-Ligue 1,31-195,GAB,MF,6201.0,25.0,0.062,1.1800000000000002,0.07256894049346879,0.07256894049346879,0.07256894049346879,0.0,0.08708272859216255,0.0,0.8127721335268505,1.6545718432510887,0.18867924528301888,2.235123367198839,0.6821480406386067,0.899854862119013,1.625544267053701,0.4499274310595065
Joachim Andersen,Fulham,ENG-Premier League,30-102,DEN,DF,11925.0,38.38333333333333,0.025000000000000005,0.9016666666666667,0.022641509433962263,0.03018867924528302,0.022641509433962263,0.0,0.22641509433962262,0.01509433962264151,0.9283018867924528,0.5584905660377358,0.022641509433962263,0.5283018867924528,1.0415094339622641,0.7622641509433963,0.5962264150943396,0.2037735849056604
Joakim Mæhle,Wolfsburg,Unknown,28,DEN,"MF,DF",8071.0,28.35,0.115,1.205,0.10035931111386445,0.13381241481848594,0.10035931111386445,0.0,0.18956758765952172,0.011151034568207163,0.5798537975467724,0.6133069012513939,0.0892082765456573,1.5834469086854168,1.092801387684302,1.0816503531160948,0.8697806963201586,0.24532276050055757
Joan Gonzàlez,Lecce,ITA-Serie A,21,ESP,MF,3488.0,31.0,0.07,0.915,0.051605504587155966,0.10321100917431193,0.051605504587155966,0.0,0.36123853211009177,0.0,1.3159403669724772,2.012614678899083,0.07740825688073395,0.9288990825688074,0.5676605504587157,1.2127293577981653,0.7740825688073395,0.23222477064220184
Joan Jordán,Sevilla,ESP-La Liga,31,ESP,MF,3411.0,21.725,0.0725,1.3075,0.13192612137203166,0.079155672823219,0.052770448548812667,0.079155672823219,0.36939313984168864,0.026385224274406333,1.7414248021108178,0.633245382585752,0.026385224274406333,3.113456464379947,0.7651715039577835,1.108179419525066,0.9498680738786279,0.316622691292876
Joaquín Correa,Inter,ITA-Serie A,29,ARG,"FW,MF",2111.0,43.1,0.09333333333333334,1.5433333333333332,0.21316911416390338,0.12790146849834202,0.21316911416390338,0.0,0.25580293699668405,0.0,1.1084793936522974,1.577451444812885,0.1705352913311227,0.4689720511605874,0.1705352913311227,0.7674088109900521,1.705352913311227,0.6821411653244908
Joaquín Fernández,Valladolid,ESP-La Liga,26,ESP,DF,2156.0,10.0,0.1,1.26,0.041743970315398886,0.0,0.041743970315398886,0.0,0.16697588126159554,0.0,0.6679035250463822,0.4591836734693877,0.12523191094619665,0.041743970315398886,1.168831168831169,1.168831168831169,0.4174397031539889,0.041743970315398886
Joaquín Martínez Gauna,Strasbourg,FRA-Ligue 1,23-063,ESP,DF,1652.0,24.03333333333333,0.12333333333333334,2.35,0.16343825665859565,0.2179176755447942,0.16343825665859565,0.0,0.05447941888619855,0.0,0.7082324455205812,1.0351089588377724,0.2179176755447942,5.338983050847458,0.7082324455205812,1.3075060532687652,1.1440677966101696,0.4903147699757869
Joaquín Panichelli,Strasbourg,FRA-Ligue 1,22,ARG,FW,2419.0,37.8,0.14,1.24,0.5952873088052915,0.037205456800330716,0.4092600248036379,0.18602728400165355,0.11161637040099215,0.0,1.8974782968168664,1.7858619264158744,0.5580818520049607,0.0,0.52087639520463,0.4836709384042993,2.4927656056221577,1.2277800744109137
Jobe Bellingham,Dortmund,Unknown,20-352,ENG,MF,1966.0,15.8,0.0,2.58,0.0,0.04577822990844354,0.0,0.0,0.09155645981688708,0.04577822990844354,0.7782299084435402,1.007121057985758,0.0,0.3662258392675483,2.105798575788403,1.2360122075279756,0.9155645981688708,0.2746693794506612
Joe Aribo,Southampton,ENG-Premier League,28,NGA,MF,3237.0,49.150000000000006,0.16,0.45499999999999996,0.13901760889712697,0.0,0.13901760889712697,0.0,0.08341056533827618,0.0,0.8341056533827618,1.1121408711770158,0.027803521779425393,0.5004633920296571,0.8341056533827618,1.473586654309546,0.8619091751621872,0.4170528266913809
Joe Gomez,Liverpool,ENG-Premier League,28,ENG,DF,4378.0,32.625,0.0,2.0175,0.0,0.06167199634536318,0.0,0.0,0.26724531749657376,0.0,1.1717679305619004,0.47281863864778434,0.02055733211512106,1.2334399269072636,1.1512105984467793,1.397898583828232,0.6783919597989949,0.1439013248058474
Joe Rodon,Rennes,FRA-Ligue 1,24,WAL,DF,4491.0,22.5,0.08333333333333333,1.6300000000000001,0.06012024048096193,0.0,0.06012024048096193,0.0,0.1002004008016032,0.02004008016032064,0.6212424849699398,0.781563126252505,0.02004008016032064,0.16032064128256512,0.8216432865731462,0.5410821643286573,0.5210420841683367,0.18036072144288576
Joe Rothwell,Bournemouth,ENG-Premier League,28,ENG,MF,1402.0,33.35,0.0,1.1400000000000001,0.0,0.06419400855920114,0.0,0.0,0.06419400855920114,0.0,1.3480741797432239,0.3209700427960057,0.0,2.5677603423680457,0.6419400855920114,1.0912981455064195,0.3209700427960057,0.12838801711840228
Joe Scally,Gladbach,Unknown,23-253,USA,DF,9721.0,30.52,0.144,0.99,0.03703322703425574,0.06480814730994754,0.03703322703425574,0.0,0.18516613517127867,0.0,0.7869560744779344,1.814628124678531,0.0833247608270754,1.7220450570928916,0.5740150190309639,0.9906388231663409,0.38884888385968525,0.12961629461989507
Joe Willock,Newcastle,ENG-Premier League,27-021,ENG,MF,5213.0,31.02,0.072,1.65,0.08632265490120851,0.17264530980241702,0.08632265490120851,0.0,0.13811624784193363,0.0,1.3984270093995779,0.8977556109725685,0.18990984078265874,1.5883368501822368,0.7251103011701516,1.2430462305774026,1.8300402839056205,0.5352004603874928
Joe Worrall,Burnley,ENG-Premier League,28,ENG,DF,3163.0,9.533333333333333,0.04666666666666667,1.1633333333333333,0.028453999367688904,0.0,0.028453999367688904,0.0,0.1707239962061334,0.028453999367688904,0.9389819791337338,0.19917799557382235,0.0,0.11381599747075562,0.9958899778691116,0.9389819791337338,0.28453999367688904,0.05690799873537781
Joel Asoro,Metz,FRA-Ligue 1,26,SWE,FW,1075.0,37.5,0.165,0.74,0.16744186046511628,0.08372093023255814,0.16744186046511628,0.0,0.16744186046511628,0.0,1.6744186046511627,1.9255813953488372,0.5023255813953489,1.6744186046511627,0.5023255813953489,0.6697674418604651,0.8372093023255813,0.33488372093023255
Joel Fujita,St Pauli,Unknown,23,JPN,MF,2665.0,21.9,0.03,0.69,0.03377110694183865,0.10131332082551595,0.03377110694183865,0.0,0.2026266416510319,0.0,1.2495309568480302,0.6416510318949343,0.10131332082551595,0.9455909943714822,1.148217636022514,1.2157598499061915,1.0806754221388368,0.23639774859287055
Joel Pohjanpalo,Leverkusen,Unknown,27,FIN,FW,1607.0,22.35,0.08,0.375,0.33602986932171747,0.0,0.16801493466085873,0.16801493466085873,0.056004978220286245,0.0,0.6720597386434349,0.8400746733042936,0.5600497822028625,0.16801493466085873,0.22401991288114498,0.16801493466085873,2.1281891723708775,0.9520846297448662
Joel Roca,Girona,ESP-La Liga,20,ESP,"MF,FW",1557.0,50.0,0.03,0.63,0.17341040462427745,0.057803468208092484,0.17341040462427745,0.0,0.2890173410404624,0.057803468208092484,0.8670520231213872,2.7167630057803467,0.23121387283236994,1.9075144508670518,0.11560693641618497,0.7514450867052024,2.947976878612717,1.0404624277456647
Joel Ward,Crystal Palace,ENG-Premier League,34,ENG,DF,4307.0,9.533333333333333,0.04666666666666667,1.8499999999999999,0.020896215463199443,0.020896215463199443,0.020896215463199443,0.0,0.22985837009519386,0.0,1.1492918504759695,0.3552356628743905,0.0,1.2119804968655676,0.7313675412119804,1.3164615741815648,0.3552356628743905,0.04179243092639889
Joelinton,Newcastle,ENG-Premier League,28,BRA,MF,8284.0,38.025,0.095,1.635,0.1521004345726702,0.06518590053114437,0.1521004345726702,0.0,0.41284403669724773,0.0,2.1402704007725735,1.2711250603573152,0.09777885079671655,0.48889425398358277,1.2276677933365523,1.444954128440367,1.597054563013037,0.5866731047802994
Jofre,Espanyol,ESP-La Liga,25-085,ESP,MF,3116.0,19.3,0.04,1.0633333333333335,0.11553273427471115,0.08664955070603338,0.11553273427471115,0.0,0.17329910141206675,0.0,1.1842105263157894,2.512836970474968,0.14441591784338897,2.628369704749679,0.5776636713735559,0.6354300385109114,1.8774069319640565,0.5198973042362003
Johan Gastien,Clermont Foot,FRA-Ligue 1,35,FRA,MF,4863.0,46.45,0.105,1.26,0.07402837754472548,0.05552128315854411,0.07402837754472548,0.0,0.2590993214065392,0.0,0.9253547193090685,1.1289327575570636,0.01850709438618137,1.9802590993214066,1.35101789019124,1.0919185687847008,0.5552128315854411,0.2590993214065392
Johan Manzambi,Freiburg,Unknown,19,SUI,MF,2412.0,26.4,0.14,1.685,0.26119402985074625,0.1865671641791045,0.26119402985074625,0.0,0.22388059701492538,0.0746268656716418,1.082089552238806,3.171641791044776,0.0746268656716418,1.492537313432836,1.1567164179104479,0.6343283582089553,2.3134328358208958,0.5970149253731344
Johan Mojica,Getafe,ESP-La Liga,34-020,COL,"DF,MF",8702.0,14.216666666666667,0.01,1.11,0.010342450011491611,0.0930820501034245,0.010342450011491611,0.0,0.16547920018386578,0.010342450011491611,0.8170535509078372,1.0239025511376696,0.020684900022983222,4.850609055389566,0.879108250976787,0.9101356010112618,0.5895196506550218,0.07239715008044127
Johan Vásquez,Genoa,ITA-Serie A,27-323,MEX,DF,11172.0,18.66,0.046,0.8540000000000001,0.048335123523093444,0.008055853920515575,0.048335123523093444,0.0,0.19334049409237378,0.0,0.91031149301826,1.1117078410311492,0.048335123523093444,0.5316863587540279,1.5306122448979593,1.0392051557465092,0.8619763694951664,0.20945220193340494
Johann Lepenant,Nantes,FRA-Ligue 1,22,FRA,MF,6407.0,28.025,0.037500000000000006,0.9725,0.04214140783518027,0.056188543780240366,0.04214140783518027,0.0,0.16856563134072108,0.0,1.699703449352271,1.5873263617917903,0.014047135945060091,1.418760730451069,0.9973466520992665,1.6716091774621509,0.9130638364289059,0.21070703917590133
Johannes Eggestein,St Pauli,Unknown,26,GER,FW,1853.0,36.1,0.08,1.0,0.1457096600107933,0.19427954668105774,0.09713977334052887,0.048569886670264434,0.1457096600107933,0.0,0.5828386400431732,0.5828386400431732,0.6799784133837021,1.6999460334592553,0.0,0.19427954668105774,1.7485159201295195,0.6314085267134376
John Brooks,Hoffenheim,Unknown,30,USA,DF,2889.0,18.2,0.09,1.4449999999999998,0.06230529595015577,0.0,0.06230529595015577,0.0,0.3115264797507788,0.031152647975077885,1.1526479750778817,0.8411214953271028,0.09345794392523364,0.09345794392523364,1.1526479750778817,0.8722741433021807,0.5607476635514018,0.12461059190031154
John Donald,Elche,ESP-La Liga,24,ESP,"DF,MF",1757.0,16.65,0.085,1.05,0.051223676721684694,0.0,0.051223676721684694,0.0,0.30734206033010814,0.051223676721684694,2.0489470688673874,0.7171314741035857,0.0,0.0,1.1269208878770631,1.1781445645987478,0.40978941377347755,0.10244735344336939
John McGinn,Aston Villa,ENG-Premier League,31-327,SCO,MF,10313.0,25.04,0.076,1.482,0.11344904489479299,0.13090274410937652,0.11344904489479299,0.0,0.26180548821875305,0.008726849607291767,1.3875690875593911,2.2515271986812757,0.043634248036458836,2.443517890041695,0.602152622903132,0.9686803064093863,1.2653931930573061,0.3839813827208378
John Stones,Inter,ITA-Serie A,32-105,ENG,DF,3936.0,35.46,0.286,2.268,0.11432926829268292,0.04573170731707318,0.11432926829268292,0.0,0.11432926829268292,0.0,0.38871951219512196,0.3658536585365854,0.02286585365853659,0.3658536585365854,0.5716463414634146,0.45731707317073167,0.4115853658536585,0.1600609756097561
John Yeboah,Venezia,ITA-Serie A,26-079,ECU,FW,1440.0,38.849999999999994,0.07,0.41,0.125,0.0625,0.125,0.0,0.375,0.0,1.0,1.5,0.25,1.75,0.25,0.4375,2.4375,0.875
Johnny Cardoso,Atlético Madrid,ESP-La Liga,24-355,USA,MF,4380.0,15.45,0.060000000000000005,1.5275,0.0821917808219178,0.06164383561643836,0.0821917808219178,0.0,0.24657534246575344,0.0,1.7054794520547945,1.2534246575342467,0.0,0.18493150684931506,2.0136986301369864,1.7054794520547945,0.678082191780822,0.2054794520547945
Jon Aramburu,Real Sociedad,ESP-La Liga,24-049,VEN,DF,6192.0,25.275,0.035,1.31,0.029069767441860465,0.014534883720930232,0.029069767441860465,0.0,0.3633720930232558,0.0,2.2093023255813953,1.482558139534884,0.0872093023255814,1.5843023255813955,1.3662790697674418,2.325581395348837,0.5813953488372092,0.1453488372093023
Jon Gorrotxategi,Real Sociedad,ESP-La Liga,24-220,ESP,MF,2262.0,3.85,0.04,1.7650000000000001,0.03978779840848806,0.11936339522546419,0.03978779840848806,0.0,0.27851458885941643,0.0,1.3129973474801062,1.0742705570291777,0.0,0.23872679045092837,1.23342175066313,1.1538461538461537,0.5172413793103449,0.03978779840848806
Jon Guridi,Sevilla,ESP-La Liga,31-194,ESP,MF,6246.0,49.725,0.135,1.3225,0.10086455331412104,0.07204610951008646,0.07204610951008646,0.02881844380403458,0.1585014409221902,0.0,1.1095100864553313,0.7636887608069164,0.12968299711815562,0.792507204610951,0.6195965417867435,0.9798270893371758,1.1239193083573487,0.3890489913544669
Jon Martin,Real Sociedad,ESP-La Liga,20-140,ESP,DF,3544.0,26.375,0.0325,1.5725,0.05079006772009029,0.025395033860045144,0.05079006772009029,0.0,0.20316027088036115,0.025395033860045144,1.0919864559819412,0.38092550790067725,0.025395033860045144,0.0,1.0919864559819412,0.7872460496613995,0.6602708803611739,0.20316027088036115
Jon Moncayola,Osasuna,ESP-La Liga,28-120,ESP,MF,9678.0,34.18,0.018,1.346,0.018598884066955982,0.0929944203347799,0.018598884066955982,0.0,0.23248605083694976,0.009299442033477991,1.2740235585864848,0.43707377557346555,0.02789832610043397,3.896466212027278,0.7160570365778053,1.2089274643521388,0.9113453192808431,0.26968381897086174
Jon Pacheco,Real Sociedad,ESP-La Liga,25-245,ESP,DF,5329.0,15.0,0.034,1.798,0.01688872208669544,0.03377744417339088,0.01688872208669544,0.0,0.3039969975605179,0.01688872208669544,1.3342090448489399,0.3884406079939951,0.05066616626008632,0.0844436104334772,0.7093263276412085,0.9119909926815538,0.23644210921373615,0.06755488834678176
Jonas Föhrenbach,Heidenheim,Unknown,29,GER,"DF,MF",6945.0,9.733333333333333,0.05666666666666667,0.9700000000000001,0.012958963282937363,0.025917926565874726,0.012958963282937363,0.0,0.1036717062634989,0.0,0.5701943844492441,0.4924406047516199,0.05183585313174945,2.6954643628509722,1.036717062634989,0.9719222462203023,0.33693304535637153,0.025917926565874726
Jonas Hector,Köln,Unknown,32,GER,DF,2824.0,20.0,0.0,1.28,0.0,0.06373937677053824,0.0,0.0,0.09560906515580737,0.0,0.7330028328611898,2.4539660056657224,0.03186968838526912,3.5694050991501416,1.1154390934844194,2.135269121813031,0.796742209631728,0.15934844192634562
Jonas Hofmann,Leverkusen,Unknown,34-058,GER,MF,6279.0,56.2,0.132,1.4979999999999998,0.3010033444816054,0.272336359292881,0.3010033444816054,0.0,0.12900143334925945,0.0,0.5160057333970378,1.089345437171524,0.544672718585762,5.332059245102723,0.34400382226469184,0.5876731963688485,1.978021978021978,0.8886765408504539
Jonas Martin,Brest,FRA-Ligue 1,34,FRA,MF,1981.0,21.099999999999998,0.11,1.71,0.04543160020191822,0.04543160020191822,0.04543160020191822,0.0,0.408884401817264,0.0,1.9535588086824835,1.226653205451792,0.04543160020191822,0.6360424028268551,1.0903584048460373,1.7718324078748107,0.6360424028268551,0.18172640080767288
Jonas Wind,Wolfsburg,Unknown,26,DEN,FW,6389.0,45.1,0.17250000000000001,1.0675000000000001,0.380341211457192,0.14086711535451557,0.36625449992174053,0.014086711535451556,0.0986069807481609,0.0,0.8874628267334481,1.7044920957896383,0.21130067303177336,0.23947409610267648,0.14086711535451557,0.32399436531538583,2.1411801533886368,0.9015495382688996
Jonathan Bamba,Lille,FRA-Ligue 1,26,CIV,MF,5575.0,42.0,0.05000000000000001,1.25,0.14529147982062782,0.16143497757847533,0.14529147982062782,0.0,0.11300448430493273,0.0,0.9201793721973095,2.2600896860986546,0.37130044843049326,2.48609865470852,0.6457399103139013,0.5004484304932736,2.0179372197309418,0.8233183856502243
Jonathan Burkardt,Frankfurt,Unknown,26-061,GER,FW,5671.0,37.54,0.20400000000000001,1.1640000000000001,0.6506788926115323,0.11109151825074942,0.539587374360783,0.11109151825074942,0.07935108446482102,0.0,0.9680832304708163,1.39657908658085,0.31740433785928407,1.2220067007582436,0.11109151825074942,0.33327455475224826,2.856639040733557,1.2061364838652795
Jonathan Clauss,Nice,FRA-Ligue 1,33-350,FRA,MF,9736.0,26.339999999999996,0.062,1.298,0.08319638455217748,0.24958915365653245,0.08319638455217748,0.0,0.09244042728019722,0.00924404272801972,0.8042317173377156,0.5361544782251437,0.06470829909613805,6.6094905505341,1.516023007395234,1.1462612982744453,1.257189811010682,0.33278553820870993
Jonathan David,Juventus,ITA-Serie A,26-239,CAN,FW,10186.0,39.839999999999996,0.16799999999999998,2.0420000000000003,0.5743176909483605,0.15020616532495584,0.41527586883958373,0.15904182210877676,0.12369919497349303,0.0,1.0956214411937955,1.5462399371686628,0.5036324366777931,0.19438444924406048,0.25623404673080696,0.49479677989397214,2.6595326919301003,1.3606911447084233
Jonathan Gradit,Lens,FRA-Ligue 1,32,FRA,DF,7854.0,17.5,0.1125,1.875,0.022918258212375857,0.03437738731856379,0.022918258212375857,0.0,0.25210084033613445,0.022918258212375857,1.2032085561497325,1.0198624904507259,0.0,0.5156608097784569,1.317799847211612,1.1000763941940412,0.30939648586707413,0.06875477463712758
Jonathan Ikone,Fiorentina,ITA-Serie A,26,FRA,MF,5663.0,34.3,0.082,1.508,0.1907116369415504,0.0953558184707752,0.1907116369415504,0.0,0.1907116369415504,0.0,1.0012360939431397,1.1442698216493024,0.238389546176938,0.6992760021190182,0.2066042733533463,0.715168638530814,2.2249690976514214,0.6674907292954265
Jonathan Rowe,Bologna,ITA-Serie A,23-133,ENG,"FW,MF",2505.0,44.275,0.035,0.7775000000000001,0.2155688622754491,0.17964071856287422,0.2155688622754491,0.0,0.1437125748502994,0.0,1.4371257485029938,2.8742514970059876,0.35928143712574845,3.089820359281437,0.4311377245508982,0.8982035928143712,3.2335329341317363,1.18562874251497
Jonathan Tah,Bayern Munich,Unknown,30-211,GER,DF,10203.0,30.04,0.126,2.154,0.08820935019112026,0.017641870038224053,0.08820935019112026,0.0,0.19406057042046457,0.0,0.8644516318729786,0.15877683034401646,0.026462805057336076,0.12349309026756836,1.0761540723316672,0.5027932960893855,0.6086445163187298,0.2117024404586886
Jonathan Viera,Las Palmas,ESP-La Liga,33,ESP,"MF,FW",1529.0,42.3,0.07,1.025,0.11772400261608895,0.2354480052321779,0.0,0.11772400261608895,0.2354480052321779,0.058862001308044476,0.7652060170045781,1.9424460431654678,0.2943100065402224,1.2949640287769786,0.2354480052321779,0.7652060170045781,1.5304120340091563,0.6474820143884893
Jonjoe Kenny,Hertha BSC,Unknown,25,ENG,DF,2244.0,16.7,0.0,0.9,0.0,0.040106951871657755,0.0,0.0,0.12032085561497326,0.0,1.1631016042780749,0.2807486631016043,0.0,2.1657754010695185,1.644385026737968,1.3636363636363638,0.24064171122994651,0.040106951871657755
Jonny Castro,Alavés,ESP-La Liga,32-191,ESP,DF,4588.0,13.875,0.0275,1.8900000000000001,0.01961639058413252,0.0,0.01961639058413252,0.0,0.19616390584132518,0.01961639058413252,1.0004359197907584,0.980819529206626,0.03923278116826504,0.8238884045335657,1.098517872711421,1.2162162162162162,0.37271142109851785,0.09808195292066259
Jonny Evans,Manchester Utd,ENG-Premier League,36,NIR,DF,2758.0,50.0,0.0,1.5666666666666667,0.0,0.03263234227701233,0.0,0.0,0.13052936910804933,0.0,1.011602610587382,0.8484408992023205,0.03263234227701233,0.0,1.4684554024655545,0.8484408992023205,0.13052936910804933,0.06526468455402466
Jordan Amavi,Brest,FRA-Ligue 1,30,FRA,DF,1081.0,45.833333333333336,0.3333333333333333,1.3266666666666667,0.08325624421831637,0.0,0.08325624421831637,0.0,0.4162812210915819,0.08325624421831637,1.6651248843663276,0.666049953746531,0.08325624421831637,1.8316373728029602,1.0823311748381128,1.6651248843663276,0.7493061979648474,0.3330249768732655
Jordan Ayew,Leicester City,ENG-Premier League,32,GHA,MF,6916.0,26.85,0.0925,0.81,0.16917293233082706,0.13013302486986697,0.15615962984384038,0.013013302486986697,0.26026604973973394,0.013013302486986697,1.6396761133603237,3.136205899363794,0.23423944476576056,2.5896471949103526,0.559572006940428,1.1972238288027761,1.4705031810294966,0.5335454019664546
Jordan Beyer,Burnley,ENG-Premier League,23,GER,DF,1234.0,0.0,0.0,0.73,0.0,0.07293354943273905,0.0,0.0,0.4376012965964344,0.0,0.8022690437601296,0.4376012965964344,0.0,0.0,1.239870340356564,1.385737439222042,0.36466774716369527,0.0
Jordan Clark,Luton Town,ENG-Premier League,29,ENG,MF,1304.0,23.5,0.06,0.57,0.06901840490797546,0.06901840490797546,0.06901840490797546,0.0,0.27607361963190186,0.0,0.8282208588957056,1.7944785276073618,0.27607361963190186,1.5874233128834354,0.6901840490797546,1.1042944785276074,1.1733128834355828,0.27607361963190186
Jordan Ferri,Montpellier,FRA-Ligue 1,32,FRA,MF,6542.0,16.166666666666668,0.06,0.9233333333333333,0.027514521553041883,0.0687863038826047,0.027514521553041883,0.0,0.26138795475389787,0.027514521553041883,1.7746866401712016,1.8434729440538062,0.013757260776520942,1.2931825129929686,0.5915622133904005,1.16936716600428,0.49526138795475394,0.08254356465912564
Jordan Henderson,Brentford,ENG-Premier League,35,ENG,MF,3993.0,21.4,0.085,1.605,0.022539444027047332,0.11269722013523667,0.022539444027047332,0.0,0.18031555221637866,0.0,0.7212622088655146,0.3606311044327573,0.09015777610818933,2.1412471825694968,0.8339594290007514,0.8339594290007514,0.6536438767843726,0.15777610818933133
Jordan James,Rennes,FRA-Ligue 1,20,WAL,MF,1178.0,17.6,0.0,1.35,0.0,0.07640067911714771,0.0,0.0,0.30560271646859083,0.0,1.9864176570458405,1.1460101867572157,0.07640067911714771,2.597623089983022,1.0696095076400678,1.6808149405772495,1.298811544991511,0.22920203735144315
Jordan Lefort,Angers,FRA-Ligue 1,33-032,MTN,DF,6390.0,6.066666666666666,0.0,1.04,0.0,0.04225352112676056,0.0,0.0,0.07042253521126761,0.0,0.5633802816901409,0.5211267605633803,0.04225352112676056,0.5915492957746479,1.1267605633802817,0.9014084507042253,0.2676056338028169,0.02816901408450704
Jordan Lotomba,Nice,FRA-Ligue 1,25,SUI,"DF,MF",4292.0,17.96666666666667,0.03,1.2166666666666668,0.02096924510717614,0.04193849021435228,0.02096924510717614,0.0,0.16775396085740912,0.0,0.8178005591798696,1.174277726001864,0.02096924510717614,1.4678471575023297,0.9855545200372786,1.3210624417520969,0.5242311276794035,0.146784715750233
Jordan Pefok,Union Berlin,Unknown,28,USA,FW,4093.0,20.28,0.06999999999999999,1.61,0.21988761299780113,0.1759100903982409,0.21988761299780113,0.0,0.1539213290984608,0.0,2.396774981676032,1.4512582457854872,0.5717077937942829,0.06596628389934034,0.3078426581969216,0.41778646469582215,2.2868311751771317,0.593696555094063
Jordan Teze,Monaco,FRA-Ligue 1,26-345,NED,"DF,MF",3097.0,25.233333333333334,0.09000000000000001,2.2266666666666666,0.05812076202776881,0.08718114304165321,0.05812076202776881,0.0,0.3196641911527284,0.029060381013884404,1.220536002583145,0.8136906683887632,0.11624152405553762,2.208588957055215,1.075234097513723,1.6564417177914113,0.5521472392638037,0.2034226670971908
Jordan Torunarigha,Hamburger SV,Unknown,29-034,GER,DF,2088.0,10.0,0.0,0.54,0.0,0.0,0.0,0.0,0.12931034482758622,0.0,0.9913793103448275,0.5603448275862069,0.0,0.12931034482758622,1.379310344827586,0.9482758620689655,0.21551724137931033,0.043103448275862065
Jordan Veretout,Lyon,FRA-Ligue 1,31,FRA,MF,6599.0,33.4,0.08666666666666667,1.75,0.09546901045612971,0.06819215032580694,0.08183058039096833,0.013638430065161387,0.15002273071677527,0.0,1.091074405212911,0.668283073192908,0.040915290195484164,3.0140930444006666,0.7091983633883922,0.9683285346264586,1.2001818457342022,0.38187604182451884
Jordan Zemura,Udinese,ITA-Serie A,25,ZIM,"MF,DF",5034.0,31.6,0.0675,0.99,0.03575685339690107,0.07151370679380215,0.03575685339690107,0.0,0.12514898688915377,0.0,1.4123957091775923,0.8402860548271752,0.07151370679380215,2.0202622169249107,0.9475566150178784,1.269368295589988,0.5005959475566151,0.1430274135876043
Jordi Alba,Barcelona,ESP-La Liga,33,ESP,DF,1419.0,30.8,0.15,2.17,0.12684989429175475,0.19027484143763215,0.12684989429175475,0.0,0.3805496828752643,0.06342494714587738,0.6976744186046512,0.2536997885835095,0.6342494714587739,5.708245243128964,0.7610993657505286,1.0782241014799154,0.824524312896406,0.2536997885835095
Jordy Makengo,Freiburg,Unknown,25-038,FRA,DF,3129.0,0.0,0.0,1.885,0.0,0.028763183125599234,0.0,0.0,0.0862895493767977,0.0,0.8916586768935763,0.9204218600191755,0.14381591562799617,2.4161073825503356,0.9491850431447747,0.8916586768935763,0.0862895493767977,0.0
Jorge Cuenca,Villarreal,ESP-La Liga,23,ESP,DF,3848.0,7.0,0.03,1.222,0.07016632016632017,0.02338877338877339,0.07016632016632017,0.0,0.3274428274428275,0.0,0.958939708939709,0.37422037422037424,0.02338877338877339,0.3976091476091476,1.0291060291060292,1.0758835758835759,0.6081081081081081,0.16372141372141374
Jorge Herrando,Osasuna,ESP-La Liga,25-194,ESP,DF,4820.0,25.0,0.016,1.1560000000000001,0.01867219917012448,0.03734439834024896,0.01867219917012448,0.0,0.20539419087136931,0.01867219917012448,1.4751037344398341,0.4294605809128631,0.0,0.05601659751037344,0.9522821576763486,0.8402489626556017,0.3921161825726141,0.09336099585062241
Jorge Meré,Cádiz,ESP-La Liga,26,ESP,DF,1274.0,25.0,0.0,1.15,0.0,0.0,0.0,0.0,0.0,0.0,0.141287284144427,0.4945054945054945,0.0,0.0706436420722135,0.9183673469387754,0.989010989010989,0.565149136577708,0.141287284144427
Jorge Sáenz,Leganés,ESP-La Liga,27,ESP,DF,1690.0,37.5,0.13,1.22,0.05325443786982249,0.0,0.05325443786982249,0.0,0.21301775147928995,0.05325443786982249,1.5976331360946745,0.7988165680473372,0.05325443786982249,0.0,1.2248520710059172,1.2248520710059172,0.4260355029585799,0.15976331360946744
Jorge de Frutos,Rayo Vallecano,ESP-La Liga,29-202,ESP,"MF,FW",6807.0,54.9,0.0875,1.1949999999999998,0.2379903040987219,0.06610841780520053,0.2247686205376818,0.013221683561040105,0.09255178492728075,0.02644336712208021,1.2428382547377699,1.3486117232260908,0.42309387395328335,2.340237990304099,0.4759806081974438,0.6743058616130454,1.9039224327897752,0.7800793301013662
Jorginho,Arsenal,ENG-Premier League,32,ITA,MF,3759.0,15.0,0.1,1.955,0.047885075818036714,0.07182761372705507,0.0,0.047885075818036714,0.23942537909018355,0.0,1.005586592178771,1.7478052673583402,0.0,0.19154030327214686,1.0534716679968077,1.1731843575418994,0.407023144453312,0.07182761372705507
Joris Chotard,Brest,FRA-Ligue 1,24-351,FRA,MF,9983.0,24.54,0.026000000000000002,1.166,0.02704597816287689,0.09015326054292297,0.02704597816287689,0.0,0.14424521686867675,0.0,1.000701192026445,0.5409195632575379,0.03606130421716919,1.5686667334468598,1.397375538415306,1.3522989081438446,0.7482720625062605,0.18932184714013822
Jorrel Hato,Chelsea,ENG-Premier League,20-187,NED,MF,1361.0,0.0,0.0,1.6600000000000001,0.0,0.13225569434239529,0.0,0.0,0.46289493019838357,0.0,1.0580455547391623,0.26451138868479057,0.0,0.46289493019838357,1.1903012490815577,1.322556943423953,0.33063923585598826,0.0
Josan,Elche,ESP-La Liga,36-281,ESP,"DF,MF",1660.0,27.766666666666666,0.05666666666666667,0.6266666666666667,0.054216867469879526,0.3253012048192771,0.054216867469879526,0.0,0.27108433734939763,0.0,0.8132530120481928,1.3012048192771084,0.3253012048192771,7.102409638554216,0.7048192771084338,1.463855421686747,0.4879518072289157,0.2168674698795181
Joseba Zaldúa,Cádiz,ESP-La Liga,31,ESP,"DF,MF",1343.0,0.0,0.0,0.7749999999999999,0.0,0.06701414743112435,0.0,0.0,0.46909903201787045,0.0,1.6753536857781086,0.5361131794489948,0.2680565897244974,1.8763961280714818,0.8041697691734921,1.2732688011913627,0.1340282948622487,0.0
Joselu,Real Madrid,ESP-La Liga,33,ESP,FW,4677.0,43.65,0.165,1.72,0.5003207184092368,0.07697241821680564,0.40410519563822966,0.09621552277100706,0.05772931366260423,0.0,0.6735086593970494,1.6164207825529187,0.846696600384862,0.46183450930083386,0.26940346375881974,0.28864656831302116,2.9826812059012187,1.2892880051314946
Joseph Aidoo,Celta Vigo,ESP-La Liga,29,GHA,DF,4750.0,4.279999999999999,0.041999999999999996,1.444,0.056842105263157895,0.0,0.056842105263157895,0.0,0.11368421052631579,0.018947368421052633,0.5873684210526315,0.39789473684210525,0.018947368421052633,0.056842105263157895,0.8905263157894737,0.8715789473684211,0.37894736842105264,0.056842105263157895
Joseph Okumu,Reims,FRA-Ligue 1,27,KEN,DF,3438.0,22.0,0.08499999999999999,1.01,0.05235602094240838,0.0,0.05235602094240838,0.0,0.2094240837696335,0.02617801047120419,0.837696335078534,0.837696335078534,0.0,0.2094240837696335,1.5706806282722514,1.1518324607329842,0.6020942408376964,0.13089005235602094
Josh Brownhill,Burnley,ENG-Premier League,27,ENG,MF,2252.0,39.3,0.14,0.67,0.15985790408525755,0.07992895204262877,0.15985790408525755,0.0,0.15985790408525755,0.03996447602131439,1.5186500888099466,0.9991119005328597,0.07992895204262877,2.27797513321492,1.3188277087033748,1.3987566607460036,1.119005328596803,0.4396092362344583
Josh Cullen,Burnley,ENG-Premier League,29,IRL,MF,3571.0,42.9,0.155,0.655,0.10081209745169421,0.12601512181461774,0.10081209745169421,0.0,0.2772332679921591,0.0,1.008120974516942,1.688602632315878,0.025203024362923553,0.957714925791095,0.957714925791095,1.1341360963315597,0.6804816577989359,0.2772332679921591
Josh Dasilva,Brentford,ENG-Premier League,26,ENG,MF,1416.0,11.1,0.07333333333333333,1.8233333333333333,0.2542372881355932,0.1271186440677966,0.2542372881355932,0.0,0.0635593220338983,0.0,1.0169491525423728,1.3983050847457628,0.0,2.4788135593220337,0.3177966101694915,0.5720338983050848,1.2076271186440677,0.3813559322033898
Josh Doig,Sassuolo,ITA-Serie A,24-115,SCO,DF,5673.0,32.94,0.122,1.0,0.047593865679534636,0.07932310946589106,0.047593865679534636,0.0,0.20624008461131677,0.0,0.88841882601798,0.6504494976203067,0.047593865679534636,2.6335272342675835,0.8725542041248018,0.9518773135906927,0.6980433632998414,0.222104706504495
Josh Laurent,Burnley,ENG-Premier League,30,ENG,"DF,MF",1764.0,26.7,0.07,0.64,0.05102040816326531,0.0,0.05102040816326531,0.0,0.3571428571428571,0.05102040816326531,1.5816326530612246,0.5612244897959184,0.10204081632653061,0.7142857142857142,1.4285714285714284,1.2755102040816326,0.7653061224489797,0.20408163265306123
Josha Vagnoman,Stuttgart,Unknown,25-273,GER,MF,6263.0,43.160000000000004,0.164,1.654,0.11496088136675714,0.12933099153760177,0.11496088136675714,0.0,0.1724413220501357,0.014370110170844642,0.9627973814465911,0.7759859492256107,0.07185055085422322,1.8824844323806482,0.4311033051253393,0.9627973814465911,1.1496088136675715,0.45984352546702856
Joshua Acheampong,Chelsea,ENG-Premier League,20-128,ENG,DF,1045.0,12.5,0.0625,2.045,0.0861244019138756,0.0,0.0861244019138756,0.0,0.1722488038277512,0.0,0.3444976076555024,0.9473684210526315,0.2583732057416268,0.1722488038277512,1.2057416267942584,1.1196172248803828,0.5167464114832536,0.1722488038277512
Joshua Kimmich,Bayern Munich,Unknown,31-214,GER,MF,10292.0,27.2,0.076,2.186,0.09619121647881851,0.2535950252623397,0.08744656043528955,0.008744656043528955,0.13116984065293433,0.01748931208705791,0.4897007384376214,1.1018266614846484,0.043723280217644774,6.575981344733774,0.9269335406140692,1.1892732219199378,1.0056354450058298,0.3410415856976292
Joshua King,Toulouse,FRA-Ligue 1,32,NOR,"FW,MF",3381.0,31.799999999999997,0.11249999999999999,0.9849999999999999,0.2395740905057675,0.13309671694764863,0.2395740905057675,0.0,0.15971606033717836,0.0,1.437444543034605,1.6237799467613134,0.26619343389529726,0.7187222715173025,0.29281277728482696,0.7985803016858918,2.2892635314995564,0.9316770186335404
Joshua Zirkzee,Bologna,ITA-Serie A,22,NED,FW,5609.0,34.725,0.0975,1.5175,0.28882153681583167,0.128365127473703,0.256730254947406,0.03209128186842575,0.2246389730789802,0.0,0.866464610447495,0.882510251381708,0.17650205027634158,0.2727758958816188,0.20859333214476733,0.5936887145658762,2.6956676769477625,0.9466928151185595
Josip Brekalo,Wolfsburg,Unknown,24,CRO,"MF,FW",1638.0,31.924999999999997,0.0275,1.3,0.054945054945054944,0.054945054945054944,0.054945054945054944,0.0,0.10989010989010989,0.0,1.3736263736263736,1.098901098901099,0.10989010989010989,3.8461538461538463,0.32967032967032966,0.8241758241758242,1.3736263736263736,0.43956043956043955
Josip Juranović,Union Berlin,Unknown,31-025,CRO,DF,3881.0,32.38,0.10800000000000001,1.182,0.06956969853130636,0.16232929657304818,0.04637979902087091,0.023189899510435454,0.2087090955939191,0.0,0.32465859314609635,0.5333676887400155,0.09275959804174182,7.235248647255862,0.6493171862921927,1.0435454779695954,0.718886884823499,0.2087090955939191
Josip Stanišić,Bayern Munich,Unknown,26-161,CRO,DF,4590.0,21.419999999999998,0.118,2.492,0.09803921568627452,0.11764705882352941,0.09803921568627452,0.0,0.09803921568627452,0.0,0.3921568627450981,0.4901960784313726,0.09803921568627452,1.392156862745098,0.7647058823529411,1.2156862745098038,0.3725490196078431,0.1764705882352941
Josuha Guilavogui,Mainz 05,Unknown,32,FRA,DF,1589.0,16.65,0.085,1.45,0.056639395846444306,0.056639395846444306,0.056639395846444306,0.0,0.28319697923222154,0.0,1.9257394587791066,0.6230333543108874,0.11327879169288861,0.11327879169288861,2.039018250471995,1.2460667086217747,0.3398363750786658,0.11327879169288861
Josué Casimir,Auxerre,FRA-Ligue 1,24-351,HAI,"FW,MF",5559.0,26.45,0.05,0.7549999999999999,0.08094981111710739,0.1457096600107933,0.08094981111710739,0.0,0.27522935779816515,0.016189962223421478,1.4409066378845117,1.7161359956826767,0.3076092822450081,3.1246627091203454,0.48569886670264434,1.0361575822989746,1.1656772800863464,0.4047490555855369
José Arnaiz,Osasuna,ESP-La Liga,29,ESP,MF,1062.0,40.5,0.035,0.8200000000000001,0.1694915254237288,0.0847457627118644,0.1694915254237288,0.0,0.2542372881355932,0.0,0.6779661016949152,2.0338983050847457,0.5932203389830508,5.254237288135593,0.5932203389830508,1.1016949152542372,2.966101694915254,1.0169491525423728
José Campaña,Las Palmas,ESP-La Liga,31,ESP,MF,1360.0,30.0,0.0,0.75,0.0,0.19852941176470587,0.0,0.0,0.33088235294117646,0.0,0.4632352941176471,1.6544117647058825,0.0,2.514705882352941,1.4558823529411766,1.125,0.39705882352941174,0.19852941176470587
José Fonte,Lille,FRA-Ligue 1,38,POR,DF,2592.0,14.3,0.07,1.61,0.034722222222222224,0.0,0.034722222222222224,0.0,0.24305555555555555,0.0,0.9027777777777777,0.3125,0.0,0.10416666666666666,0.7638888888888888,0.5902777777777778,0.4861111111111111,0.06944444444444445
José Gragera,Espanyol,ESP-La Liga,23,ESP,MF,1029.0,12.5,0.125,0.9450000000000001,0.08746355685131195,0.0,0.08746355685131195,0.0,0.1749271137026239,0.0,2.7988338192419824,1.2244897959183674,0.0,0.0,1.0495626822157433,2.186588921282799,0.5247813411078717,0.08746355685131195
José Luis García Vayá,Valencia,ESP-La Liga,28-030,ESP,"DF,MF",7564.0,22.424999999999997,0.10500000000000001,1.025,0.13088313061872026,0.03569539925965098,0.011898466419883659,0.11898466419883659,0.19037546271813854,0.011898466419883659,1.2850343733474352,0.8804865150713908,0.03569539925965098,3.593336858804865,1.047065044949762,1.356425171866737,0.8804865150713908,0.24986779481755686
José Luis Gayà,Valencia,ESP-La Liga,31-108,ESP,DF,8856.0,21.1,0.044000000000000004,1.1320000000000001,0.03048780487804878,0.08130081300813008,0.03048780487804878,0.0,0.19308943089430894,0.01016260162601626,1.0060975609756098,0.7621951219512194,0.14227642276422764,4.776422764227642,0.823170731707317,1.7682926829268293,0.5894308943089431,0.17276422764227642
José Luis Morales,Levante,ESP-La Liga,38,ESP,MF,2622.0,44.6,0.17666666666666667,1.3,0.5148741418764302,0.034324942791762014,0.4805491990846682,0.034324942791762014,0.10297482837528604,0.0,0.41189931350114417,0.6178489702517163,0.9610983981693364,1.1327231121281465,0.37757437070938216,0.4805491990846682,2.677345537757437,1.2700228832951945
José Luis Palomino,Cagliari,ITA-Serie A,34,ARG,DF,1867.0,33.333333333333336,0.22333333333333336,1.7866666666666664,0.096411355115158,0.0,0.096411355115158,0.0,0.337439742903053,0.0,0.96411355115158,0.337439742903053,0.0,0.241028387787895,2.4584895554365294,1.4943760042849492,0.385645420460632,0.192822710230316
José María Giménez,Dep. A Coruña,ESP-La Liga,31-233,URU,DF,7028.0,15.633333333333333,0.015,2.1933333333333334,0.025611838360842347,0.03841775754126352,0.025611838360842347,0.0,0.29453614114968696,0.0,0.9092202618099032,0.40978941377347755,0.012805919180421173,0.012805919180421173,0.9860557768924303,0.7939669891861126,0.6018782014797951,0.16647694934547524
João Cancelo,Bayern Munich,Unknown,28,POR,"DF,MF",5774.0,22.8,0.08199999999999999,2.382,0.1091098025632144,0.17145826117076549,0.1091098025632144,0.0,0.2182196051264288,0.015587114651887774,1.1378593695878074,1.1378593695878074,0.2338067197783166,3.0239002424662282,1.2002078281953585,1.5119501212331141,1.1534464842396952,0.32732940768964325
João Ferreira,Udinese,ITA-Serie A,22,POR,"DF,MF",1822.0,0.0,0.0,1.0,0.0,0.04939626783754116,0.0,0.0,0.44456641053787044,0.0,1.7288693743139407,0.5433589462129528,0.09879253567508232,1.0373216245883643,1.481888035126235,2.1240395170142703,0.14818880351262348,0.0
João Félix,Milan,ITA-Serie A,24,POR,MF,4260.0,36.68,0.094,1.766,0.380281690140845,0.14788732394366197,0.380281690140845,0.0,0.29577464788732394,0.02112676056338028,1.4788732394366197,3.232394366197183,0.4647887323943662,1.056338028169014,0.4225352112676056,0.823943661971831,3.8450704225352115,1.4366197183098592
João Gomes,Aston Villa,ENG-Premier League,25-210,BRA,MF,9144.0,27.52,0.094,0.818,0.0688976377952756,0.02952755905511811,0.0688976377952756,0.0,0.374015748031496,0.01968503937007874,2.1948818897637796,1.4665354330708662,0.02952755905511811,0.9153543307086615,0.8070866141732282,2.332677165354331,0.8267716535433071,0.23622047244094488
João Moutinho,Spezia,ITA-Serie A,24,POR,DF,1838.0,9.4,0.0,1.08,0.0,0.09793253536452666,0.0,0.0,0.14689880304678998,0.0,1.5669205658324266,0.73449401523395,0.04896626768226333,2.986942328618063,0.8813928182807399,1.5179542981501633,0.7834602829162133,0.14689880304678998
João Mário Lopes,Fiorentina,ITA-Serie A,26-250,POR,DF,1169.0,16.666666666666668,0.08333333333333333,1.3666666666666665,0.07698887938408897,0.0,0.07698887938408897,0.0,0.15397775876817793,0.0,1.0008554319931564,2.925577416595381,0.0,2.23267750213858,1.1548331907613345,0.7698887938408896,0.5389221556886228,0.15397775876817793
João Neves,Paris SG,FRA-Ligue 1,21-348,POR,MF,3280.0,28.366666666666664,0.09999999999999999,0.96,0.21951219512195122,0.24695121951219512,0.21951219512195122,0.0,0.027439024390243903,0.0,0.9329268292682927,1.3170731707317074,0.08231707317073171,0.5213414634146342,0.9054878048780488,1.2896341463414636,1.646341463414634,0.5213414634146342
João Palhinha,Bayern Munich,Unknown,29,POR,MF,8678.0,26.975,0.08,1.5725,0.12445263885687947,0.03111315971421987,0.12445263885687947,0.0,0.3837289698087117,0.010371053238073288,1.472689559806407,1.5764000921871397,0.041484212952293154,0.14519474533302604,1.2756395482830145,2.4268264577091494,1.2963816547591611,0.34224475685641853
João Pedro,Chelsea,ENG-Premier League,24-349,BRA,FW,6924.0,36.425,0.185,1.5425,0.46793760831889086,0.20797227036395147,0.3509532062391681,0.11698440207972272,0.1559792027729636,0.012998266897746967,1.143847487001733,2.2227036395147315,0.37694974003466203,0.9098786828422878,0.3119584055459272,0.5849220103986135,2.664644714038128,1.0008665511265165
Joël Matip,Liverpool,ENG-Premier League,31,CMR,DF,1873.0,30.0,0.1,1.795,0.04805125467164976,0.0,0.04805125467164976,0.0,0.2402562733582488,0.0,0.8168713294180459,0.38441003737319807,0.09610250934329952,0.04805125467164976,1.2493326214628937,0.7207688200747464,0.4805125467164976,0.14415376401494928
Joël Schingtienne,Venezia,ITA-Serie A,24-029,BEL,DF,1392.0,0.0,0.0,0.375,0.0,0.0,0.0,0.0,0.1939655172413793,0.0,0.5172413793103449,0.06465517241379311,0.0,0.0,0.8405172413793104,1.4224137931034484,0.0,0.0
Joël Schmied,Köln,Unknown,27-352,SUI,DF,1079.0,0.0,0.0,2.0,0.0,0.0,0.0,0.0,0.4170528266913809,0.0,1.3345690454124188,0.6672845227062094,0.0,0.4170528266913809,0.917516218721038,0.7506950880444857,0.4170528266913809,0.0
Joël Veltman,Brighton,ENG-Premier League,33,NED,DF,6531.0,33.65,0.1225,1.6425,0.04134129536058796,0.02756086357372531,0.04134129536058796,0.0,0.2756086357372531,0.0,1.1024345429490123,2.0119430408819476,0.04134129536058796,1.0473128158015619,1.0197519522278364,1.6674322462103812,0.4134129536058796,0.1515847496554892
Joško Gvardiol,RB Leipzig,Unknown,20,CRO,DF,9401.0,37.54,0.19,2.2920000000000003,0.12445484522923093,0.03829379853207105,0.12445484522923093,0.0,0.08616104669715988,0.0,0.7180087224763323,0.6988618232102968,0.05744069779810658,0.6127007765131368,1.1966812041272206,1.0147856610998829,1.0052122114668653,0.35421763642165727
Juan Bernat,PSG,FRA-Ligue 1,29,ESP,"MF,DF",2559.0,45.23333333333333,0.04666666666666667,0.93,0.035169988276670575,0.21101992966002342,0.035169988276670575,0.0,0.035169988276670575,0.0,0.6330597889800704,0.5627198124267292,0.07033997655334115,1.3012895662368114,0.42203985932004684,1.2661195779601409,0.45720984759671746,0.246189917936694
Juan Berrocal,Getafe,ESP-La Liga,25,ESP,DF,1063.0,0.0,0.0,0.95,0.0,0.0,0.0,0.0,0.6773283160865475,0.08466603951081844,1.4393226716839136,0.08466603951081844,0.0,0.0,1.2699905926622765,0.5079962370649107,0.33866415804327377,0.0
Juan Cruz,Hellas Verona,ITA-Serie A,24,ARG,FW,2787.0,16.48,0.06999999999999999,0.9800000000000001,0.193756727664155,0.12917115177610333,0.193756727664155,0.0,0.12917115177610333,0.0,0.7427341227125942,0.9041980624327234,0.25834230355220666,3.4553283100107643,0.4520990312163617,0.6458557588805167,1.3885898815931108,0.5166846071044133
Juan Cruz Armada,Osasuna,ESP-La Liga,33,ESP,DF,5870.0,0.0,0.0,1.3375,0.0,0.015332197614991482,0.0,0.0,0.2453151618398637,0.0,0.8739352640545145,0.2606473594548552,0.06132879045996593,1.088586030664395,0.5979557069846677,0.7512776831345825,0.15332197614991483,0.0
Juan Cuadrado,Pisa,ITA-Serie A,37,COL,MF,3683.0,19.075,0.0325,1.64,0.04887320119467825,0.17105620418137388,0.024436600597339125,0.024436600597339125,0.3176758077654086,0.024436600597339125,1.344013032853652,2.2726038555525387,0.07330980179201738,4.936193320662503,0.9285908226988868,1.344013032853652,1.539505837632365,0.390985609557426
Juan David Cabal,Juventus,ITA-Serie A,24,COL,MF,2697.0,41.25,0.1,1.3775,0.06674082313681869,0.0,0.06674082313681869,0.0,0.33370411568409347,0.0,1.5016685205784204,0.967741935483871,0.16685205784204674,1.7018909899888766,1.568409343715239,1.468298109010011,0.7675194660734149,0.20022246941045607
Juan Foyth,Villarreal,ESP-La Liga,28-241,ARG,DF,5741.0,23.259999999999998,0.06000000000000001,1.5699999999999998,0.0470301341229751,0.01567671137432503,0.0470301341229751,0.0,0.23515067061487546,0.0,1.3011670440689775,0.3762410729838008,0.0,0.5016547639784009,1.128723218951402,1.473610869186553,0.6740985890959763,0.1881205364919004
Juan Jesus,Napoli,ITA-Serie A,34,BRA,DF,5798.0,11.25,0.0825,1.9675,0.03104518799586064,0.01552259399793032,0.03104518799586064,0.0,0.3259744739565367,0.01552259399793032,1.4125560538116593,0.3259744739565367,0.0,0.01552259399793032,1.055536391859262,1.055536391859262,0.2949292859606761,0.04656778199379097
Juan Miranda,Bologna,ITA-Serie A,26-234,ESP,DF,8315.0,27.360000000000003,0.05600000000000001,1.374,0.054119061936259774,0.1407095610342754,0.054119061936259774,0.0,0.20565243535778713,0.02164762477450391,0.9633193024654239,1.3096812988574864,0.10823812387251955,5.747444377630788,1.0499098015634396,1.0174383644016836,0.7793144918821407,0.2597714972940469
Juan Rodríguez,Cagliari,ITA-Serie A,21-103,URU,DF,1555.0,33.35,0.165,1.53,0.057877813504823156,0.0,0.057877813504823156,0.0,0.17363344051446944,0.0,0.9839228295819935,0.5209003215434084,0.0,0.28938906752411575,1.3311897106109325,1.6784565916398715,0.23151125401929262,0.11575562700964631
Juanlu Sánchez,Sevilla,ESP-La Liga,21,ESP,"MF,DF",4893.0,23.833333333333332,0.10333333333333333,1.02,0.07357449417535254,0.16554261189454322,0.07357449417535254,0.0,0.2575107296137339,0.03678724708767627,0.956468424279583,1.4163090128755365,0.1103617412630288,2.9429797670141022,0.680564071122011,2.060085836909871,0.6989576946658491,0.16554261189454322
Juanma Herzog,Las Palmas,ESP-La Liga,20,ESP,DF,1607.0,59.1,0.335,0.96,0.11200995644057249,0.0,0.11200995644057249,0.0,0.11200995644057249,0.0,0.3920348475420038,0.44803982576228996,0.0,0.0,1.2321095208462975,0.8960796515245799,0.7840696950840076,0.28002489110143125
Juanmi,Getafe,ESP-La Liga,32,ESP,"FW,MF",2917.0,42.98,0.186,1.002,0.24682893383613302,0.030853616729516628,0.24682893383613302,0.0,0.30853616729516625,0.0,2.0363387041480974,1.5426808364758315,1.1724374357216318,0.12341446691806651,0.4010970174837162,0.8947548851559822,1.6352416866643813,0.740486801508399
Juanmi Latasa,Valladolid,ESP-La Liga,23,ESP,FW,3401.0,31.100000000000005,0.06666666666666667,0.7566666666666667,0.15877683034401646,0.0,0.15877683034401646,0.0,0.3969420758600412,0.05292561011467215,3.360776242281682,2.3022640399882386,0.3969420758600412,0.2646280505733608,0.1323140252866804,0.3704792708027051,2.6198177006762715,0.8468097618347544
Juanpe,Girona,ESP-La Liga,33,ESP,DF,2899.0,6.666666666666667,0.06666666666666667,1.5233333333333334,0.03104518799586064,0.0,0.03104518799586064,0.0,0.27940669196274576,0.0,0.6209037599172128,0.12418075198344256,0.03104518799586064,0.1552259399793032,0.776129699896516,0.8071748878923767,0.34149706795446705,0.03104518799586064
Jubal,Auxerre,FRA-Ligue 1,30,BRA,DF,5857.0,36.75,0.18,1.125,0.13829605600136588,0.01536622844459621,0.07683114222298106,0.06146491377838484,0.21512719822434695,0.0,0.9988048488987535,0.6914802800068295,0.07683114222298106,0.06146491377838484,1.1371009049001195,1.0141710773433499,0.7529451937852143,0.27659211200273176
Jude Bellingham,Dortmund,Unknown,19,ENG,MF,9742.0,45.72,0.174,2.234,0.4064873742557996,0.22172038595770888,0.378772326011086,0.02771504824471361,0.19400533771299527,0.018476698829809072,1.311845616916444,2.5313077396838435,0.1755286388831862,0.8314514473414084,0.8684048450010264,1.4319441593102034,2.337302401970848,1.0624101827140218
Jules Koundé,Barcelona,ESP-La Liga,27-302,FRA,DF,10365.0,21.080000000000002,0.05800000000000001,2.48,0.043415340086830685,0.0955137481910275,0.043415340086830685,0.0,0.1389290882778582,0.0,0.7988422575976845,0.6338639652677279,0.12156295224312591,1.4934876989869754,0.8596237337192474,1.0072358900144718,0.6078147612156295,0.1649782923299566
Julian Araujo,Las Palmas,ESP-La Liga,21,MEX,DF,1959.0,14.3,0.07,1.08,0.045941807044410414,0.0,0.045941807044410414,0.0,0.3215926493108729,0.0,0.9188361408882082,0.5053598774885145,0.13782542113323124,1.4241960183767228,0.6891271056661562,1.1944869831546707,0.3215926493108729,0.09188361408882083
Julian Brandt,Dortmund,Unknown,29,GER,"MF,FW",8529.0,47.775,0.1775,1.9425,0.2954625395708758,0.34822370735138936,0.2954625395708758,0.0,0.05276116778051354,0.0,0.34822370735138936,0.5276116778051354,0.2321491382342596,4.484699261343652,0.44319380935631375,0.5803728455856489,1.667252901864228,0.7914175167077031
Julian Chabot,Stuttgart,Unknown,28-210,GER,DF,9232.0,35.28,0.032,1.416,0.02924610051993068,0.02924610051993068,0.02924610051993068,0.0,0.2632149046793761,0.01949740034662045,1.2673310225303291,1.2673310225303291,0.10723570190641248,0.09748700173310225,1.608535528596187,1.0918544194107451,0.7116551126516464,0.20472270363951472
Julian Jeanvier,Auxerre,FRA-Ligue 1,30,GUI,DF,1760.0,50.0,0.13,0.95,0.05113636363636363,0.0,0.05113636363636363,0.0,0.2556818181818182,0.05113636363636363,1.3295454545454546,0.5113636363636364,0.0,0.10227272727272727,1.2784090909090908,0.9204545454545454,0.40909090909090906,0.20454545454545453
Julian Justvan,Hoffenheim,Unknown,25,GER,"FW,MF",1072.0,11.75,0.06,0.395,0.16791044776119401,0.16791044776119401,0.16791044776119401,0.0,0.08395522388059701,0.0,0.16791044776119401,0.41977611940298504,0.0,4.1138059701492535,0.9235074626865671,0.41977611940298504,1.5111940298507462,0.33582089552238803
Julian Niehues,Heidenheim,Unknown,24,GER,MF,1537.0,38.9,0.085,0.755,0.17566688353936238,0.0,0.17566688353936238,0.0,0.11711125569290827,0.0,0.6441119063109955,0.6441119063109955,0.11711125569290827,0.17566688353936238,1.346779440468445,0.6441119063109955,1.1711125569290826,0.35133376707872477
Julian Ryerson,Dortmund,Unknown,28-297,NOR,MF,8902.0,24.666666666666668,0.07166666666666667,2.1750000000000003,0.07077061334531566,0.2022017524151876,0.07077061334531566,0.0,0.22242192765670635,0.01011008762075938,1.091889463042013,1.061559200179735,0.06066052572455628,5.125814423725005,0.6571556953493597,1.0716692878004943,0.7481464839361942,0.23253201527746575
Julian Weigl,Gladbach,Unknown,28,GER,MF,7539.0,25.233333333333334,0.08,1.1666666666666667,0.035813768404297654,0.05968961400716275,0.0,0.035813768404297654,0.28651014723438123,0.0,0.9072821329088739,0.9908475925189016,0.0,0.15519299641862316,1.408674890569041,0.9789096697174692,0.5491444488658973,0.15519299641862316
Julien Laporte,Lorient,FRA-Ligue 1,29,FRA,DF,3472.0,23.85,0.0,1.265,0.0,0.0,0.0,0.0,0.12960829493087558,0.0,0.7776497695852536,0.6739631336405529,0.05184331797235023,0.025921658986175114,0.7258064516129032,0.8035714285714285,0.4665898617511521,0.07776497695852536
Julien Le Cardinal,Brest,FRA-Ligue 1,27,FRA,DF,2402.0,34.0,0.04,1.154,0.03746877601998335,0.03746877601998335,0.03746877601998335,0.0,0.2622814321398834,0.0,1.0491257285595337,0.8992506244796004,0.0,0.8992506244796004,1.9109075770191508,1.3863447127393838,0.8992506244796004,0.37468776019983346
Julien Ponceau,Lorient,FRA-Ligue 1,22,FRA,MF,3899.0,34.0,0.08,1.05,0.09233136701718389,0.13849705052577585,0.09233136701718389,0.0,0.13849705052577585,0.0,1.1772249294690946,1.3618876635034625,0.20774557578866376,1.4080533470120544,0.7386509361374711,0.7386509361374711,1.0848935624519107,0.3924083098230316
Julio Enciso,Strasbourg,FRA-Ligue 1,21,PAR,"MF,FW",4577.0,37.75,0.03666666666666667,1.2283333333333333,0.17697181559973782,0.294953025999563,0.15730828053310028,0.019663535066637535,0.17697181559973782,0.0,1.0225038234651518,1.7697181559973783,0.19663535066637536,2.379287743063142,0.25562595586628795,0.5309154467992134,3.7557351977277698,1.4354380598645402
Julián Malatini,Werder Bremen,Unknown,24,ARG,DF,1572.0,22.2,0.22,1.1900000000000002,0.11450381679389314,0.05725190839694657,0.11450381679389314,0.0,0.2862595419847328,0.0,1.4885496183206106,0.40076335877862596,0.0,0.8015267175572519,1.5458015267175573,1.6030534351145038,0.45801526717557256,0.11450381679389314
Julián Álvarez,Atlético Madrid,ESP-La Liga,26-222,ARG,"FW,MF",8573.0,48.1,0.136,1.8559999999999999,0.472413390878339,0.16796920564563164,0.3779307127026712,0.0944826781756678,0.0944826781756678,0.0,0.8818383296395661,0.5668960690540067,0.1784672809984836,3.338387962206929,0.0944826781756678,0.6193864458182666,2.876472646681442,1.354251720517905
Junior Adamu,Schalke 04,Unknown,25-096,AUT,MF,2157.0,29.975,0.045,1.0775,0.12517385257301808,0.12517385257301808,0.12517385257301808,0.0,0.25034770514603616,0.041724617524339355,2.253129346314325,1.4603616133518778,1.043115438108484,0.33379694019471484,0.6675938803894297,0.41724617524339364,2.0445062586926284,0.6675938803894297
Junior Diaz,Troyes,FRA-Ligue 1,23-049,CIV,DF,1832.0,23.799999999999997,0.0,1.29,0.0,0.0,0.0,0.0,0.2947598253275109,0.0,0.5403930131004366,0.5895196506550218,0.0,0.04912663755458515,1.4737991266375545,0.982532751091703,0.4912663755458515,0.0982532751091703
Junior Dina Ebimbe,Schalke 04,Unknown,25-293,CMR,DF,4570.0,20.9,0.082,1.258,0.2560175054704595,0.09846827133479212,0.2560175054704595,0.0,0.2560175054704595,0.0,1.9102844638949672,0.925601750547046,0.17724288840262584,0.8665207877461707,0.6301969365426696,1.2407002188183809,2.2253829321663017,0.7089715536105033
Junior Firpo,Real Betis,ESP-La Liga,30-019,DOM,DF,2253.0,16.666666666666668,0.16666666666666666,1.6066666666666667,0.03994673768308921,0.07989347536617843,0.03994673768308921,0.0,0.3595206391478029,0.03994673768308921,1.4380825565912116,0.6790945406125166,0.03994673768308921,1.3182423435419441,1.3581890812250332,1.4780292942743007,0.2796271637816245,0.03994673768308921
Junior Messias,Genoa,ITA-Serie A,35-120,BRA,"FW,MF",4166.0,23.619999999999997,0.086,1.1400000000000001,0.2160345655304849,0.08641382621219394,0.19443110897743637,0.021603456553048486,0.10801728276524244,0.0,1.058569371099376,1.9875180028804607,0.15122419587133942,1.901104176668267,0.5400864138262121,1.2746039366298607,2.030724915986558,0.5832933269323092
Junior Mwanga,Le Havre,FRA-Ligue 1,23-122,FRA,"DF,MF",4559.0,13.049999999999999,0.03666666666666667,1.0983333333333334,0.059223513928493086,0.07896468523799079,0.059223513928493086,0.0,0.11844702785698617,0.059223513928493086,1.441105505593332,0.9080938802368941,0.03948234261899539,0.6909409958324194,0.7699056810704102,1.4016231629743365,0.9080938802368941,0.21715288440447467
Junior Sambia,Empoli,ITA-Serie A,27,CTA,MF,2116.0,27.266666666666666,0.02666666666666667,0.5433333333333333,0.04253308128544424,0.1275992438563327,0.04253308128544424,0.0,0.29773156899810965,0.0,1.063327032136106,1.7438563327032137,0.0,3.7854442344045367,0.8931947069943289,0.8931947069943289,1.488657844990548,0.42533081285444235
Junya Itō,Reims,FRA-Ligue 1,31,JPN,"MF,FW",8320.0,35.5,0.11333333333333334,1.2633333333333334,0.140625,0.1622596153846154,0.140625,0.0,0.06490384615384616,0.010817307692307692,0.5625,1.1574519230769231,0.6490384615384616,6.8581730769230775,0.35697115384615385,0.703125,1.3088942307692308,0.4651442307692308
Jurgen Ekkelenkamp,Udinese,ITA-Serie A,26-158,NED,MF,4342.0,41.0,0.1366666666666667,1.2966666666666666,0.18654997696913866,0.1243666513127591,0.18654997696913866,0.0,0.06218332565637955,0.0,1.0985720865960387,0.7461999078765547,0.10363887609396591,0.9534776600644863,0.684016582220175,1.1814831874712115,1.36803316444035,0.559649930907416
Jurriën Timber,Arsenal,ENG-Premier League,24,NED,DF,4942.0,18.866666666666667,0.06333333333333334,2.41,0.07284500202347229,0.14569000404694457,0.07284500202347229,0.0,0.254957507082153,0.0,1.292998785916633,1.056252529340348,0.14569000404694457,1.3658437879401053,0.8741400242816673,1.329421286928369,0.7102387697288548,0.20032375556454876
Justin Devenny,Crystal Palace,ENG-Premier League,21,NIR,"MF,FW",1303.0,45.4,0.09,1.47,0.13814274750575595,0.06907137375287797,0.06907137375287797,0.06907137375287797,0.06907137375287797,0.0,1.3814274750575595,0.6907137375287797,0.13814274750575595,2.417498081350729,0.06907137375287797,1.5195702225633154,1.5886415963161933,0.6907137375287797
Justin Kluivert,Valencia,ESP-La Liga,23,NED,"FW,MF",6884.0,37.339999999999996,0.11600000000000002,1.1179999999999999,0.35299244625217896,0.0915165601394538,0.26147588611272515,0.0915165601394538,0.30069726902963395,0.0,1.8957001743172575,1.2420104590354446,0.2876234747239977,2.9023823358512493,0.405287623474724,0.6406159209761766,2.4447995351539804,0.9543869843114468
Justin Njinmah,Werder Bremen,Unknown,25-299,GER,FW,3997.0,20.419999999999998,0.072,0.714,0.3152364273204904,0.09006755066299725,0.3152364273204904,0.0,0.09006755066299725,0.0,0.47285464098073554,1.508631473605204,0.9231923942957219,1.4635976982737051,0.27020265198899174,0.4053039779834876,2.859644733550163,0.9907430572929699
Jáder Durán,Aston Villa,ENG-Premier League,20,COL,FW,1249.0,37.333333333333336,0.16,1.5533333333333335,0.8646917534027221,0.0,0.8646917534027221,0.0,0.6485188150520417,0.07205764611689351,2.522017614091273,1.8734987990392313,0.8646917534027221,0.7926341072858287,0.14411529223378702,0.9367493995196157,4.179343474779824,1.7293835068054442
Jérémie Bela,Clermont Foot,FRA-Ligue 1,30,ANG,MF,946.0,37.5,0.04,0.625,0.09513742071881608,0.09513742071881608,0.09513742071881608,0.0,0.0,0.0,0.6659619450317125,1.9978858350951376,0.0,4.661733615221987,0.7610993657505286,0.47568710359408034,1.7124735729386893,0.6659619450317125
Jérémy Jacquet,Rennes,FRA-Ligue 1,20,FRA,DF,3091.0,12.959999999999999,0.0,1.78,0.0,0.058233581365253966,0.0,0.0,0.20381753477838888,0.029116790682626983,1.0773212552571985,0.8735037204788094,0.058233581365253966,0.11646716273050793,1.717890650274992,1.2520219993529602,0.5823358136525396,0.1747007440957619
Jérémy Le Douaron,Troyes,FRA-Ligue 1,28-142,FRA,"FW,MF",3826.0,41.775,0.14750000000000002,0.7825,0.35284892838473597,0.0705697856769472,0.35284892838473597,0.0,0.09409304756926293,0.0,1.5290120230005229,1.5760585467851542,0.35284892838473597,1.7642446419236801,0.3293256664924203,0.4469419759539989,2.5875588081547307,1.0820700470465239
Jérôme Roussillon,Union Berlin,Unknown,31,GLP,DF,1867.0,22.6,0.0,1.6775,0.0,0.144617032672737,0.0,0.0,0.192822710230316,0.0,0.8677021960364221,1.253347616497054,0.0,3.2779860739153723,0.5302624531333691,0.8677021960364221,0.8677021960364221,0.337439742903053
Jóhann Berg Guðmundsson,Burnley,ENG-Premier League,32,ISL,MF,1192.0,40.0,0.07,0.5,0.07550335570469799,0.22651006711409394,0.07550335570469799,0.0,0.15100671140939598,0.0,0.6795302013422819,1.5100671140939597,0.15100671140939598,5.285234899328859,1.1325503355704698,0.30201342281879195,1.1325503355704698,0.4530201342281879
Jørgen Strand Larsen,Celta Vigo,ESP-La Liga,23,NOR,FW,9597.0,42.666666666666664,0.11666666666666665,0.9683333333333334,0.3282275711159738,0.11253516723976242,0.3188496405126602,0.009377930603313534,0.1594248202563301,0.0,1.8662081900593934,1.2378868396373868,0.5532979055954985,0.3188496405126602,0.1594248202563301,0.26258205689277897,2.0912785245389185,0.9284151297280401
Kacper Potulski,Mainz 05,Unknown,18-326,POL,DF,1166.0,17.85,0.035,1.835,0.07718696397941681,0.0,0.07718696397941681,0.0,0.23156089193825044,0.0,1.4665523156089193,0.4631217838765009,0.0,0.15437392795883362,1.5437392795883362,1.1578044596912522,1.1578044596912522,0.38593481989708406
Kacper Urbanski,Monza,ITA-Serie A,19,POL,MF,1673.0,26.766666666666666,0.08333333333333333,1.25,0.0537955768081291,0.0537955768081291,0.0537955768081291,0.0,0.26897788404064554,0.0,1.2910938433950987,0.968320382546324,0.16138673042438734,1.7752540346682606,0.4303646144650328,0.7531380753138075,1.3986849970113568,0.4303646144650328
Kader Meïté,Rennes,FRA-Ligue 1,17,FRA,FW,1079.0,32.55,0.135,1.295,0.4170528266913809,0.16682113067655235,0.4170528266913809,0.0,0.0,0.0,2.168674698795181,1.0009267840593141,1.0009267840593141,0.4170528266913809,0.08341056533827618,0.16682113067655235,3.0861909175162188,1.0009267840593141
Kai Havertz,Arsenal,ENG-Premier League,27-091,GER,FW,7916.0,45.78,0.194,2.254,0.3751894896412329,0.15917129863567459,0.3524507326932794,0.022738756947953513,0.2501263264274886,0.0,1.7849924204143508,1.2051541182415362,0.7731177362304194,0.5002526528549772,0.3751894896412329,0.5002526528549772,2.4557857503789795,1.023244062657908
Kaiky,Almería,ESP-La Liga,19,BRA,DF,1104.0,16.65,0.165,0.845,0.08152173913043478,0.0,0.08152173913043478,0.0,0.5706521739130435,0.0,1.141304347826087,0.24456521739130435,0.0,0.16304347826086957,0.9782608695652174,0.733695652173913,0.32608695652173914,0.08152173913043478
Kaishū Sano,Mainz 05,Unknown,25-254,JPN,MF,6279.0,11.666666666666666,0.013333333333333334,1.57,0.01433349259436216,0.04300047778308648,0.01433349259436216,0.0,0.05733397037744864,0.0,0.4586717630195891,0.9460105112279025,0.08600095556617296,0.4300047778308648,1.9350215002388915,0.9316770186335404,0.6593406593406593,0.11466794075489728
Kalidou Koulibaly,Chelsea,ENG-Premier League,31,SEN,DF,1800.0,36.4,0.18,1.26,0.1,0.05,0.1,0.0,0.35,0.05,1.1,0.45,0.0,0.2,1.4,1.5,0.55,0.2
Kalvin Phillips,Ipswich Town,ENG-Premier League,28,ENG,MF,1939.0,21.225,0.0,1.5350000000000001,0.0,0.0,0.0,0.0,0.46415678184631254,0.09283135636926251,2.552862300154719,1.4388860237235688,0.0,1.0675605982465188,1.2532233109850437,1.4853017019082002,1.0211449200618876,0.18566271273852503
Kamaldeen Sulemana,Atalanta,ITA-Serie A,23,GHA,MF,3705.0,31.6,0.0675,1.0150000000000001,0.145748987854251,0.0728744939271255,0.145748987854251,0.0,0.19433198380566802,0.0,1.1902834008097165,1.0445344129554657,0.26720647773279355,1.8461538461538463,0.4129554655870445,0.825910931174089,2.234817813765182,0.7044534412955465
Kamory Doumbia,Brest,FRA-Ligue 1,23-204,MLI,MF,5342.0,41.0,0.20400000000000001,1.524,0.33695245226506926,0.23586671658554847,0.30325720703856235,0.03369524522650693,0.15162860351928117,0.0,1.3309621864470236,1.095095469861475,0.08423811306626731,1.448895544739798,1.2467240733807563,1.5836765256458254,2.105952826656683,0.8255335080494197
Kaoru Mitoma,Brighton,ENG-Premier League,28,JPN,"MF,FW",8128.0,43.125,0.1225,1.5325,0.2546751968503937,0.15501968503937008,0.2546751968503937,0.0,0.11072834645669291,0.0,1.262303149606299,1.0519192913385826,0.2436023622047244,2.2588582677165356,0.46505905511811024,0.7750984251968505,1.937746062992126,0.8415354330708662
Kareem Tunde,Levante,ESP-La Liga,21-022,ESP,FW,1148.0,7.15,0.0,0.69,0.0,0.078397212543554,0.0,0.0,0.23519163763066203,0.0,1.254355400696864,1.8815331010452963,0.156794425087108,0.862369337979094,1.0975609756097562,0.862369337979094,1.646341463414634,0.23519163763066203
Karim Adeyemi,Dortmund,Unknown,23,GER,"MF,FW",5045.0,53.120000000000005,0.2,2.212,0.4281466798810704,0.3032705649157582,0.4281466798810704,0.0,0.4281466798810704,0.017839444995044598,1.5877106045589693,1.7125867195242817,0.19623389494549057,1.5698711595639245,0.4638255698711596,0.7492566897918732,2.497522299306244,1.0525272547076312
Karim Benzema,Real Madrid,ESP-La Liga,34,FRA,FW,2038.0,42.1,0.18,2.08,0.8390578999018646,0.1324828263002944,0.5299313052011776,0.30912659470068693,0.04416094210009813,0.0,0.4416094210009814,0.2649656526005888,0.971540726202159,0.1324828263002944,0.04416094210009813,0.2208047105004907,4.7252208047105,1.987242394504416
Karim Onisiwo,Mainz 05,Unknown,32,AUT,MF,4142.0,22.766666666666666,0.06,1.4133333333333333,0.23901496861419602,0.10864316755190728,0.23901496861419602,0.0,0.10864316755190728,0.0,1.803476581361661,1.7165620473201353,0.8256880733944955,1.7165620473201353,0.08691453404152583,0.43457267020762913,2.2597778850796715,0.8474167069048769
Karim Rekik,Sevilla,ESP-La Liga,27,NED,DF,1181.0,14.3,0.14,1.38,0.07620660457239627,0.07620660457239627,0.07620660457239627,0.0,0.15241320914479253,0.0,1.4479254868755291,0.3810330228619814,0.0,0.07620660457239627,0.7620660457239627,0.3810330228619814,0.5334462320067739,0.07620660457239627
Karl Etta Eyong,Levante,ESP-La Liga,22-331,CMR,FW,1795.0,48.339999999999996,0.156,1.4460000000000002,0.4011142061281337,0.25069637883008355,0.4011142061281337,0.0,0.15041782729805014,0.0,1.754874651810585,1.8551532033426184,0.4011142061281337,0.7019498607242339,0.3008356545961003,0.7019498607242339,2.7075208913649025,1.3537604456824512
Karl Toko Ekambi,Rennes,FRA-Ligue 1,29,CMR,"MF,FW",2325.0,39.05,0.12000000000000001,1.57,0.2709677419354839,0.15483870967741936,0.2709677419354839,0.0,0.03870967741935484,0.0,0.5806451612903226,0.6580645161290323,0.3870967741935484,1.238709677419355,0.6967741935483871,0.4258064516129032,2.4387096774193546,1.0064516129032257
Karol Linetty,Torino,ITA-Serie A,29,POL,MF,5284.0,18.266666666666666,0.04,1.3866666666666667,0.03406510219530658,0.0,0.03406510219530658,0.0,0.44284632853898565,0.0,2.3675246025738077,0.9197577592732777,0.10219530658591976,0.7323996971990917,0.8345950037850114,1.0049205147615443,0.8345950037850114,0.15329295987887964
Karol Mets,St Pauli,Unknown,32,EST,DF,2832.0,7.15,0.07,0.79,0.03177966101694915,0.0,0.03177966101694915,0.0,0.1271186440677966,0.0,0.635593220338983,0.5084745762711864,0.03177966101694915,0.2860169491525424,1.048728813559322,0.9533898305084745,0.3177966101694915,0.03177966101694915
Kassoum Ouattara,Monaco,FRA-Ligue 1,20,FRA,"MF,DF",1994.0,37.5,0.043333333333333335,1.49,0.04513540621865597,0.18054162487462388,0.04513540621865597,0.0,0.3159478435305918,0.0,1.8956870611835508,0.9478435305917754,0.04513540621865597,4.603811434302909,1.6700100300902707,1.715145436308927,0.9929789368104314,0.27081243731193577
Keane Lewis-Potter,Brentford,ENG-Premier League,25-200,ENG,DF,7094.0,35.1,0.076,1.392,0.10149422046800113,0.11418099802650127,0.10149422046800113,0.0,0.10149422046800113,0.0,0.6089653228080067,1.1291232027065126,0.13955455314350157,2.791091062870031,0.5074711023400056,0.6343388779250071,1.4589794192275163,0.6089653228080067
Keinan Davis,Udinese,ITA-Serie A,28-209,ENG,FW,3459.0,44.475,0.11000000000000001,1.3725,0.3382480485689506,0.15611448395490027,0.2341717259323504,0.10407632263660019,0.2341717259323504,0.0,1.821335646140503,1.6131830008673025,0.572419774501301,0.20815264527320038,0.052038161318300094,0.2862098872506505,2.341717259323504,1.0667823070251519
Keito Nakamura,Reims,FRA-Ligue 1,24,JPN,"MF,FW",4030.0,35.5,0.115,1.2149999999999999,0.3349875930521092,0.06699751861042183,0.3349875930521092,0.0,0.13399503722084366,0.0,1.1612903225806452,0.2903225806451613,0.2679900744416873,1.719602977667494,0.3796526054590571,0.6029776674937966,2.7915632754342434,1.0272952853598016
Keke Topp,Werder Bremen,Unknown,21,GER,FW,910.0,23.03333333333333,0.10999999999999999,0.8433333333333333,0.2967032967032967,0.2967032967032967,0.2967032967032967,0.0,0.4945054945054945,0.0,2.4725274725274726,1.2857142857142856,0.3956043956043956,1.1868131868131868,0.2967032967032967,0.5934065934065934,3.263736263736264,0.6923076923076923
Kelechi Iheanacho,Sevilla,ESP-La Liga,27,NGA,FW,1527.0,29.049999999999997,0.065,0.785,0.29469548133595286,0.29469548133595286,0.2357563850687623,0.05893909626719057,0.0,0.0,1.3555992141453832,0.3536345776031434,1.119842829076621,0.29469548133595286,0.0,0.11787819253438114,2.829076620825147,0.9430255402750491
Kelvin Amian,Spezia,ITA-Serie A,24,FRA,"DF,MF",7296.0,26.0,0.035,0.8,0.012335526315789474,0.03700657894736842,0.012335526315789474,0.0,0.20970394736842105,0.012335526315789474,1.1842105263157894,0.46875,0.049342105263157895,1.4925986842105263,0.6044407894736842,1.1225328947368423,0.5427631578947368,0.16036184210526314
Kenan Karaman,Schalke 04,Unknown,32-189,TUR,"FW,MF",983.0,20.45,0.025,1.025,0.09155645981688708,0.18311291963377416,0.09155645981688708,0.0,0.18311291963377416,0.0,1.0986775178026449,2.1973550356052898,0.6408952187182095,2.014242115971516,0.5493387589013224,0.7324516785350966,2.014242115971516,0.8240081383519837
Kenan Yıldız,Juventus,ITA-Serie A,21-129,TUR,MF,6247.0,41.425,0.08,2.105,0.2737313910677125,0.14406915319353292,0.2593244757483592,0.01440691531935329,0.10084840723547302,0.01440691531935329,0.8644149191611974,1.844085160877221,0.17288298383223946,3.6305426604770292,0.21610372979029935,0.7635665119257243,2.578837842164239,1.0228909876740835
Kenneth Taylor,Lazio,ITA-Serie A,24-117,NED,MF,1664.0,18.75,0.095,2.265,0.1622596153846154,0.10817307692307693,0.1622596153846154,0.0,0.27043269230769235,0.0,1.1358173076923077,0.8112980769230769,0.054086538461538464,0.5408653846153847,0.6490384615384616,0.8112980769230769,0.9735576923076923,0.3245192307692308
Kenny Lala,Brest,FRA-Ligue 1,34-342,MAD,DF,10065.0,29.160000000000004,0.078,1.55,0.044709388971684055,0.08941877794336811,0.01788375558867362,0.02682563338301043,0.17883755588673622,0.0,0.6974664679582713,0.7153502235469449,0.01788375558867362,4.041728763040239,0.8941877794336811,1.225037257824143,0.4292101341281669,0.16095380029806258
Kenny Tete,Fulham,ENG-Premier League,29,NED,DF,7001.0,22.65,0.0975,1.3575,0.03856591915440651,0.0899871446936152,0.03856591915440651,0.0,0.2185402085416369,0.0,1.5426367661762606,1.4526496214826452,0.025710612769604343,2.4939294386516213,1.581202685330667,1.8511641194115125,0.7327524639337237,0.14140837023282388
Kerem Demirbay,Leverkusen,Unknown,29,GER,MF,1544.0,19.4,0.13,1.36,0.23316062176165803,0.17487046632124353,0.23316062176165803,0.0,0.2914507772020725,0.0,1.8069948186528495,1.2823834196891193,0.0,5.246113989637306,0.9326424870466321,1.049222797927461,1.8069948186528495,0.34974093264248707
Kervin Arriaga,Levante,ESP-La Liga,27,HON,MF,1532.0,37.5,0.19,1.19,0.1762402088772846,0.1762402088772846,0.1762402088772846,0.0,0.4699738903394256,0.0587467362924282,1.2924281984334205,1.2924281984334205,0.0587467362924282,0.29373368146214096,0.8224543080939948,1.5274151436031334,0.9399477806788512,0.3524804177545692
Keven Schlotterbeck,Augsburg,Unknown,28,GER,DF,6261.0,32.58,0.13799999999999998,1.558,0.14374700527072354,0.04312410158121706,0.14374700527072354,0.0,0.3306181121226641,0.028749401054144707,1.2074748442740775,1.0493531384762818,0.057498802108289414,0.34499281264973647,1.4374700527072353,1.0781025395304265,0.8337326305701965,0.34499281264973647
Kevin,Fulham,ENG-Premier League,23-249,BRA,MF,1067.0,20.0,0.02,0.69,0.08434864104967198,0.08434864104967198,0.08434864104967198,0.0,0.08434864104967198,0.0,1.4339268978444237,1.4339268978444237,0.2530459231490159,3.795688847235239,0.7591377694470478,0.8434864104967197,2.1087160262417997,0.8434864104967197
Kevin Agudelo,Spezia,ITA-Serie A,23,COL,"MF,FW",2131.0,25.0,0.0,0.74,0.0,0.04223369310183012,0.0,0.0,0.21116846550915064,0.0,1.4359455654622244,1.4781792585640545,0.08446738620366025,1.4359455654622244,0.3801032379164711,1.5626466447677148,1.1825434068512435,0.29563585171281087
Kevin Akpoguma,Hoffenheim,Unknown,30,NGA,DF,5328.0,8.125,0.0,1.185,0.0,0.0,0.0,0.0,0.3547297297297297,0.016891891891891893,1.2331081081081081,0.945945945945946,0.016891891891891893,0.40540540540540543,1.1486486486486487,1.4864864864864864,0.25337837837837834,0.033783783783783786
Kevin Behrens,Wolfsburg,Unknown,33,GER,FW,3583.0,39.875,0.1325,1.3175,0.3516606195925202,0.050237231370360035,0.3516606195925202,0.0,0.3014233882221602,0.0,1.7331844822774212,1.306168015629361,0.6028467764443204,0.4521350823332403,0.3516606195925202,0.5023723137036004,2.4113871057772815,0.9042701646664806
Kevin Bonifazi,Lecce,ITA-Serie A,28,ITA,DF,1366.0,0.0,0.0,1.1400000000000001,0.0,0.0,0.0,0.0,0.13177159590043924,0.0,0.7247437774524158,0.19765739385065886,0.06588579795021962,0.13177159590043924,1.1859443631039532,0.7906295754026355,0.13177159590043924,0.0
Kevin Carlos,Cagliari,ITA-Serie A,25-153,ESP,FW,914.0,15.9,0.0,0.455,0.0,0.0,0.0,0.0,0.3938730853391685,0.0,2.9540481400437635,1.6739606126914661,0.5908096280087527,0.3938730853391685,0.09846827133479212,0.09846827133479212,2.166301969365427,0.6892778993435449
Kevin Danso,Lens,FRA-Ligue 1,25,AUT,DF,9393.0,20.266666666666666,0.015,1.455,0.01916320664324497,0.01916320664324497,0.01916320664324497,0.0,0.22995847971893965,0.009581603321622485,1.1593740019163206,1.3701692749920154,0.05748961992973491,0.10539763653784733,0.9964867454487384,0.6228042159054615,0.6994570424784414,0.15330565314595976
Kevin De Bruyne,Napoli,ITA-Serie A,35-074,BEL,"FW,MF",6593.0,38.64,0.192,2.016,0.2866676778401335,0.49143030486880024,0.24571515243440012,0.04095252540573335,0.0819050508114667,0.0,0.7780979827089338,0.9146064007280449,0.20476262702866677,7.767328985287426,0.3276202032458668,0.5596845138783558,2.661914151372668,0.928257242529956
Kevin Diks,Gladbach,Unknown,29-339,IDN,DF,2644.0,28.25,0.11,0.6,0.170196671709531,0.0,0.0340393343419062,0.1361573373676248,0.23827534039334342,0.0,0.510590015128593,0.8169440242057489,0.0340393343419062,0.170196671709531,0.8169440242057489,1.0552193645990924,0.850983358547655,0.4425113464447807
Kevin Kampl,RB Leipzig,Unknown,34,SVN,MF,4331.0,18.475,0.15,2.0549999999999997,0.08312168090510275,0.04156084045255137,0.08312168090510275,0.0,0.332486723620411,0.0,1.2052643731239898,0.35326714384668667,0.04156084045255137,0.9351189101824059,1.122142692218887,0.7688755483722004,0.41560840452551373,0.10390210113137843
Kevin Lasagna,Hellas Verona,ITA-Serie A,29,ITA,"FW,MF",1572.0,21.2,0.02,0.81,0.05725190839694657,0.11450381679389314,0.05725190839694657,0.0,0.11450381679389314,0.0,1.4312977099236641,1.2595419847328244,0.8587786259541985,0.7442748091603053,0.2862595419847328,0.45801526717557256,2.9770992366412212,0.6297709923664122
Kevin Mbabu,Augsburg,Unknown,28,SUI,"DF,MF",2191.0,12.5,0.0,0.895,0.0,0.12323140118667276,0.0,0.0,0.24646280237334553,0.0,2.0127795527156547,1.0680054769511638,0.08215426745778183,4.395253308991328,1.0269283432222729,1.7252396166134185,0.16430853491556366,0.041077133728890915
Kevin Paredes,Wolfsburg,Unknown,22,USA,MF,2248.0,35.525,0.10250000000000001,0.8725,0.16014234875444838,0.16014234875444838,0.16014234875444838,0.0,0.32028469750889677,0.0,0.7206405693950179,3.2428825622775803,0.2802491103202847,2.562277580071174,1.3211743772241993,1.3612099644128113,1.1610320284697508,0.4403914590747331
Kevin Schade,Freiburg,Unknown,20,GER,MF,6552.0,39.5,0.16166666666666665,1.53,0.3159340659340659,0.09615384615384616,0.3159340659340659,0.0,0.15109890109890112,0.013736263736263736,1.35989010989011,1.4697802197802199,0.4258241758241758,1.1675824175824177,0.4120879120879121,1.0027472527472527,1.978021978021978,0.8653846153846154
Kevin Sessa,Heidenheim,Unknown,23,GER,MF,1011.0,24.1,0.1,1.27,0.26706231454005935,0.0,0.26706231454005935,0.0,0.08902077151335311,0.0,1.4243323442136497,1.780415430267062,0.08902077151335311,1.8694362017804154,0.35608308605341243,0.8011869436201781,2.5816023738872405,0.6231454005934718
Kevin Spadanuda,Ajaccio,FRA-Ligue 1,25,SUI,MF,1063.0,14.3,0.0,0.32,0.0,0.08466603951081844,0.0,0.0,0.25399811853245535,0.0,1.6933207902163687,1.6933207902163687,0.08466603951081844,0.4233301975540922,1.1006585136406397,1.5239887111947317,0.5926622765757291,0.08466603951081844
Kevin Strootman,Genoa,ITA-Serie A,33,NED,MF,1207.0,0.0,0.0,1.41,0.0,0.14913007456503727,0.0,0.0,0.29826014913007454,0.0,1.1930405965202981,0.4473902236951119,0.0,1.4913007456503728,0.5219552609776306,1.4167357083678542,0.07456503728251863,0.0
Kevin Stöger,Gladbach,Unknown,33-014,AUT,MF,8205.0,25.96,0.06999999999999999,0.834,0.17550274223034734,0.18647166361974407,0.07678244972577697,0.09872029250457037,0.18647166361974407,0.0,1.360146252285192,2.0511882998171846,0.021937842778793418,6.3400365630712985,0.8007312614259599,1.2943327239488118,1.886654478976234,0.5594149908592322
Kevin Vogt,Union Berlin,Unknown,32,GER,DF,5784.0,37.5,0.25,1.1625,0.015560165975103735,0.0,0.0,0.015560165975103735,0.32676348547717843,0.0,0.9336099585062241,0.5601659751037344,0.015560165975103735,0.09336099585062241,0.8091286307053941,0.5446058091286308,0.06224066390041494,0.03112033195020747
Kevin Volland,Union Berlin,Unknown,32,GER,"FW,MF",2045.0,30.73333333333333,0.09333333333333334,0.9866666666666667,0.26405867970660146,0.26405867970660146,0.17603911980440096,0.08801955990220048,0.2200488997555012,0.08801955990220048,2.2444987775061125,1.1442542787286063,0.6161369193154034,2.8166259168704153,0.3080684596577017,0.6601466992665037,2.2444987775061125,0.9682151589242054
Kevin Vázquez,Celta Vigo,ESP-La Liga,30,ESP,DF,1141.0,25.0,0.0,1.035,0.0,0.0,0.0,0.0,0.3943908851884312,0.0,1.4986853637160384,1.1831726555652935,0.07887817703768624,1.1831726555652935,0.4732690622261175,1.735319894829097,0.15775635407537247,0.07887817703768624
Khalil Fayad,Montpellier,FRA-Ligue 1,20,FRA,"MF,FW",2771.0,34.06666666666667,0.06,0.8733333333333334,0.09743774810537711,0.06495849873691807,0.09743774810537711,0.0,0.2598339949476723,0.032479249368459036,1.9487549621075424,2.1761097076867557,0.06495849873691807,1.3966077228437388,1.0718152291591483,1.4940454709491158,1.3641284734752797,0.45470949115842657
Khalis Merah,Lyon,FRA-Ligue 1,19-198,FRA,MF,1154.0,25.0,0.0,2.59,0.0,0.0779896013864818,0.0,0.0,0.1559792027729636,0.0,0.8578856152512998,1.559792027729636,0.0,1.0138648180242635,0.46793760831889086,1.6377816291161178,0.46793760831889086,0.23396880415944543
Khvicha Kvaratskhelia,Napoli,ITA-Serie A,23,GEO,"FW,MF",8985.0,38.199999999999996,0.09500000000000001,1.47,0.4006677796327212,0.27045075125208684,0.3606010016694491,0.04006677796327212,0.11018363939899832,0.0,0.8814691151919866,2.043405676126878,0.1903171953255426,3.10517529215359,0.34056761268781305,0.8414023372287145,3.6861435726210354,1.4023372287145242
Khéphren Thuram,Juventus,ITA-Serie A,24,FRA,MF,9423.0,28.125,0.0625,1.6625,0.09551098376313276,0.1241642788920726,0.09551098376313276,0.0,0.1623686723973257,0.0,1.3276026743075453,0.7163323782234957,0.0764087870105062,0.7163323782234957,0.725883476599809,1.0792741165234003,1.556829035339064,0.4393505253104107
Ki-Jana Hoever,Auxerre,FRA-Ligue 1,22,NED,"DF,MF",2549.0,75.0,0.05,0.635,0.03530796390741467,0.07061592781482934,0.03530796390741467,0.0,0.14123185562965868,0.03530796390741467,0.8826990976853668,0.5296194586112201,0.03530796390741467,3.4954884268340525,0.8826990976853668,1.8007061592781484,0.3883876029815614,0.21184778344448804
Kialonda,Lecce,ITA-Serie A,28-348,ANG,DF,4219.0,39.13333333333333,0.0,1.0166666666666666,0.0,0.02133206921071344,0.0,0.0,0.23465276131784785,0.02133206921071344,0.5546337994785494,0.9599431144821047,0.04266413842142688,0.1066603460535672,1.1092675989570988,0.5546337994785494,0.5546337994785494,0.06399620763214031
Kieffer Moore,Bournemouth,ENG-Premier League,30,WAL,"DF,FW",1387.0,36.2,0.17,0.865,0.32444124008651765,0.0,0.32444124008651765,0.0,0.06488824801730353,0.0,2.0115356885364095,2.076423936553713,0.06488824801730353,0.5839942321557318,0.06488824801730353,0.7786589762076424,1.8817591925018022,0.7137707281903388
Kieran Tierney,Real Sociedad,ESP-La Liga,26,SCO,DF,2292.0,26.2,0.16666666666666666,2.1300000000000003,0.03926701570680628,0.11780104712041886,0.03926701570680628,0.0,0.03926701570680628,0.0,0.47120418848167545,0.7460732984293195,0.11780104712041886,2.5916230366492146,0.9031413612565444,1.5314136125654452,0.43193717277486915,0.11780104712041886
Kieran Trippier,Newcastle,ENG-Premier League,34,ENG,DF,8472.0,13.4,0.05,1.495,0.021246458923512748,0.22308781869688385,0.021246458923512748,0.0,0.14872521246458922,0.0,1.1898016997167138,0.8392351274787536,0.13810198300283286,8.392351274787536,0.9029745042492918,1.1685552407932012,0.29745042492917845,0.06373937677053824
Kiernan Dewsbury-Hall,Everton,ENG-Premier League,28-004,ENG,MF,5465.0,26.5,0.1,1.5125,0.18115279048490393,0.11527904849039342,0.18115279048490393,0.0,0.18115279048490393,0.016468435498627632,1.2186642268984447,1.515096065873742,0.04940530649588289,2.8325709057639528,0.7081427264409882,1.0375114364135407,1.2351326623970722,0.4117108874656908
Kieron Bowie,Sassuolo,ITA-Serie A,23-354,SCO,FW,1448.0,30.95,0.06,0.915,0.24861878453038672,0.0,0.24861878453038672,0.0,0.06215469613259668,0.0,2.361878453038674,2.0511049723756907,0.24861878453038672,0.3729281767955801,0.06215469613259668,0.24861878453038672,2.4861878453038675,0.8080110497237569
Kike Barja,Osasuna,ESP-La Liga,29-162,ESP,MF,2467.0,38.72,0.128,1.3699999999999999,0.1459262261856506,0.3283340089177138,0.1459262261856506,0.0,0.4377786785569518,0.0,1.7875962707742197,1.2768544791244427,0.40129712201053913,8.82853668423186,0.5107417916497771,0.7296311309282529,1.3133360356708552,0.5107417916497771
Kike Pérez,Venezia,ITA-Serie A,29-208,ESP,MF,5685.0,29.339999999999996,0.05600000000000001,0.692,0.079155672823219,0.0316622691292876,0.079155672823219,0.0,0.42744063324538256,0.0,2.5963060686015833,2.121372031662269,0.09498680738786279,2.5646437994722957,0.7757255936675461,1.6306068601583115,1.4564643799472297,0.4432717678100264
Kike Salas,Sevilla,ESP-La Liga,24-140,ESP,DF,6681.0,27.419999999999998,0.152,1.078,0.12123933542882803,0.04041311180960934,0.12123933542882803,0.0,0.24247867085765606,0.026942074539739562,1.22586439155815,0.6870229007633587,0.04041311180960934,0.37718904355635385,1.3875168387965873,1.21239335428828,0.862146385271666,0.28289178266726533
Kiko Femenía,Getafe,ESP-La Liga,35-220,ESP,"DF,MF",7089.0,7.5,0.026000000000000002,1.282,0.012695725772323318,0.025391451544646636,0.012695725772323318,0.0,0.2666102412187897,0.025391451544646636,0.9394837071519255,0.45704612780363946,0.07617435463393991,1.955141768937791,1.637748624629708,1.2060939483707152,0.17774016081252647,0.03808717731696996
Kiké,Espanyol,ESP-La Liga,35,ESP,FW,6720.0,40.525,0.11,1.2075,0.3482142857142857,0.040178571428571425,0.28125,0.06696428571428571,0.2142857142857143,0.013392857142857144,1.7678571428571428,2.2098214285714284,0.8169642857142858,0.6026785714285714,0.10714285714285715,0.40178571428571425,2.9732142857142856,1.2321428571428572
Kilian Fischer,Wolfsburg,Unknown,24,GER,DF,3890.0,12.5,0.0425,1.455,0.02313624678663239,0.0,0.02313624678663239,0.0,0.2313624678663239,0.0,1.295629820051414,0.43958868894601544,0.0,1.8046272493573263,0.8560411311053985,1.596401028277635,0.34704370179948585,0.04627249357326478
Kiliann Sildillia,Freiburg,Unknown,22,FRA,DF,4584.0,17.633333333333336,0.09666666666666666,1.6366666666666667,0.03926701570680628,0.05890052356020943,0.03926701570680628,0.0,0.15706806282722513,0.03926701570680628,1.492146596858639,0.4908376963350785,0.13743455497382198,1.6295811518324608,1.0209424083769634,0.9620418848167539,0.47120418848167545,0.07853403141361257
Kim Min-jae,Bayern Munich,Unknown,29-299,KOR,DF,8988.0,42.28,0.168,2.528,0.06008010680907877,0.04005340453938585,0.06008010680907877,0.0,0.12016021361815754,0.0,0.8411214953271028,0.1602136181575434,0.010013351134846462,0.10013351134846461,1.5520694259012018,0.9312416555407209,0.30040053404539385,0.15020026702269693
Kingsley Coman,Bayern Munich,Unknown,28,FRA,MF,3804.0,32.93333333333334,0.12,2.3633333333333333,0.3785488958990536,0.28391167192429023,0.3785488958990536,0.0,0.07097791798107256,0.02365930599369085,0.5678233438485805,1.2302839116719242,0.3312302839116719,4.329652996845426,0.28391167192429023,0.638801261829653,3.004731861198738,1.0173501577287067
Kingsley Ehizibue,Köln,Unknown,27,NED,DF,6885.0,35.61666666666667,0.06166666666666667,0.9700000000000001,0.05228758169934641,0.026143790849673203,0.05228758169934641,0.0,0.2745098039215686,0.0,1.4771241830065358,1.3202614379084967,0.1830065359477124,1.8823529411764706,0.7581699346405228,1.4640522875816993,0.7189542483660131,0.20915032679738563
Kingsley Schindler,Köln,Unknown,29,GHA,"MF,DF",1088.0,36.4,0.0,1.24,0.0,0.08272058823529412,0.0,0.0,0.33088235294117646,0.0,0.9099264705882354,0.9926470588235294,0.16544117647058823,3.8051470588235294,1.0753676470588234,0.8272058823529412,0.9099264705882354,0.33088235294117646
Kirian Rodríguez,Las Palmas,ESP-La Liga,28,ESP,MF,4969.0,37.75,0.07,1.09,0.10867377742000403,0.09056148118333668,0.10867377742000403,0.0,0.18112296236667336,0.0,0.5795934795733548,0.9961762930167035,0.01811229623666734,0.7607164419400282,0.6520426645200241,0.9237271080700342,1.1591869591467097,0.41658281344334874
Klaus Gjasula,Darmstadt 98,Unknown,33,ALB,"DF,MF",1363.0,11.1,0.0,0.55,0.0,0.0,0.0,0.0,0.4622157006603081,0.06603081438004402,1.5187087307410123,0.7263389581804842,0.0,0.4622157006603081,1.1885546588407925,1.3866471019809243,0.5942773294203962,0.06603081438004402
Ko Itakura,Gladbach,Unknown,29-226,JPN,DF,6547.0,38.25,0.07,0.8400000000000001,0.08248052543149534,0.027493508477165113,0.08248052543149534,0.0,0.20620131357873833,0.027493508477165113,0.962272796700779,0.42614938139605923,0.013746754238582556,0.26118833053306856,1.085993584848022,0.9210325339850314,0.7560714831220406,0.26118833053306856
Kobbie Mainoo,Manchester Utd,ENG-Premier League,21-144,ENG,MF,5434.0,16.380000000000003,0.07,1.8079999999999998,0.06624953993375046,0.06624953993375046,0.06624953993375046,0.0,0.16562384983437617,0.0,0.9109311740890689,1.159366948840633,0.06624953993375046,0.4637467795362532,1.0434302539565696,1.2753036437246963,0.7121825542878174,0.16562384983437617
Koffi Djidji,Torino,ITA-Serie A,30,CIV,DF,3183.0,21.45,0.07,1.365,0.02827521206409048,0.0,0.02827521206409048,0.0,0.1413760603204524,0.0,1.0744580584354382,0.11310084825636192,0.02827521206409048,0.4241281809613572,1.2158341187558905,0.9613572101790764,0.2544769085768143,0.08482563619227144
Koffi Kouao,Metz,FRA-Ligue 1,27,CIV,"DF,MF",3125.0,31.75,0.045,0.7050000000000001,0.057600000000000005,0.0864,0.057600000000000005,0.0,0.3456,0.0,1.3824,1.0944,0.11520000000000001,2.16,1.1520000000000001,1.6704,0.8063999999999999,0.3168
Kojo Peprah Oppong,Nice,FRA-Ligue 1,21,GHA,DF,2425.0,30.0,0.1,1.0,0.03711340206185567,0.0,0.03711340206185567,0.0,0.14845360824742268,0.0,1.1505154639175257,1.1134020618556701,0.03711340206185567,0.18556701030927836,1.1134020618556701,1.0391752577319588,0.3711340206185567,0.111340206185567
Koke,Atlético Madrid,ESP-La Liga,34-245,ESP,MF,9376.0,18.259999999999998,0.046,2.0100000000000002,0.02879692832764505,0.09598976109215017,0.02879692832764505,0.0,0.1823805460750853,0.0,0.8063139931740614,0.8447098976109215,0.009598976109215018,1.0174914675767919,0.7199232081911262,1.3438566552901023,0.4991467576791809,0.10558873720136519
Komnen Andrić,Clermont Foot,FRA-Ligue 1,28,SRB,FW,1615.0,21.65,0.065,0.835,0.22291021671826627,0.16718266253869968,0.16718266253869968,0.05572755417956657,0.22291021671826627,0.0,1.0588235294117647,2.3962848297213624,0.44582043343653255,0.16718266253869968,0.5015479876160991,0.2786377708978328,1.8390092879256965,0.7244582043343653
Konan N'dri,Lecce,ITA-Serie A,25-318,NIG,FW,993.0,16.166666666666668,0.03666666666666667,0.7200000000000001,0.18126888217522658,0.0,0.18126888217522658,0.0,0.2719033232628399,0.0,1.540785498489426,2.356495468277946,0.18126888217522658,3.8066465256797586,0.2719033232628399,0.9063444108761329,2.809667673716012,0.6344410876132931
Koni De Winter,Milan,ITA-Serie A,24-090,BEL,DF,7609.0,17.259999999999998,0.074,1.56,0.04731239321855697,0.023656196609278486,0.04731239321855697,0.0,0.22473386778814564,0.011828098304639243,1.4785122880799055,0.40215534235773426,0.023656196609278486,0.15376527796031014,0.8634511762386646,0.9344197660665002,0.40215534235773426,0.11828098304639244
Konrad Laimer,Bayern Munich,Unknown,29-106,AUT,DF,7113.0,41.96,0.088,2.266,0.10122311261071278,0.17714044706874735,0.10122311261071278,0.0,0.3542808941374947,0.0,1.6069169126950653,0.7591733445803458,0.11387600168705188,1.3032475748629269,0.7212146773513286,1.4803880219316743,0.9363137916490932,0.3795866722901729
Konstantinos Koulierakis,Wolfsburg,Unknown,21,GRE,DF,4973.0,19.933333333333334,0.049999999999999996,1.7766666666666666,0.0723909109189624,0.0542931831892218,0.0723909109189624,0.0,0.16287954956766537,0.0,0.9591795696762518,0.47054092097325556,0.0361954554594812,0.6153227428111804,1.21254775789262,0.8686909310275488,0.8686909310275488,0.271465915946109
Konstantinos Mavropanos,Stuttgart,Unknown,24,GRE,DF,8365.0,28.674999999999997,0.0625,1.125,0.06455469216975493,0.010759115361625823,0.06455469216975493,0.0,0.2044231918708906,0.021518230723251645,0.7746563060370592,0.6240286909742977,0.06455469216975493,0.1506276150627615,1.861326957561267,0.9575612671846983,1.086670651524208,0.31201434548714885
Koray Günter,Sampdoria,ITA-Serie A,27,GER,DF,1779.0,5.55,0.055,0.45499999999999996,0.050590219224283306,0.0,0.050590219224283306,0.0,0.25295109612141653,0.0,1.2141652613827993,0.657672849915683,0.0,0.20236087689713322,2.0236087689713322,0.7082630691399663,0.5059021922428331,0.050590219224283306
Kostas Stafylidis,Bochum,Unknown,28,GRE,"DF,MF",1043.0,14.3,0.0,1.21,0.0,0.1725790987535954,0.0,0.0,0.3451581975071908,0.0,1.3806327900287632,1.3806327900287632,0.0,2.2435282837967403,1.725790987535954,1.3806327900287632,1.2080536912751678,0.1725790987535954
Kostas Tsimikas,Roma,ITA-Serie A,29,GRE,MF,2951.0,35.72,0.0,1.716,0.0,0.24398508980006778,0.0,0.0,0.18298881735005082,0.0,1.3114198576753642,0.9149440867502541,0.09149440867502541,8.143002372077262,1.0064384954252796,1.3724161301253812,0.6709589969501863,0.15249068112504235
Kristian Thorstvedt,Sassuolo,ITA-Serie A,27-181,NOR,MF,6082.0,38.975,0.0825,1.1525,0.1775731667214732,0.0887865833607366,0.1775731667214732,0.0,0.3107530417625781,0.0,1.317000986517593,1.775731667214732,0.029595527786912202,0.7546859585662612,0.9766524169681026,0.7250904307793489,1.6129562643867148,0.5623150279513318
Kristijan Jakić,Augsburg,Unknown,28,CRO,"MF,DF",6670.0,31.02,0.078,1.4060000000000001,0.06746626686656672,0.04047976011994003,0.06746626686656672,0.0,0.21589205397301348,0.0,1.0794602698650675,0.9715142428785607,0.08095952023988005,0.47226386806596704,1.106446776611694,1.1604197901049476,0.782608695652174,0.2833583208395802
Kristjan Asllani,Torino,ITA-Serie A,23,ALB,MF,3496.0,19.5,0.05,2.0725,0.07723112128146453,0.10297482837528604,0.02574370709382151,0.05148741418764302,0.2574370709382151,0.0,0.6435926773455378,1.5188787185354693,0.0,3.810068649885584,0.9267734553775744,0.6435926773455378,1.5961098398169336,0.33466819221967964
Kristoffer Ajer,Brentford,ENG-Premier League,28-146,NOR,DF,6113.0,39.32,0.034,1.324,0.029445444135449046,0.029445444135449046,0.029445444135449046,0.0,0.22084083101586785,0.0,1.015867822672992,0.47112710616718473,0.04416816620317356,0.7214133813185015,0.8244724357925731,1.0894814330116147,0.48584982823490924,0.16194994274496974
Kristoffer Lund,Köln,Unknown,23,USA,"DF,MF",2276.0,15.0,0.0,0.97,0.0,0.07908611599297012,0.0,0.0,0.07908611599297012,0.0,0.5140597539543058,1.5817223198594026,0.11862917398945519,3.2820738137082603,1.1072056239015817,1.0281195079086116,0.7908611599297013,0.11862917398945519
Krzysztof Piątek,Salernitana,ITA-Serie A,27,POL,FW,2140.0,34.5,0.07,1.09,0.16822429906542058,0.2102803738317757,0.1261682242990654,0.042056074766355145,0.2102803738317757,0.0,1.6401869158878504,1.8084112149532712,0.9672897196261683,0.588785046728972,0.042056074766355145,0.5046728971962616,2.439252336448598,0.8411214953271028
Krépin Diatta,Monaco,FRA-Ligue 1,26,SEN,"MF,DF",4799.0,27.05,0.025,1.8525,0.07501562825588665,0.09376953531985831,0.07501562825588665,0.0,0.18753907063971662,0.0,1.1252344238382996,1.2565117732861013,0.3188164200875182,2.775578245467806,1.0127109814544697,1.2752656803500728,1.106480516774328,0.37507814127943323
Kurt Zouma,West Ham,ENG-Premier League,28,FRA,DF,4827.0,37.7,0.15,1.295,0.09322560596643878,0.0,0.09322560596643878,0.0,0.05593536357986326,0.0,0.7085146053449348,0.22374145431945305,0.0,0.0,1.0254816656308265,0.3915475450590429,0.6525792417650715,0.24238657551274084
Kwasi Sibo,Oviedo,ESP-La Liga,27,GHA,MF,1681.0,22.2,0.0,0.88,0.0,0.0,0.0,0.0,0.16061867935752527,0.05353955978584176,1.6061867935752527,0.21415823914336704,0.0,0.10707911957168352,0.7495538370017846,1.0707911957168352,0.4818560380725758,0.10707911957168352
Kyle Walker,Milan,ITA-Serie A,34,ENG,DF,9450.0,15.76,0.0,1.7619999999999998,0.0,0.05714285714285714,0.0,0.0,0.17142857142857143,0.0,0.7904761904761904,0.5523809523809524,0.08571428571428572,1.4,0.9333333333333333,0.8,0.3047619047619048,0.05714285714285714
Kyle Walker-Peters,West Ham,ENG-Premier League,28,ENG,DF,6951.0,43.9,0.09333333333333334,0.7033333333333333,0.02589555459646094,0.02589555459646094,0.02589555459646094,0.0,0.14242555028053516,0.0,0.8416055243849807,1.5278377211911958,0.05179110919292188,1.5666810530858868,0.7250755287009063,1.2429866206301252,0.4790677600345274,0.18126888217522658
Kylian Mbappé,PSG,FRA-Ligue 1,24,FRA,FW,10842.0,51.2,0.182,1.7899999999999998,0.9629219701162146,0.16602102933038185,0.7636967349197564,0.1992252351964582,0.14111787493082456,0.008301051466519091,0.6557830658550083,1.3032650802434975,1.1455451023796348,1.1123408965135584,0.1079136690647482,0.09131156613171001,5.047039291643609,2.5235196458218043
Kévin Danois,Auxerre,FRA-Ligue 1,22-074,FRA,MF,4562.0,16.575,0.03,1.3475000000000001,0.059184568171854454,0.01972818939061815,0.059184568171854454,0.0,0.0789127575624726,0.0,1.183691363437089,0.9469530907496713,0.09864094695309074,2.88031565103025,1.1639631740464709,1.6571679088119247,0.9469530907496713,0.23673827268741782
Kévin Gameiro,Strasbourg,FRA-Ligue 1,36,FRA,"FW,MF",3444.0,48.95,0.18,1.15,0.3658536585365854,0.05226480836236934,0.2874564459930314,0.078397212543554,0.02613240418118467,0.02613240418118467,0.47038327526132406,0.5487804878048781,0.1829268292682927,0.7839721254355401,0.313588850174216,0.4965156794425087,1.9599303135888504,0.9930313588850174
Kévin N'Doram,Metz,FRA-Ligue 1,27,FRA,MF,1604.0,14.3,0.0,0.83,0.0,0.11221945137157106,0.0,0.0,0.22443890274314213,0.0,1.6271820448877807,1.1783042394014962,0.0,0.11221945137157106,1.5149625935162094,1.2905236907730673,0.3927680798004987,0.05610972568578553
Kévin Van Den Kerkhof,Metz,FRA-Ligue 1,27,ALG,"MF,FW",1913.0,35.0,0.05,0.83,0.047046523784631464,0.09409304756926293,0.047046523784631464,0.0,0.09409304756926293,0.0,0.3763721902770517,0.47046523784631467,0.2822791427077888,6.06900156821746,0.5645582854155776,1.1761630946157866,0.9409304756926293,0.3293256664924203
Ladislav Krejčí,Girona,ESP-La Liga,26,CZE,DF,4976.0,25.133333333333336,0.07,0.48666666666666664,0.07234726688102894,0.018086816720257234,0.07234726688102894,0.0,0.2713022508038585,0.018086816720257234,1.0671221864951768,0.4340836012861737,0.0,0.5064308681672026,1.2118167202572347,0.6692122186495177,0.7234726688102894,0.2713022508038585
Lamare Bogarde,Aston Villa,ENG-Premier League,22-248,NED,"DF,MF",1546.0,33.333333333333336,0.0,1.0366666666666668,0.0,0.0,0.0,0.0,0.407503234152652,0.0,1.4553686934023287,1.8046571798188875,0.0,0.1164294954721863,0.2910737386804657,1.4553686934023287,0.05821474773609315,0.05821474773609315
Lameck Banda,Lecce,ITA-Serie A,24,ZAM,"MF,FW",5348.0,35.575,0.0575,0.915,0.15145848915482424,0.1682872101720269,0.15145848915482424,0.0,0.3029169783096485,0.033657442034405384,1.9857890800299178,2.288706058339566,0.4207180254300673,3.6181750186985786,0.3534031413612565,1.093866866118175,2.37284966342558,0.9087509349289454
Lamine Camara,Monaco,FRA-Ligue 1,22-252,SEN,MF,6426.0,45.15,0.057499999999999996,1.895,0.08403361344537816,0.21008403361344538,0.08403361344537816,0.0,0.2801120448179272,0.014005602240896359,1.708683473389356,1.9467787114845938,0.014005602240896359,4.817927170868347,1.4005602240896358,1.7787114845938377,1.1484593837535013,0.32212885154061627
Lamine Sy,Auxerre,FRA-Ligue 1,24-031,MTN,DF,1805.0,32.7,0.25,0.52,0.04986149584487535,0.0,0.04986149584487535,0.0,0.04986149584487535,0.0,1.4958448753462605,0.7479224376731303,0.14958448753462603,2.9418282548476458,1.5457063711911359,1.445983379501385,0.7479224376731303,0.14958448753462603
Lamine Yamal,Barcelona,ESP-La Liga,19-059,ESP,"MF,FW",7661.0,47.9,0.092,2.664,0.3994256624461559,0.3406865944393682,0.36418222164208325,0.03524344080407257,0.08223469520950268,0.0,0.9750685289126746,1.9853804986294217,0.4581647304529434,3.3128834355828225,0.5286516120610887,1.0220597833181047,4.029500065265631,1.3509985641561153
Largie Ramazani,Valencia,ESP-La Liga,24,BEL,"MF,FW",4192.0,37.9,0.09000000000000001,0.9499999999999998,0.25763358778625955,0.15028625954198474,0.19322519083969467,0.06440839694656489,0.4508587786259542,0.04293893129770992,1.610209923664122,1.2666984732824427,0.49379770992366406,1.674618320610687,1.3740458015267174,0.601145038167939,2.8339694656488548,1.0734732824427482
Lars Ritzka,St Pauli,Unknown,27,GER,"MF,DF",1888.0,18.75,0.065,0.8049999999999999,0.04766949152542373,0.0,0.04766949152542373,0.0,0.09533898305084745,0.0,0.9533898305084745,0.4290254237288136,0.1430084745762712,1.763771186440678,1.096398305084746,2.5741525423728815,0.5720338983050848,0.09533898305084745
Lars Stindl,Gladbach,Unknown,33,GER,MF,1734.0,44.0,0.16,1.21,0.4152249134948097,0.36332179930795844,0.4152249134948097,0.0,0.4671280276816609,0.0,1.5570934256055364,2.0242214532871974,0.4152249134948097,0.9342560553633218,0.5709342560553633,0.6747404844290658,2.5951557093425603,1.1418685121107266
Lassana Coulibaly,Lecce,ITA-Serie A,30-153,MLI,MF,10600.0,34.06,0.08,0.932,0.05943396226415095,0.0509433962264151,0.05943396226415095,0.0,0.2037735849056604,0.0,1.3669811320754717,1.5877358490566038,0.02547169811320755,0.4160377358490566,0.6113207547169811,1.2650943396226415,0.5858490566037735,0.17830188679245282
Lasse Rosenboom,Holstein Kiel,Unknown,22,GER,MF,1734.0,41.7,0.17,0.88,0.10380622837370243,0.10380622837370243,0.10380622837370243,0.0,0.15570934256055363,0.0,0.9861591695501731,0.6228373702422145,0.0,0.9342560553633218,0.9861591695501731,1.8166089965397922,0.6228373702422145,0.2595155709342561
Lassine Sinayoko,Paris FC,FRA-Ligue 1,26-276,MLI,FW,6896.0,38.1,0.1575,1.325,0.287122969837587,0.18271461716937354,0.2088167053364269,0.07830626450116009,0.2088167053364269,0.013051044083526682,1.3051044083526682,1.474767981438515,0.4306844547563805,1.1354408352668213,0.7830626450116009,0.861368909512761,2.6885150812064964,0.9788283062645012
Laurent Abergel,Lorient,FRA-Ligue 1,32,FRA,MF,7520.0,26.799999999999997,0.043333333333333335,1.3299999999999998,0.03590425531914893,0.023936170212765957,0.03590425531914893,0.0,0.2154255319148936,0.011968085106382979,1.053191489361702,1.1010638297872342,0.023936170212765957,0.586436170212766,1.4481382978723403,1.5199468085106382,0.7300531914893617,0.2154255319148936
Lautaro Gianetti,Udinese,ITA-Serie A,30,ARG,DF,1508.0,83.35,0.41500000000000004,1.345,0.11936339522546419,0.0,0.11936339522546419,0.0,0.47745358090185674,0.0,0.9549071618037135,0.0,0.0,0.0,1.969496021220159,0.8952254641909814,0.2984084880636605,0.23872679045092837
Lautaro Martínez,Inter,ITA-Serie A,29-019,ARG,FW,10188.0,37.1,0.164,2.3739999999999997,0.6713780918727915,0.15901060070671377,0.6448763250883393,0.026501766784452294,0.13250883392226148,0.0,1.6342756183745581,1.8992932862190812,0.48586572438162545,0.5565371024734982,0.3798586572438163,0.5212014134275618,3.92226148409894,1.5547703180212014
Lautaro Valenti,Parma,ITA-Serie A,27-239,ARG,DF,3853.0,17.366666666666667,0.04666666666666667,1.05,0.023358422008824292,0.0,0.023358422008824292,0.0,0.3036594861147158,0.023358422008824292,1.1445626784323903,0.560602128211783,0.0,0.5138852841941345,0.9343368803529718,0.9810537243706203,0.560602128211783,0.14015053205294575
Lazar Samardzic,Atalanta,ITA-Serie A,24-198,SRB,MF,6538.0,34.9,0.136,1.512,0.22025084123585195,0.11012542061792598,0.2064851636586112,0.013765677577240747,0.11012542061792598,0.0,1.2664423371061486,0.7158152340165189,0.027531355154481494,4.80422147445702,0.46803303762618537,0.7846436219027225,2.3126338329764455,0.7984092994799632
Leander Dendoncker,Napoli,ITA-Serie A,28,BEL,"DF,MF",2384.0,32.22,0.122,1.484,0.07550335570469799,0.0,0.07550335570469799,0.0,0.07550335570469799,0.0,0.5285234899328859,0.26426174496644295,0.037751677852348994,0.30201342281879195,1.1325503355704698,1.5478187919463087,0.6417785234899329,0.26426174496644295
Leandro Barreiro Martins,Mainz 05,Unknown,23,LUX,MF,4747.0,41.65,0.12,1.245,0.15167474194227934,0.07583737097113967,0.15167474194227934,0.0,0.2464714556562039,0.0,1.9907309879924162,1.611544133136718,0.1137560564567095,0.227512112913419,1.4409100484516535,1.5357067621655784,1.3271539919949442,0.5498209395407626
Leandro Cabrera,Espanyol,ESP-La Liga,35-085,URU,DF,8958.0,21.925,0.0725,1.0775000000000001,0.07032819825853985,0.030140656396517078,0.07032819825853985,0.0,0.18084393837910245,0.030140656396517078,0.9444072337575352,0.38178164768921635,0.020093770931011386,0.5324849296718017,0.9444072337575352,0.7032819825853985,0.8238446081714668,0.24112525117213662
Leandro Paredes,Roma,ITA-Serie A,30,ARG,MF,5036.0,16.475,0.0675,1.3325,0.12509928514694202,0.12509928514694202,0.03574265289912629,0.08935663224781572,0.46465448768864176,0.03574265289912629,1.1616362192216045,1.108022239872915,0.0,3.3955520254169973,1.1616362192216045,1.1258935663224783,1.3224781572676727,0.3038125496425735
Leandro Trossard,Arsenal,ENG-Premier League,30,BEL,"FW,MF",8441.0,34.480000000000004,0.132,1.97,0.3625162895391541,0.27721833905935317,0.3625162895391541,0.0,0.09596019428977609,0.010662243809975122,0.7890060419381589,1.4394029143466414,0.2985428266793034,3.049401729652885,0.39450302096907947,0.6077478971685819,2.558938514394029,0.87430399241796
Leart Paqarada,Heidenheim,Unknown,30,KVX,DF,1081.0,20.0,0.0,0.235,0.0,0.0,0.0,0.0,0.0,0.0,0.5827937095282146,0.666049953746531,0.08325624421831637,7.5763182238667905,0.9990749306197965,0.9158186864014801,0.8325624421831638,0.3330249768732655
Lebo Mothiba,Strasbourg,FRA-Ligue 1,27,RSA,FW,1052.0,49.7,0.26,1.27,0.5133079847908746,0.0,0.5133079847908746,0.0,0.0,0.0,2.138783269961977,1.967680608365019,0.34220532319391633,0.42775665399239543,0.0,0.17110266159695817,2.138783269961977,1.0266159695817492
Lee Jae-sung,Mainz 05,Unknown,34-031,KOR,MF,8996.0,30.76,0.134,1.4220000000000002,0.24010671409515338,0.17007558915073365,0.24010671409515338,0.0,0.16007114273010226,0.0,0.8003557136505113,1.1605157847932415,0.33014673188083593,1.1405068919519785,1.1204979991107158,0.8403734993330368,1.4606491774121833,0.5502445531347265
Lee Kang-in,PSG,FRA-Ligue 1,24,KOR,"MF,FW",7697.0,30.639999999999997,0.11599999999999999,1.468,0.22216447966740288,0.24555021436923477,0.22216447966740288,0.0,0.198778744965571,0.0,1.3096011433025856,1.590229959724568,0.0818500714564116,5.916590879563466,0.2572430817201507,0.8068078472131999,1.8474730414447187,0.6197219695985449
Leif Davis,Ipswich Town,ENG-Premier League,26-253,ENG,DF,3013.0,39.6,0.195,0.76,0.05974112180550946,0.05974112180550946,0.05974112180550946,0.0,0.14935280451377364,0.02987056090275473,0.7766345834716231,0.9558579488881513,0.1792233654165284,4.8987719880517755,0.8065051443743777,0.8662462661798872,0.5675406571523399,0.11948224361101892
Lennard Maloney,Mainz 05,Unknown,26-337,USA,"DF,MF",3558.0,8.28,0.014000000000000002,1.862,0.025295109612141653,0.025295109612141653,0.025295109612141653,0.0,0.10118043844856661,0.0,1.7706576728499155,0.5564924114671164,0.050590219224283306,0.12647554806070826,1.163575042158516,1.239460370994941,0.5564924114671164,0.10118043844856661
Lennart Karl,Bayern Munich,Unknown,18-200,GER,MF,1344.0,75.0,0.06,2.29,0.33482142857142855,0.33482142857142855,0.33482142857142855,0.0,0.06696428571428571,0.0,0.33482142857142855,0.7366071428571429,0.26785714285714285,2.0089285714285716,0.7366071428571429,1.0044642857142858,2.8794642857142856,1.4732142857142858
Lennon Miller,Udinese,ITA-Serie A,20-016,SCO,MF,1123.0,55.55,0.0,1.29,0.0,0.16028495102404275,0.0,0.0,0.40071237756010686,0.0,1.7631344612644702,1.5227070347284062,0.08014247551202137,2.6447016918967052,1.2021371326803205,1.0418521816562778,0.8014247551202137,0.16028495102404275
Leny Yoro,Lille,FRA-Ligue 1,17,FRA,DF,6371.0,22.080000000000002,0.028000000000000004,1.6960000000000002,0.028253021503688587,0.0,0.028253021503688587,0.0,0.15539161827028722,0.0,0.7345785590959033,0.3955423010516403,0.042379532255532884,0.07063255375922148,1.4832836289436508,0.8758436666143462,0.4237953225553288,0.16951812902213154
Leo Østigård,Hoffenheim,Unknown,24,NOR,DF,7065.0,17.016666666666666,0.09000000000000001,1.1566666666666665,0.08917197452229299,0.012738853503184714,0.08917197452229299,0.0,0.22929936305732482,0.012738853503184714,1.1847133757961783,0.535031847133758,0.06369426751592357,0.06369426751592357,1.0318471337579618,0.8662420382165605,0.5477707006369427,0.19108280254777069
Leon Avdullahu,Hoffenheim,Unknown,22-199,KVX,MF,3014.0,23.799999999999997,0.165,0.925,0.029860650298606503,0.029860650298606503,0.029860650298606503,0.0,0.14930325149303253,0.0,0.8659588586595885,0.38818845388188455,0.029860650298606503,0.4479097544790976,1.0749834107498342,1.0451227604512277,0.5076310550763106,0.08958195089581952
Leon Bailey,Roma,ITA-Serie A,27,JAM,FW,5819.0,25.74,0.062,1.472,0.2319986251933322,0.247465200206221,0.2319986251933322,0.0,0.20106547516755455,0.0,1.159993125966661,1.1135934009279944,0.37119780030933147,3.742911153119093,0.3093315002577762,0.37119780030933147,2.2117202268431,0.6186630005155525
Leon Goretzka,Bayern Munich,Unknown,30,GER,MF,7241.0,31.275,0.115,2.2575,0.22372600469548404,0.16157989228007183,0.22372600469548404,0.0,0.17400911476315425,0.0,0.9073332412650186,0.7333241265018643,0.08700455738157713,0.4225935644248032,1.2677806932744096,0.9073332412650186,2.0259632647424386,0.6214611241541224
Leonardo Balerdi,Roma,ITA-Serie A,27-227,ARG,DF,9208.0,13.38,0.028000000000000004,2.004,0.01954821894005213,0.01954821894005213,0.01954821894005213,0.0,0.28344917463075586,0.029322328410078195,1.2706342311033885,0.8405734144222414,0.009774109470026065,0.11728931364031278,1.7104691572545612,1.5247610773240658,0.5864465682015638,0.10751520417028672
Leonardo Bittencourt,Werder Bremen,Unknown,31,GER,MF,4804.0,21.35,0.055,1.2375,0.11240632805995004,0.11240632805995004,0.11240632805995004,0.0,0.5058284762697751,0.0,1.8547044129891757,1.8921731890091589,0.1311407160699417,2.1919233971690257,0.8430474604496254,1.1802664446294755,1.6860949208992508,0.43089092422980846
Leonardo Bonucci,Union Berlin,Unknown,36,ITA,DF,1339.0,70.0,0.6,1.245,0.13442867811799852,0.0,0.06721433905899926,0.06721433905899926,0.13442867811799852,0.0,0.8737864077669902,0.4032860343539955,0.06721433905899926,0.4032860343539955,1.613144137415982,0.4705003734129948,0.4032860343539955,0.20164301717699776
Leonardo Pavoletti,Cagliari,ITA-Serie A,36,ITA,FW,1300.0,30.53333333333333,0.14666666666666667,0.7633333333333333,0.4846153846153846,0.13846153846153847,0.4846153846153846,0.0,0.6923076923076923,0.0,3.7384615384615385,0.9692307692307692,0.6923076923076923,0.06923076923076923,0.06923076923076923,0.2076923076923077,3.3923076923076922,1.176923076923077
Leonardo Sernicola,Cremonese,ITA-Serie A,25,ITA,"MF,DF",2317.0,20.0,0.08,0.78,0.07768666378938283,0.07768666378938283,0.07768666378938283,0.0,0.42727665084160554,0.0,1.5537332757876565,1.6702632714717307,0.11652999568407424,4.544669831678895,1.4372032801035823,1.2429866206301252,0.9710832973672854,0.19421665947345707
Leonardo Spinazzola,Napoli,ITA-Serie A,33-169,ITA,DF,6599.0,42.32,0.09,1.732,0.08183058039096833,0.1363843006516139,0.08183058039096833,0.0,0.08183058039096833,0.0,0.49098348234580996,0.559175632671617,0.06819215032580694,3.8051219881800273,0.3545991816941961,0.4637066222154872,0.736475223518715,0.2864070313683892
Leonidas Stergiou,Stuttgart,Unknown,24-191,SUI,DF,1670.0,13.319999999999999,0.132,1.542,0.10778443113772455,0.10778443113772455,0.10778443113772455,0.0,0.0,0.05389221556886228,0.7544910179640718,0.10778443113772455,0.05389221556886228,1.4550898203592815,1.0778443113772456,1.1317365269461077,0.3772455089820359,0.10778443113772455
Leopold Querfeld,Union Berlin,Unknown,22-264,AUT,DF,4542.0,36.5,0.24333333333333332,1.0733333333333333,0.11889035667107001,0.059445178335535004,0.07926023778071334,0.03963011889035667,0.29722589167767505,0.0,1.3276089828269484,0.8322324966974901,0.0,0.07926023778071334,1.07001321003963,0.8520475561426684,0.9313077939233818,0.29722589167767505
Leroy Sané,Bayern Munich,Unknown,28,GER,MF,5784.0,39.96666666666667,0.12333333333333334,2.2066666666666666,0.42012448132780084,0.35788381742738584,0.42012448132780084,0.0,0.15560165975103735,0.0,0.9180497925311204,1.0736514522821576,0.35788381742738584,2.3340248962655603,0.2800829875518672,0.8091286307053941,3.4076763485477177,1.353734439834025
Lesley Ugochukwu,Rennes,FRA-Ligue 1,18,FRA,MF,5622.0,15.375,0.0575,1.1099999999999999,0.064034151547492,0.048025613660619,0.064034151547492,0.0,0.240128068303095,0.032017075773746,1.472785485592316,0.96051227321238,0.016008537886873,0.240128068303095,0.8004268943436499,1.2166488794023478,0.624332977588047,0.16008537886873
Levi Colwill,Chelsea,ENG-Premier League,23-196,ENG,DF,6552.0,10.16,0.041999999999999996,1.666,0.04120879120879121,0.054945054945054944,0.04120879120879121,0.0,0.17857142857142855,0.0,1.1126373626373627,0.6593406593406593,0.10989010989010989,0.3434065934065934,1.0714285714285714,1.098901098901099,0.5082417582417582,0.09615384615384616
Lewis Cook,Bournemouth,ENG-Premier League,29-219,ENG,MF,8515.0,12.379999999999999,0.014000000000000002,1.116,0.010569583088667059,0.09512624779800352,0.010569583088667059,0.0,0.19025249559600704,0.031708749266001174,1.1732237228420435,0.43335290663534937,0.05284791544333529,3.741632413388139,1.6699941280093953,1.3106283029947152,0.369935408103347,0.08455666470933647
Lewis Dunk,Brighton,ENG-Premier League,34-293,ENG,DF,11299.0,17.6,0.036,1.384,0.03982653332153288,0.007965306664306577,0.03982653332153288,0.0,0.21506327993627755,0.007965306664306577,0.525710239844234,0.5097796265156209,0.03982653332153288,0.16727143995043808,0.8363571997521904,0.5496061598371537,0.7168775997875918,0.16727143995043808
Lewis Ferguson,Bologna,ITA-Serie A,27-017,SCO,MF,7880.0,32.019999999999996,0.10200000000000001,1.358,0.17131979695431473,0.045685279187817264,0.1598984771573604,0.011421319796954316,0.217005076142132,0.011421319796954316,1.9187817258883249,1.8388324873096447,0.18274111675126906,0.7880710659898478,0.5596446700507615,0.947969543147208,1.4162436548223352,0.5025380710659898
Lewis Hall,Newcastle,ENG-Premier League,22-002,ENG,DF,6074.0,23.0,0.026000000000000002,1.342,0.02963450773789924,0.08890352321369774,0.02963450773789924,0.0,0.1481725386894962,0.0,0.5630556470200856,1.1853803095159696,0.02963450773789924,4.134013829436944,1.0668422785643727,1.57062891010866,0.8890352321369773,0.2370760619031939
Lewis Holtby,Holstein Kiel,Unknown,33,GER,MF,1238.0,14.3,0.0,0.56,0.0,0.07269789983844911,0.0,0.0,0.07269789983844911,0.07269789983844911,0.9450726978998385,1.6720516962843295,0.0,3.344103392568659,1.381260096930533,1.381260096930533,0.5088852988691438,0.07269789983844911
Lewis Miley,Newcastle,ENG-Premier League,20-132,ENG,MF,3253.0,24.619999999999997,0.098,1.458,0.08300030740854596,0.19366738395327388,0.08300030740854596,0.0,0.055333538272363966,0.0,0.4150015370427298,0.3596679987703658,0.11066707654472793,1.4940055333538274,0.8853366123578235,1.4110052259452814,0.8300030740854596,0.24900092222563786
Liam Cooper,Leeds United,ENG-Premier League,30,SCO,DF,1426.0,30.0,0.1,0.56,0.06311360448807854,0.0,0.06311360448807854,0.0,0.3155680224403927,0.0,0.7573632538569425,0.6311360448807855,0.0,0.06311360448807854,2.14586255259467,1.514726507713885,0.6311360448807855,0.18934081346423562
Liam Delap,Nottingham,ENG-Premier League,23-214,ENG,FW,3798.0,25.900000000000002,0.06999999999999999,0.9700000000000001,0.30805687203791465,0.04739336492890995,0.26066350710900477,0.04739336492890995,0.3791469194312796,0.0,2.3459715639810423,1.6824644549763035,0.47393364928909953,0.26066350710900477,0.07109004739336493,0.26066350710900477,2.5118483412322274,1.018957345971564
Liam Henderson,Empoli,ITA-Serie A,28,SCO,MF,3349.0,18.433333333333334,0.0,0.6733333333333333,0.0,0.13436846819946252,0.0,0.0,0.5106001791579576,0.0,3.1710958495073154,0.9405792773962376,0.10749477455957003,3.520453866825918,0.6718423409973127,0.8868318901164527,0.9137055837563451,0.21498954911914006
Liberato Cacace,Empoli,ITA-Serie A,23,NZL,"MF,DF",4729.0,20.233333333333334,0.023333333333333334,0.8166666666666668,0.03806301543666737,0.09515753859166842,0.03806301543666737,0.0,0.24740960033833792,0.0,1.2560795094100232,0.7422288010150138,0.11418904631000211,3.749207020511736,0.8373863396066822,1.1799534785366885,0.9325438781983506,0.22837809262000422
Lilian Brassier,Frankfurt,Unknown,26-312,FRA,DF,10123.0,16.8,0.05333333333333334,1.3516666666666666,0.03556258026276796,0.01778129013138398,0.03556258026276796,0.0,0.19559419144522375,0.00889064506569199,1.0490961177516547,0.6845796700582831,0.00889064506569199,0.6756890249925911,1.4402845006421021,0.7023609601896671,0.5601106391385953,0.10668774078830387
Lilian Raolisoa,Angers,FRA-Ligue 1,26-086,FRA,DF,3549.0,26.275,0.115,0.6749999999999999,0.0760777683854607,0.1775147928994083,0.0760777683854607,0.0,0.10143702451394758,0.05071851225697379,1.1158072696534236,0.7861369399830938,0.10143702451394758,4.945054945054945,1.0143702451394758,1.6990701606086223,0.8622147083685545,0.20287404902789516
Linton Maina,Köln,Unknown,27-079,GER,FW,5263.0,27.6,0.055,1.1325,0.10260307809234276,0.1881056431692951,0.10260307809234276,0.0,0.08550256507695231,0.0,0.5985179555386662,0.7866235987079613,0.41041231236937104,3.2490974729241877,0.2565076952308569,0.5643169295078853,1.521945658369751,0.5472164164924948
Lionel Messi,PSG,FRA-Ligue 1,35,ARG,"FW,MF",2837.0,44.2,0.12,0.0,0.5075784279168135,0.5075784279168135,0.5075784279168135,0.0,0.0,0.0,0.25378921395840676,1.1420514628128304,0.19034191046880505,2.918575960521678,0.06344730348960169,0.5710257314064152,4.09235107507931,1.8082481494536482
Lisandro Magallán,Elche,ESP-La Liga,28,ARG,DF,902.0,33.3,0.0,1.14,0.0,0.0,0.0,0.0,0.0,0.09977827050997783,1.4966740576496673,0.4988913525498892,0.0,0.09977827050997783,1.2971175166297118,1.2971175166297118,0.5986696230598669,0.19955654101995565
Lisandro Martínez,Manchester Utd,ENG-Premier League,28-235,ARG,DF,5924.0,9.059999999999999,0.044,1.782,0.045577312626603646,0.03038487508440243,0.045577312626603646,0.0,0.24307900067521945,0.015192437542201216,0.8811613774476704,0.33423362592842676,0.0,0.1975016880486158,1.2609723160027009,1.12424037812289,0.5013504388926401,0.10634706279540851
Lloyd Kelly,Juventus,ITA-Serie A,27-339,ENG,DF,8017.0,9.483333333333334,0.01,1.7850000000000001,0.011226144443058502,0.0561307222152925,0.011226144443058502,0.0,0.134713733316702,0.0,1.0889360109766746,0.538854933266808,0.0561307222152925,0.6847948110265685,0.6174379443682175,0.9766745665460895,0.39291505550704753,0.0561307222152925
Logan Costa,Toulouse,FRA-Ligue 1,23,CPV,DF,5854.0,18.383333333333336,0.04,1.1333333333333333,0.046122309531943975,0.030748206354629312,0.046122309531943975,0.0,0.1383669285958319,0.0,0.9224461906388794,0.26135975401434913,0.061496412709258624,0.29210796036897846,0.8148274683976767,0.7687051588657329,0.491971301674069,0.16911513495046124
Lorenz Assignon,Stuttgart,Unknown,25,TOG,"DF,MF",5957.0,37.36,0.068,1.508,0.07554137988920598,0.12086620782272955,0.07554137988920598,0.0,0.36259862346818866,0.03021655195568239,1.9791841530971965,1.0575793184488838,0.12086620782272955,2.4928655363437975,1.0273627664932012,1.1331206983380897,0.8460634547591069,0.2719489676011415
Lorenzo Bernasconi,Atalanta,ITA-Serie A,22-298,ITA,DF,1642.0,5.55,0.0,2.455,0.0,0.16443361753958585,0.0,0.0,0.16443361753958585,0.0,0.43848964677222896,0.2740560292326431,0.16443361753958585,6.3580998781973195,0.7673568818514007,0.8769792935444579,0.4933008526187576,0.05481120584652862
Lorenzo Colombo,Genoa,ITA-Serie A,24-186,ITA,FW,7661.0,26.939999999999998,0.088,0.8099999999999999,0.25845189922986556,0.08223469520950268,0.22320845842579298,0.03524344080407257,0.16446939041900535,0.011747813601357526,1.7974154810077012,1.6446939041900535,0.30544315363529567,0.4581647304529434,0.07048688160814515,0.5403994256624461,2.431797415481008,0.8340947656963843
Lorenzo De Silvestri,Bologna,ITA-Serie A,37,ITA,DF,2897.0,38.6,0.2025,1.61,0.12426648256817396,0.0,0.12426648256817396,0.0,0.12426648256817396,0.0,1.0873317224715224,0.7145322747670004,0.09319986192613049,1.3979979288919573,0.7766655160510872,0.5591991715567829,0.5591991715567829,0.27959958577839145
Lorenzo Lucca,Napoli,ITA-Serie A,26-000,ITA,FW,5525.0,38.06,0.126,1.1119999999999999,0.3583710407239819,0.08144796380090498,0.3420814479638009,0.016289592760180997,0.27692307692307694,0.0,2.2153846153846155,2.0036199095022624,0.7493212669683258,0.2117647058823529,0.19547511312217197,0.27692307692307694,2.410859728506787,0.9610859728506786
Lorenzo Pellegrini,Roma,ITA-Serie A,29,ITA,MF,7493.0,35.65,0.10250000000000001,1.6724999999999999,0.21620178833578005,0.1321233150940878,0.1441345255571867,0.07206726277859335,0.21620178833578005,0.0,1.1650874149205925,1.8857600427065262,0.20419057787268116,4.492192713198986,0.8047511010276258,0.8527959428800214,2.234085146136394,0.780728680101428
Lorenzo Pirola,Salernitana,ITA-Serie A,21,ITA,DF,3928.0,21.05,0.11,0.78,0.06873727087576374,0.0,0.06873727087576374,0.0,0.18329938900203666,0.0,1.3976578411405296,0.5728105906313646,0.022912423625254582,0.06873727087576374,1.260183299389002,1.1685336048879837,0.6415478615071284,0.13747454175152748
Lorenzo Venuti,Lecce,ITA-Serie A,28,ITA,DF,1288.0,45.2,0.0,1.1400000000000001,0.0,0.06987577639751552,0.0,0.0,0.2096273291925466,0.0,0.8385093167701864,0.6987577639751553,0.06987577639751552,3.2841614906832297,0.8385093167701864,0.7686335403726708,0.6987577639751553,0.34937888198757766
Louis Leroux,Nantes,FRA-Ligue 1,19,FRA,"MF,DF",2257.0,37.8,0.14500000000000002,1.09,0.11962782454585734,0.07975188303057155,0.11962782454585734,0.0,0.11962782454585734,0.0,0.877270713336287,1.0367744793974303,0.03987594151528578,1.435533894550288,0.5183872396987151,1.6747895436420026,0.9570225963668587,0.3190075321222862
Louis Mouton,Angers,FRA-Ligue 1,23,FRA,MF,2936.0,19.0,0.03,1.025,0.061307901907356945,0.061307901907356945,0.061307901907356945,0.0,0.12261580381471389,0.030653950953678472,1.3487738419618527,0.7050408719346049,0.18392370572207084,1.5940054495912808,0.7356948228882834,1.5940054495912808,1.685967302452316,0.33719346049046317
Louis Oppie,St Pauli,Unknown,23,GER,MF,1620.0,26.7,0.07,0.57,0.05555555555555555,0.0,0.05555555555555555,0.0,0.0,0.0,0.8333333333333333,0.8333333333333333,0.2222222222222222,3.2222222222222223,0.6111111111111112,1.0555555555555556,0.8333333333333333,0.2222222222222222
Loum Tchaouna,Lazio,ITA-Serie A,20,FRA,"MF,FW",4199.0,32.0,0.055,0.5800000000000001,0.15003572279114075,0.08573469873779471,0.15003572279114075,0.0,0.21433674684448678,0.021433674684448678,0.8359133126934984,1.1788521076446774,0.15003572279114075,3.1507501786139556,0.23577042152893546,0.4929745177423196,2.0361990950226243,0.7073112645868064
Lovro Majer,Wolfsburg,Unknown,27,CRO,MF,5465.0,32.26,0.11200000000000002,1.534,0.18115279048490393,0.23055809698078683,0.11527904849039342,0.06587374199451053,0.23055809698078683,0.0,1.9926806953339433,1.5809698078682526,0.13174748398902106,3.2772186642268983,0.6587374199451053,1.0045745654162854,1.7456541628545288,0.576395242451967
Loïc Bade,Leverkusen,Unknown,26-152,FRA,DF,8229.0,22.583333333333332,0.055,1.7533333333333332,0.021873860736419976,0.03281079110462996,0.021873860736419976,0.0,0.22967553773240976,0.021873860736419976,0.8640174990885892,0.32810791104629966,0.010936930368209988,0.1968647466277798,1.2468100619759388,1.2358731316077287,0.5030987969376595,0.14218009478672985
Loïc Nego,Le Havre,FRA-Ligue 1,34,HUN,"DF,MF",6359.0,19.733333333333334,0.0,1.0533333333333335,0.0,0.0424595062116685,0.0,0.0,0.14153168737222832,0.0,0.9482623053939299,0.8916496304450385,0.169838024846674,2.7881742412328983,1.0897939927661582,1.372857367510615,0.6368925931750276,0.1273785186350055
Loïs Openda,RB Leipzig,Unknown,25,BEL,FW,8564.0,34.016666666666666,0.10666666666666667,1.8083333333333333,0.5885100420364315,0.178654834189631,0.5569827183559084,0.03152732368052312,0.11560018682858476,0.010509107893507705,1.2400747314339093,2.259458197104157,1.0193834656702474,1.040401681457263,0.12610929472209248,0.21018215787015412,3.625642223260159,1.6499299392807099
Luca Caldirola,Monza,ITA-Serie A,33,ITA,DF,5370.0,37.4,0.10333333333333333,0.9866666666666667,0.05027932960893854,0.01675977653631285,0.05027932960893854,0.0,0.3016759776536313,0.01675977653631285,1.223463687150838,0.9888268156424581,0.0335195530726257,0.16759776536312848,1.0726256983240223,0.5865921787709497,0.3854748603351955,0.1340782122905028
Luca Jaquez,Stuttgart,Unknown,22,SUI,DF,1151.0,0.0,0.0,2.0949999999999998,0.0,0.07819287576020852,0.0,0.0,0.07819287576020852,0.0,0.6255430060816681,0.15638575152041703,0.0,0.15638575152041703,1.0947002606429193,0.5473501303214596,0.3909643788010426,0.0
Luca Kerber,Heidenheim,Unknown,23,GER,MF,1465.0,52.35,0.255,1.065,0.24573378839590443,0.0,0.24573378839590443,0.0,0.4300341296928327,0.0,2.0887372013651877,0.8600682593856654,0.06143344709897611,0.4300341296928327,0.49146757679180886,1.658703071672355,0.9829351535836177,0.49146757679180886
Luca Kilian,Köln,Unknown,23,GER,DF,1758.0,12.5,0.125,1.135,0.051194539249146756,0.0,0.051194539249146756,0.0,0.30716723549488056,0.10238907849829351,0.5631399317406144,0.10238907849829351,0.0,0.15358361774744028,0.9726962457337884,1.3822525597269624,0.20477815699658702,0.051194539249146756
Luca Koleosho,Paris FC,FRA-Ligue 1,21-360,ITA,MF,1771.0,40.1,0.244,1.106,0.2540937323546019,0.15245623941276115,0.2540937323546019,0.0,0.0,0.0,1.7786561264822134,0.9147374364765668,0.5590062111801242,2.388481084133258,0.40654997176736307,1.2196499153020892,2.388481084133258,0.8639186900056465
Luca Lipani,Sassuolo,ITA-Serie A,21-115,ITA,MF,1478.0,19.433333333333334,0.0,1.2666666666666666,0.0,0.06089309878213803,0.0,0.0,0.18267929634641406,0.0,2.0703653585926927,0.5480378890392422,0.06089309878213803,0.6089309878213802,1.4005412719891746,1.5223274695534506,0.9133964817320704,0.2435723951285521
Luca Marianucci,Torino,ITA-Serie A,21,ITA,DF,1763.0,8.333333333333334,0.0,0.98,0.0,0.05104934770277936,0.0,0.0,0.10209869540555871,0.05104934770277936,1.1230856494611459,0.40839478162223486,0.0,0.7657402155416904,1.5314804310833807,0.9699376063528078,0.5104934770277935,0.10209869540555871
Luca Mazzitelli,Cagliari,ITA-Serie A,29,ITA,MF,3312.0,37.63333333333333,0.12333333333333334,1.0999999999999999,0.21739130434782608,0.08152173913043478,0.21739130434782608,0.0,0.2717391304347826,0.02717391304347826,2.0380434782608696,1.440217391304348,0.02717391304347826,1.7391304347826086,0.8967391304347825,1.1956521739130435,1.9293478260869568,0.7065217391304348
Luca Netz,Gladbach,Unknown,22,GER,"MF,DF",5215.0,17.400000000000002,0.041666666666666664,1.02,0.01725790987535954,0.18983700862895495,0.01725790987535954,0.0,0.0862895493767977,0.0,0.9146692233940557,0.4832214765100671,0.05177372962607862,2.139980824544583,0.7248322147651007,1.2425695110258868,0.44870565675934804,0.13806327900287632
Luca Pellegrini,Frankfurt,Unknown,23,ITA,"DF,MF",4059.0,26.160000000000004,0.05600000000000001,1.478,0.044345898004434586,0.08869179600886917,0.044345898004434586,0.0,0.532150776053215,0.022172949002217293,1.6851441241685143,0.9977827050997784,0.0,5.188470066518847,1.2638580931263859,1.06430155210643,0.975609756097561,0.2660753880266075
Luca Pfeiffer,Darmstadt 98,Unknown,26,GER,"FW,MF",2320.0,23.950000000000003,0.01,0.705,0.03879310344827586,0.15517241379310345,0.03879310344827586,0.0,0.15517241379310345,0.03879310344827586,1.6293103448275863,1.3577586206896552,0.07758620689655173,0.23275862068965517,0.11637931034482758,0.3879310344827586,2.3275862068965516,0.7758620689655172
Luca Ranieri,Fiorentina,ITA-Serie A,27-140,ITA,DF,8192.0,18.44,0.06999999999999999,1.3359999999999999,0.0439453125,0.0439453125,0.0439453125,0.0,0.32958984375,0.010986328125,0.94482421875,0.692138671875,0.076904296875,0.52734375,0.98876953125,0.714111328125,0.439453125,0.120849609375
Luca Waldschmidt,Köln,Unknown,29,GER,"FW,MF",2346.0,47.23333333333333,0.20666666666666667,0.9633333333333334,0.4603580562659847,0.1534526854219949,0.3452685421994885,0.11508951406649617,0.03836317135549872,0.0,1.6496163682864449,0.9974424552429667,0.3069053708439898,2.455242966751918,0.3836317135549872,0.7289002557544757,3.0690537084398977,1.3427109974424551
Luca de la Torre,Celta Vigo,ESP-La Liga,26,USA,MF,3441.0,16.966666666666665,0.013333333333333334,1.7833333333333332,0.026155187445510028,0.15693112467306017,0.026155187445510028,0.0,0.26155187445510025,0.026155187445510028,1.9093286835222318,0.8108108108108109,0.20924149956408022,0.9938971229293809,0.5492589363557105,1.020052310374891,1.072362685265911,0.2877070619006103
Lucas,Cádiz,ESP-La Liga,22,BRA,DF,2948.0,30.7,0.045,0.6,0.030529172320217093,0.0,0.030529172320217093,0.0,0.21370420624151967,0.030529172320217093,0.8242876526458616,0.30529172320217096,0.21370420624151967,3.907734056987788,1.007462686567164,1.556987788331072,0.8242876526458616,0.24423337856173674
Lucas Ahijado,Oviedo,ESP-La Liga,30,ESP,DF,1098.0,20.0,0.0,0.5,0.0,0.08196721311475409,0.0,0.0,0.2459016393442623,0.0,1.1475409836065575,0.2459016393442623,0.16393442622950818,1.3114754098360655,1.3934426229508197,2.377049180327869,0.819672131147541,0.16393442622950818
Lucas Beltrán,Fiorentina,ITA-Serie A,23,ARG,"MF,FW",5010.0,28.53333333333333,0.13,1.3933333333333333,0.2155688622754491,0.1437125748502994,0.16167664670658682,0.05389221556886228,0.23353293413173654,0.0,1.4730538922155687,2.1017964071856285,0.2155688622754491,0.4311377245508982,0.19760479041916168,0.6287425149700598,1.7065868263473054,0.48502994011976047
Lucas Beraldo,Paris SG,FRA-Ligue 1,22-290,BRA,MF,4670.0,25.475,0.10500000000000001,1.3824999999999998,0.07708779443254818,0.019271948608137045,0.07708779443254818,0.0,0.23126338329764454,0.019271948608137045,0.9443254817987151,0.5588865096359743,0.019271948608137045,0.1349036402569593,1.1563169164882228,1.3104925053533192,0.5974304068522484,0.19271948608137046
Lucas Bergvall,Tottenham,ENG-Premier League,20-220,SWE,MF,2222.0,19.46666666666667,0.02666666666666667,0.7600000000000001,0.0405040504050405,0.162016201620162,0.0405040504050405,0.0,0.20252025202520252,0.0,1.7821782178217822,0.9720972097209721,0.12151215121512152,1.6606660666066606,0.9720972097209721,1.296129612961296,0.9720972097209721,0.28352835283528355
Lucas Boyé,Alavés,ESP-La Liga,30-194,ARG,FW,7187.0,37.95,0.22,1.1875,0.35063308751913175,0.07513566161124252,0.3130652567135105,0.03756783080562126,0.23792959510226797,0.03756783080562126,2.4794768331710033,1.6905523862529568,0.41324613886183387,0.5009044107416167,0.41324613886183387,0.9266731598719911,2.4919994434395436,0.776401836649506
Lucas Da Cunha,Como,ITA-Serie A,25-093,FRA,MF,5541.0,25.3,0.07333333333333335,1.8233333333333335,0.1461829994585815,0.09745533297238766,0.08121277747698971,0.06497022198159177,0.12994044396318355,0.0,0.9095831077422847,0.7958852192744993,0.03248511099079589,3.3297238765565784,0.5522468868435301,1.0070384407146724,1.3806172171088251,0.48727666486193827
Lucas Digne,Paris SG,FRA-Ligue 1,33-052,FRA,"DF,MF",8134.0,23.26,0.036,1.516,0.022129333661175313,0.14384066879763954,0.022129333661175313,0.0,0.21022866978116547,0.0,0.9294320137693632,0.8741086796164249,0.1549053356282272,5.266781411359725,0.8630440127858372,1.0622080157364149,0.6196213425129088,0.16597000245881485
Lucas Gourna-Douath,Roma,ITA-Serie A,20,FRA,MF,1627.0,7.3999999999999995,0.0,1.8466666666666667,0.0,0.0,0.0,0.0,0.4425322679778734,0.0,1.8807621389059617,2.267977873386601,0.16594960049170251,0.38721573448063923,0.9403810694529808,0.9403810694529808,0.6637984019668101,0.11063306699446834
Lucas Hernández,Bayern Munich,Unknown,26,FRA,DF,5126.0,12.12,0.034,1.6199999999999999,0.017557549746390948,0.07023019898556379,0.017557549746390948,0.0,0.24580569644947328,0.0,1.0534529847834568,1.0885680842762389,0.017557549746390948,0.684744440109247,1.0534529847834568,1.2641435817401483,0.3511509949278189,0.08778774873195473
Lucas Höler,Freiburg,Unknown,32-062,GER,"FW,MF",7730.0,40.54,0.128,1.748,0.2445019404915912,0.10478654592496767,0.2328589909443726,0.01164294954721863,0.17464424320827943,0.0,1.2457956015523932,1.6882276843467012,0.41914618369987067,0.5239327296248383,0.4540750323415265,0.8732212160413971,1.536869340232859,0.7800776196636482
Lucas Høgsberg,Strasbourg,FRA-Ligue 1,20-079,DEN,DF,1976.0,12.5,0.0,1.75,0.0,0.0,0.0,0.0,0.18218623481781376,0.04554655870445344,0.8198380566801619,0.5921052631578947,0.04554655870445344,0.0,0.6376518218623481,0.5465587044534413,0.18218623481781376,0.04554655870445344
Lucas Martínez Quarta,Fiorentina,ITA-Serie A,28,ARG,DF,4813.0,34.4,0.19333333333333336,1.6833333333333333,0.13089549137751924,0.03739871182214835,0.13089549137751924,0.0,0.2991896945771868,0.0,1.3089549137751921,0.7479742364429669,0.03739871182214835,0.16829420319966756,1.4211510492416373,2.0195304383960107,1.0097652191980053,0.3552877623104093
Lucas Mincarelli,Montpellier,FRA-Ligue 1,20,FRA,DF,1693.0,39.3,0.15500000000000003,0.815,0.10632014176018902,0.05316007088009451,0.10632014176018902,0.0,0.05316007088009451,0.05316007088009451,0.47844063792085056,0.7974010632014177,0.0,2.4985233313644417,1.0100413467217957,1.4353219137625517,0.6910809214412286,0.2658003544004725
Lucas Ocampos,Sevilla,ESP-La Liga,30,ARG,"MF,FW",4211.0,39.166666666666664,0.06333333333333334,1.0166666666666666,0.1709807646639753,0.08549038233198765,0.08549038233198765,0.08549038233198765,0.3205889337449537,0.0,1.0686297791498456,2.0731417715507003,0.2992163381619568,3.248634528615531,0.5770600807409166,1.3464735217288055,2.0945143671336974,0.7480408454048919
Lucas Olaza,Valladolid,ESP-La Liga,28,URU,DF,1494.0,40.0,0.0,1.0,0.0,0.060240963855421686,0.0,0.0,0.18072289156626503,0.0,0.7228915662650601,1.144578313253012,0.12048192771084337,4.27710843373494,0.963855421686747,0.963855421686747,0.3012048192771084,0.12048192771084337
Lucas Oliveira Rosa,Valladolid,ESP-La Liga,24,BRA,DF,2821.0,27.1,0.0,0.905,0.0,0.06380716058135413,0.0,0.0,0.28713222261609356,0.0,1.7227933356965617,0.957107408720312,0.06380716058135413,2.328961361219426,1.3399503722084367,1.6908897554058846,0.4466501240694789,0.12761432116270827
Lucas Paquetá,Lyon,FRA-Ligue 1,24,BRA,MF,8823.0,27.76,0.09,1.4600000000000002,0.16320979258755525,0.10200612036722204,0.09180550833049984,0.07140428425705543,0.3264195851751105,0.010200612036722203,1.815708942536552,1.9381162869772186,0.16320979258755525,1.2852771166269976,0.6222373342400543,1.642298537912275,1.6729003740224413,0.45902754165249915
Lucas Perrin,Strasbourg,FRA-Ligue 1,24,FRA,DF,4488.0,37.5,0.0,1.145,0.0,0.040106951871657755,0.0,0.0,0.14037433155080214,0.0,1.143048128342246,0.9224598930481284,0.020053475935828877,0.2606951871657754,1.2633689839572193,1.0628342245989304,0.40106951871657753,0.14037433155080214
Lucas Robertone,Almería,ESP-La Liga,26,ARG,MF,5224.0,25.9,0.03,0.8150000000000001,0.03445635528330781,0.20673813169984687,0.03445635528330781,0.0,0.3101071975497703,0.0,1.2232006125574273,2.4464012251148546,0.08614088820826953,3.497320061255743,1.5677641653905054,1.1026033690658499,1.257656967840735,0.3273353751914242
Lucas Stassin,Saint-Étienne,FRA-Ligue 1,19,BEL,FW,1924.0,76.15,0.385,0.98,0.6081081081081081,0.18711018711018712,0.6081081081081081,0.0,0.18711018711018712,0.0,1.496881496881497,1.2162162162162162,0.3274428274428275,0.8887733887733889,0.14033264033264034,0.5145530145530146,2.1517671517671517,1.1694386694386696
Lucas Torró,Osasuna,ESP-La Liga,32-053,ESP,MF,9635.0,18.240000000000002,0.034,1.4280000000000002,0.046704722366372596,0.00934094447327452,0.046704722366372596,0.0,0.2895692786715101,0.0,2.0736896730669434,1.0461857810067463,0.00934094447327452,0.07472755578619616,1.4104826154644523,1.0088220031136481,1.1115723923196679,0.25220550077841203
Lucas Tousart,Union Berlin,Unknown,27,FRA,MF,6025.0,46.88,0.046,1.212,0.08962655601659751,0.044813278008298756,0.08962655601659751,0.0,0.11950207468879667,0.0,1.508713692946058,0.9410788381742738,0.029875518672199168,0.6423236514522822,1.3145228215767635,1.1800829875518672,1.3443983402489628,0.5526970954356847
Lucas Vázquez,Leverkusen,Unknown,35-071,ESP,DF,5295.0,30.660000000000004,0.172,2.0119999999999996,0.1529745042492918,0.23796033994334279,0.1529745042492918,0.0,0.13597733711048157,0.0,1.4107648725212465,1.3937677053824362,0.20396600566572237,2.974504249291785,0.6288951841359773,1.461756373937677,0.764872521246459,0.3059490084985836
Lucien Agoume,Inter,ITA-Serie A,21,FRA,MF,7036.0,16.65,0.028333333333333335,1.4733333333333334,0.02558271745309835,0.08953951108584424,0.02558271745309835,0.0,0.3325753268902786,0.012791358726549174,2.123365548607163,0.4732802728823195,0.14070494599204095,0.6523592950540079,1.6756679931779421,1.5605457646389995,0.5372370665150653,0.11512222853894258
Luck Zogbé,Brest,FRA-Ligue 1,21-170,CIV,DF,1006.0,3.125,0.0,1.505,0.0,0.0,0.0,0.0,0.17892644135188865,0.0,1.610337972166998,1.5208747514910537,0.08946322067594432,2.5049701789264414,1.9681908548707754,2.147117296222664,1.073558648111332,0.08946322067594432
Ludovic Ajorque,Mainz 05,Unknown,29,FRA,FW,8927.0,38.766666666666666,0.12833333333333333,1.25,0.31253500616108437,0.12098129270751654,0.3024532317687913,0.010081774392293043,0.2520443598073261,0.010081774392293043,2.0062731040663158,1.3005488966058028,0.3931892012994287,0.2520443598073261,0.22179903663044698,0.49400694522235916,2.076845524812367,0.8267055001680296
Ludovic Blas,Rennes,FRA-Ligue 1,28-253,FRA,MF,8327.0,32.660000000000004,0.076,1.492,0.23778071334214002,0.19454785637084185,0.1837396421280173,0.05404107121412273,0.17293142788519275,0.0,1.7076978503662783,1.9238621352227694,0.15131499939954365,4.366518554101117,0.5728353548697009,0.8430407109403147,2.7560946319202593,1.0051639245826829
Luis Alberto,Lazio,ITA-Serie A,30,ESP,MF,4753.0,33.6,0.11,1.745,0.20828950136755733,0.2650957290132548,0.18935409215232488,0.018935409215232485,0.20828950136755733,0.0,0.586997685672207,0.7006101409636019,0.15148327372185988,5.585945718493583,0.2650957290132548,0.9467704607616242,1.950347149168946,0.6438039133179045
Luis Díaz,Bayern Munich,Unknown,29-240,COL,MF,8651.0,36.239999999999995,0.13999999999999999,2.198,0.4265402843601896,0.27048896081377877,0.4265402843601896,0.0,0.1456479019766501,0.01040342156976072,1.6645474511617153,1.4252687550572187,0.6242052941856433,1.1755866373829615,0.33290949023234306,0.821870304011097,3.0065888336608486,1.1443763726736793
Luis Henrique,Inter,ITA-Serie A,24-270,BRA,MF,5117.0,29.6,0.095,2.1550000000000002,0.15829587649013094,0.15829587649013094,0.15829587649013094,0.0,0.017588430721125658,0.0,0.26382646081688493,0.19347273793238223,0.2814148915380105,2.884502638264608,0.4748876294703928,0.5804182137971468,1.020128981825288,0.4221223373070158
Luis Hernández,Cádiz,ESP-La Liga,34,ESP,DF,3872.0,57.15,0.5,1.085,0.02324380165289256,0.0,0.02324380165289256,0.0,0.27892561983471076,0.02324380165289256,0.8135330578512396,0.16270661157024793,0.04648760330578512,0.46487603305785125,0.9297520661157025,0.534607438016529,0.1859504132231405,0.04648760330578512
Luis Milla,Como,ITA-Serie A,31-338,ESP,MF,10308.0,16.72,0.014000000000000002,1.3980000000000001,0.017462165308498253,0.15715948777648428,0.008731082654249126,0.008731082654249126,0.20081490104772992,0.017462165308498253,1.239813736903376,1.2660069848661235,0.043655413271245634,5.4132712456344585,1.169965075669383,1.2048894062863795,0.7246798603026775,0.15715948777648428
Luis Muriel,Atalanta,ITA-Serie A,32,COL,FW,1482.0,32.8,0.09,1.685,0.3036437246963563,0.242914979757085,0.242914979757085,0.06072874493927125,0.1214574898785425,0.1214574898785425,1.45748987854251,1.7611336032388665,0.242914979757085,6.801619433198381,0.1214574898785425,0.5465587044534413,3.4615384615384617,1.0931174089068827
Luis Pérez,Valladolid,ESP-La Liga,29,ESP,DF,3771.0,20.0,0.0,0.765,0.0,0.023866348448687354,0.0,0.0,0.09546539379474941,0.0,0.5727923627684964,0.9785202863961814,0.16706443914081145,3.7947494033412887,1.0501193317422435,1.288782816229117,0.21479713603818618,0.04773269689737471
Luis Rioja,Valencia,ESP-La Liga,32-329,ESP,DF,8071.0,18.28,0.066,0.746,0.1449634493866931,0.1449634493866931,0.0892082765456573,0.0557551728410358,0.12266138025027878,0.0,0.6133069012513939,0.9701400074340231,0.345682071614422,6.032709701400074,0.6133069012513939,0.7248172469334655,1.4830875975715525,0.42373931359187217
Luis Sinisterra,Bournemouth,ENG-Premier League,25,COL,MF,1802.0,39.6,0.11,1.0933333333333335,0.3995560488346282,0.14983351831298555,0.3995560488346282,0.0,0.14983351831298555,0.049944506104328525,1.498335183129856,0.9988901220865705,0.49944506104328523,1.248612652608213,0.7991120976692564,1.3485016648168702,3.3962264150943393,1.2985571587125415
Luis Suárez,Marseille,FRA-Ligue 1,24,COL,FW,2700.0,37.1,0.14666666666666667,1.3566666666666667,0.43333333333333335,0.16666666666666669,0.4,0.03333333333333333,0.26666666666666666,0.03333333333333333,2.0,1.5,0.36666666666666664,0.7,0.26666666666666666,0.5333333333333333,3.2,1.1333333333333333
Luis Vázquez,Getafe,ESP-La Liga,24,ARG,FW,1194.0,36.0,0.12,1.59,0.22613065326633167,0.07537688442211056,0.22613065326633167,0.0,0.15075376884422112,0.0,1.5829145728643217,2.412060301507538,1.2814070351758793,0.15075376884422112,0.30150753768844224,0.22613065326633167,1.8844221105527639,0.6783919597989949
Luiz Felipe,Marseille,FRA-Ligue 1,27,ITA,DF,2715.0,16.65,0.0,1.6375,0.0,0.0,0.0,0.0,0.1988950276243094,0.0994475138121547,0.5966850828729282,0.3977900552486188,0.0,0.06629834254143646,1.3591160220994476,1.2265193370165746,0.26519337016574585,0.06629834254143646
Luiz Henrique,Real Betis,ESP-La Liga,22,BRA,MF,2423.0,31.35,0.01,1.5299999999999998,0.037144036318613294,0.2228642179116797,0.037144036318613294,0.0,0.260008254230293,0.0,1.1886091621956254,2.0057779612051174,0.18572018159306644,2.042921997523731,0.7057366900536525,1.6343375980189847,2.228642179116797,0.7800247626908791
Luka Jović,Milan,ITA-Serie A,26,SRB,FW,2968.0,44.1,0.18666666666666668,1.4066666666666665,0.4245283018867924,0.12129380053908356,0.4245283018867924,0.0,0.18194070080862534,0.03032345013477089,1.0613207547169812,0.818733153638814,0.3942048517520216,0.12129380053908356,0.12129380053908356,0.18194070080862534,2.72911051212938,1.1522911051212938
Luka Lochoshvili,Köln,Unknown,28-104,GEO,DF,2019.0,11.1,0.055,1.1099999999999999,0.04457652303120356,0.08915304606240712,0.04457652303120356,0.0,0.17830609212481424,0.0,1.2481426448736999,0.44576523031203563,0.04457652303120356,0.2674591381872214,1.0698365527488856,0.9361069836552749,0.5349182763744428,0.08915304606240712
Luka Modrić,Milan,ITA-Serie A,41-001,CRO,MF,8259.0,25.46,0.08,2.188,0.10897203051216856,0.1961496549219034,0.0980748274609517,0.010897203051216855,0.2179440610243371,0.0,0.9371594624046495,1.0025426807119506,0.07628042135851798,4.1627315655648385,1.046131492916818,0.8172902288412641,1.0570286959680348,0.32691609153650564
Luka Sučić,Real Sociedad,ESP-La Liga,24-002,CRO,"MF,FW",3187.0,30.8,0.10999999999999999,1.28,0.16943834326953247,0.05647944775651082,0.16943834326953247,0.0,0.16943834326953247,0.0,0.7059930969563852,0.6495136491998744,0.11295889551302164,0.8754314402259179,0.5647944775651083,0.8471917163476624,2.1744587386256664,0.6212739253216191
Luka Vušković,Hamburger SV,Unknown,18,CRO,DF,2712.0,24.0,0.18,1.31,0.2323008849557522,0.0,0.19911504424778761,0.0331858407079646,0.19911504424778761,0.0,1.0619469026548671,1.1283185840707965,0.0331858407079646,0.1327433628318584,1.3606194690265487,0.6305309734513275,1.261061946902655,0.36504424778761063
Lukas Daschner,Bochum,Unknown,25,GER,"FW,MF",948.0,56.45,0.095,0.565,0.18987341772151897,0.18987341772151897,0.18987341772151897,0.0,0.18987341772151897,0.0,0.7594936708860759,1.0443037974683544,0.0,3.70253164556962,0.18987341772151897,0.6645569620253164,2.088607594936709,1.139240506329114
Lukas Klostermann,RB Leipzig,Unknown,29,GER,DF,4276.0,37.5,0.10500000000000001,1.92,0.042095416276894296,0.021047708138447148,0.042095416276894296,0.0,0.16838166510757718,0.0,0.6314312441534143,0.31571562207670717,0.042095416276894296,0.5051449953227315,1.1155285313376988,0.6735266604303087,0.3788587464920487,0.12628624883068287
Lukas Kübler,Freiburg,Unknown,34-011,GER,DF,7000.0,36.1,0.148,1.796,0.12857142857142856,0.051428571428571435,0.12857142857142856,0.0,0.20571428571428574,0.0,1.0671428571428572,1.002857142857143,0.14142857142857143,1.4914285714285713,1.8900000000000001,1.2214285714285713,0.7071428571428572,0.30857142857142855
Lukas Nmecha,Wolfsburg,Unknown,25,GER,FW,2531.0,46.019999999999996,0.306,1.008,0.49782694587119714,0.07111813512445674,0.42670881074674044,0.07111813512445674,0.14223627024891347,0.0,1.1378901619913078,2.204662188858159,0.39114974318451207,0.7111813512445674,0.24891347293559857,0.39114974318451207,2.702489134729356,1.1734492295535361
Lukas Ullrich,Gladbach,Unknown,22-178,GER,DF,3398.0,11.25,0.0325,0.5325,0.026486168334314303,0.052972336668628606,0.026486168334314303,0.0,0.15891701000588582,0.0,1.1124190700412007,0.8475573866980577,0.026486168334314303,2.4896998234255445,1.2448499117127723,0.9270158917010006,0.5297233666862861,0.10594467333725721
Luke Ayling,Leeds United,ENG-Premier League,30,ENG,DF,2054.0,20.8,0.08,0.79,0.08763388510223953,0.043816942551119765,0.08763388510223953,0.0,0.1314508276533593,0.0,0.7010710808179162,1.5335929892891917,0.043816942551119765,2.760467380720545,1.095423563777994,1.665043816942551,1.0516066212268744,0.21908471275559885
Luke Shaw,Manchester Utd,ENG-Premier League,31-060,ENG,DF,7330.0,11.72,0.034,1.496,0.02455661664392906,0.04911323328785812,0.02455661664392906,0.0,0.30695770804911326,0.0,1.3874488403819918,0.6384720327421555,0.01227830832196453,2.406548431105048,1.1050477489768076,1.1909959072305594,0.34379263301500684,0.08594815825375171
Luke Thomas,Leicester City,ENG-Premier League,23,ENG,DF,3100.0,5.566666666666666,0.0,0.6233333333333333,0.0,0.0,0.0,0.0,0.26129032258064516,0.0,1.0741935483870968,0.8709677419354839,0.0,1.4225806451612906,1.6548387096774193,1.5096774193548386,0.40645161290322585,0.02903225806451613
Luke Woolfenden,Ipswich Town,ENG-Premier League,25,ENG,DF,1187.0,0.0,0.0,0.47,0.0,0.0,0.0,0.0,0.15164279696714406,0.0,0.3791069924178601,0.15164279696714406,0.07582139848357203,0.0,1.5922493681550125,0.45492839090143217,0.07582139848357203,0.0
Lutsharel Geertruida,RB Leipzig,Unknown,24,NED,DF,3250.0,26.15,0.065,1.4300000000000002,0.027692307692307693,0.0,0.027692307692307693,0.0,0.11076923076923077,0.0,0.8861538461538462,0.36,0.055384615384615386,0.6092307692307692,0.9969230769230769,1.2738461538461539,0.5261538461538462,0.13846153846153847
Lyanco,Southampton,ENG-Premier League,25,BRA,DF,1180.0,33.3,0.08,0.86,0.07627118644067796,0.07627118644067796,0.07627118644067796,0.0,0.30508474576271183,0.0,1.2203389830508473,0.7627118644067796,0.07627118644067796,0.5338983050847458,1.5254237288135593,1.2966101694915255,0.9152542372881355,0.30508474576271183
Lyle Foster,Burnley,ENG-Premier League,24,RSA,"FW,MF",3270.0,40.0,0.15,0.685,0.2201834862385321,0.13761467889908258,0.2201834862385321,0.0,0.11009174311926605,0.027522935779816512,1.2660550458715596,0.6605504587155964,0.6605504587155964,0.24770642201834864,0.13761467889908258,0.6055045871559633,1.4862385321100917,0.6330275229357798
Lázaro,Almería,ESP-La Liga,21,BRA,MF,1001.0,49.0,0.12,0.37,0.5394605394605395,0.0,0.5394605394605395,0.0,0.0899100899100899,0.0,0.8991008991008991,1.7082917082917082,0.44955044955044954,1.7982017982017982,0.3596403596403596,0.3596403596403596,2.967032967032967,1.4385614385614385
Léo Baptistão,Almería,ESP-La Liga,30,BRA,"FW,MF",3563.0,35.8,0.11,0.94,0.25259612685938815,0.025259612685938817,0.25259612685938815,0.0,0.3283749649172046,0.025259612685938817,1.2882402469828795,1.3134998596688183,0.5809710917765928,1.1114229581813078,0.7577883805781644,0.9093460566937974,2.323884367106371,0.8335672186359809
Léo Leroy,Montpellier,FRA-Ligue 1,23,FRA,MF,1691.0,23.799999999999997,0.0,1.24,0.0,0.05322294500295684,0.0,0.0,0.5854523950325251,0.0,2.980484920165583,1.277350680070964,0.05322294500295684,0.5322294500295683,1.1709047900650502,2.554701360141928,1.3305736250739206,0.37256061502069787
Léo Pétrot,Saint-Étienne,FRA-Ligue 1,27,FRA,DF,4206.0,21.45,0.0,1.045,0.0,0.06419400855920114,0.0,0.0,0.12838801711840228,0.021398002853067047,0.8987161198288159,0.5991440798858774,0.06419400855920114,1.4336661911554922,1.2196861626248217,1.3052781740370898,0.3209700427960057,0.06419400855920114
Léo Scienza,Heidenheim,Unknown,26,BRA,MF,1333.0,32.25,0.165,0.3,0.2700675168792198,0.20255063765941483,0.2700675168792198,0.0,0.06751687921980495,0.0,1.1477869467366841,4.726181545386346,0.33758439609902474,6.346586646661665,0.33758439609902474,0.8777194298574644,2.8357089272318077,1.0802700675168793
M'Bala Nzola,Sassuolo,ITA-Serie A,28,ANG,FW,7190.0,35.36,0.126,1.1400000000000001,0.325452016689847,0.08762169680111266,0.25034770514603616,0.07510431154381085,0.18776077885952713,0.025034770514603618,1.9151599443671765,1.1015299026425591,0.8636995827538247,0.3004172461752434,0.1627260083449235,0.25034770514603616,2.265646731571627,0.8136300417246176
M'Baye Niang,Empoli,ITA-Serie A,28,SEN,FW,2190.0,40.35,0.20500000000000002,1.11,0.4931506849315069,0.0410958904109589,0.2054794520547945,0.28767123287671237,0.12328767123287672,0.0821917808219178,2.3835616438356166,2.712328767123288,0.6986301369863014,0.4931506849315069,0.1643835616438356,0.4520547945205479,2.5068493150684934,1.0273972602739725
Mads Pedersen,Augsburg,Unknown,28,DEN,MF,4069.0,1.775,0.0175,1.015,0.022118456623248954,0.022118456623248954,0.022118456623248954,0.0,0.24330302285573852,0.022118456623248954,1.48193659375768,1.1722782010321946,0.08847382649299582,2.5657409682968786,0.8405013516834604,1.5925288768739247,0.6193167854509708,0.022118456623248954
Mads Roerslev,Wolfsburg,Unknown,25,DEN,DF,4492.0,21.9,0.035,1.4575,0.020035618878005344,0.08014247551202137,0.020035618878005344,0.0,0.06010685663401603,0.0,0.44078361531611754,0.6211041852181657,0.06010685663401603,2.3642030276046304,0.7413178984861977,1.1821015138023152,0.30053428317008013,0.08014247551202137
Maghnes Akliouche,Paris SG,FRA-Ligue 1,24-197,FRA,FW,6997.0,53.82000000000001,0.082,1.55,0.23152779762755468,0.2572531084750608,0.21866514220380162,0.012862655423753037,0.1672145205087895,0.0,1.337716164070316,1.4148920966128342,0.24439045305130772,2.1737887666142632,0.6174074603401458,1.1190510218665142,1.9293983135629555,0.7846219808489352
Magnus Knudsen,Holstein Kiel,Unknown,23,NOR,MF,1850.0,33.3,0.0,0.77,0.0,0.04864864864864865,0.0,0.0,0.34054054054054056,0.0,1.3135135135135134,0.4864864864864865,0.0,0.34054054054054056,0.4864864864864865,1.4594594594594597,0.5837837837837837,0.1945945945945946
Mahamadou Diawara,Lyon,FRA-Ligue 1,19,FRA,MF,956.0,4.766666666666667,0.0,0.9833333333333334,0.0,0.09414225941422594,0.0,0.0,0.18828451882845187,0.0,2.4476987447698746,1.3179916317991631,0.0,0.6589958158995816,1.600418410041841,1.788702928870293,1.2238493723849373,0.09414225941422594
Mahamadou Nagida,Rennes,FRA-Ligue 1,21-074,CMR,DF,1454.0,34.95,0.0825,1.6575,0.12379642365887208,0.0,0.12379642365887208,0.0,0.18569463548830809,0.0,1.299862448418157,1.6712517193947731,0.0,4.023383768913343,2.2902338376891334,1.361760660247593,1.4855570839064647,0.49518569463548834
Mahdi Camara,Rennes,FRA-Ligue 1,28-072,FRA,MF,9273.0,39.42,0.09000000000000001,1.8259999999999998,0.1649951472015529,0.06793917825946297,0.1552895503073439,0.009705596894208994,0.20381753477838888,0.019411193788417987,1.4073115496603041,1.4267227434487222,0.09705596894208994,1.3296667745066322,1.203494014881915,1.494661921708185,1.417017146554513,0.5338078291814946
Mahmoud Dahoud,Frankfurt,Unknown,29,GER,"MF,FW",2096.0,21.419999999999998,0.11800000000000002,1.924,0.17175572519083968,0.21469465648854963,0.17175572519083968,0.0,0.17175572519083968,0.04293893129770992,1.5028625954198473,0.42938931297709926,0.0,1.0305343511450382,0.8587786259541985,1.116412213740458,1.674618320610687,0.3005725190839695
Makoto Hasebe,Frankfurt,Unknown,39,JPN,"MF,DF",1524.0,0.0,0.0,1.4849999999999999,0.0,0.0,0.0,0.0,0.11811023622047244,0.0,0.6496062992125984,1.0629921259842519,0.0,0.2952755905511811,1.0629921259842519,0.8267716535433071,0.0,0.0
Malang Sarr,Lens,FRA-Ligue 1,26,FRA,DF,5026.0,12.799999999999999,0.0,1.79,0.0,0.017906884202148827,0.0,0.0,0.12534818941504178,0.0,0.7879029048945484,0.6804615996816553,0.017906884202148827,0.2148826104257859,2.0055710306406684,1.0744130521289295,0.5372065260644647,0.10744130521289295
Malick Fofana,Lyon,FRA-Ligue 1,21-163,BEL,"FW,MF",2972.0,41.379999999999995,0.186,1.6800000000000002,0.33310901749663524,0.15141318977119786,0.33310901749663524,0.0,0.0908479138627187,0.0,0.8781965006729475,2.180349932705249,0.39367429340511434,3.876177658142665,0.4845222072678331,0.6662180349932705,1.8775235531628531,0.9690444145356663
Malick Thiaw,Schalke 04,Unknown,20,GER,DF,8292.0,28.633333333333336,0.023333333333333334,1.5066666666666666,0.043415340086830685,0.010853835021707671,0.043415340086830685,0.0,0.19536903039073808,0.010853835021707671,1.0636758321273518,0.36903039073806077,0.043415340086830685,0.15195369030390737,0.9117221418234442,1.0311143270622287,0.5426917510853835,0.2170767004341534
Malik Tillman,Leverkusen,Unknown,24-105,USA,MF,1804.0,19.1,0.09,1.645,0.29933481152993346,0.04988913525498891,0.29933481152993346,0.0,0.09977827050997783,0.0,1.0476718403547671,1.5964523281596452,0.04988913525498891,0.9977827050997784,1.0975609756097562,1.4966740576496673,1.7960088691796008,0.6485587583148559
Malo Gusto,Lyon,FRA-Ligue 1,19,FRA,"DF,MF",7665.0,29.78,0.034,1.654,0.023483365949119376,0.12915851272015658,0.023483365949119376,0.0,0.19960861056751467,0.023483365949119376,0.9745596868884541,1.091976516634051,0.12915851272015658,3.522504892367906,1.1506849315068495,1.3502935420743638,0.6692759295499021,0.22309197651663407
Mama Samba Baldé,Brest,FRA-Ligue 1,30-308,GNB,MF,5224.0,25.05,0.06833333333333334,0.96,0.3101071975497703,0.20673813169984687,0.27565084226646247,0.03445635528330781,0.18950995405819296,0.03445635528330781,1.3954823889739663,1.5849923430321593,0.6891271056661562,0.6374425727411944,0.41347626339969373,0.7924961715160797,2.756508422664625,0.8786370597243491
Mamadou Coulibaly,Salernitana,ITA-Serie A,24,SEN,MF,1718.0,7.7,0.046,2.2,0.15715948777648428,0.15715948777648428,0.15715948777648428,0.0,0.36670547147846333,0.05238649592549476,1.938300349243306,1.362048894062864,0.20954598370197905,0.9953434225844005,1.309662398137369,1.4144353899883586,0.8381839348079162,0.26193247962747385
Mamadou Diakhon,Reims,FRA-Ligue 1,18,SEN,"MF,FW",1088.0,48.13333333333333,0.03666666666666667,0.5666666666666668,0.16544117647058823,0.08272058823529412,0.16544117647058823,0.0,0.16544117647058823,0.0,0.7444852941176471,2.729779411764706,0.0,3.1433823529411766,0.4963235294117647,0.9099264705882354,1.6544117647058825,0.7444852941176471
Mamadou Mbaye,Cádiz,ESP-La Liga,25,SEN,DF,1048.0,25.0,0.0,1.0550000000000002,0.0,0.0,0.0,0.0,0.34351145038167935,0.0,1.0305343511450382,0.17175572519083968,0.34351145038167935,0.0,1.2881679389312977,0.9446564885496184,0.25763358778625955,0.08587786259541984
Mamadou Sangare,Lens,FRA-Ligue 1,23,MLI,MF,2533.0,21.549999999999997,0.03,1.885,0.10659297275957363,0.17765495459928937,0.10659297275957363,0.0,0.21318594551914727,0.0,1.421239636794315,1.66995657323332,0.10659297275957363,0.3197789182787209,1.66995657323332,2.060797473351757,2.0963284642716147,0.5329648637978681
Mamadou Sarr,Strasbourg,FRA-Ligue 1,19,SEN,DF,3845.0,0.0,0.0,2.275,0.0,0.023407022106631988,0.0,0.0,0.16384915474642392,0.0,1.0533159947984396,0.5383615084525357,0.0,0.023407022106631988,0.7256176853055917,0.8426527958387515,0.16384915474642392,0.0
Mamadou Sylla,Valladolid,ESP-La Liga,30,SEN,"FW,MF",1601.0,15.9,0.115,0.975,0.2810743285446596,0.056214865708931916,0.056214865708931916,0.22485946283572766,0.2810743285446596,0.0,0.9556527170518426,1.9113054341036853,0.730793254216115,0.5059337913803872,0.16864459712679578,0.2810743285446596,1.236727045596502,0.3935040599625234
Mandela Keita,Parma,ITA-Serie A,24-123,BEL,"MF,FW",5059.0,37.1,0.02,0.86,0.017790077090334058,0.05337023127100217,0.017790077090334058,0.0,0.14232061672267246,0.017790077090334058,1.0851947025103776,1.7790077090334058,0.017790077090334058,0.035580154180668115,1.1385649337813797,1.2986756275943863,0.3735916188970152,0.16011069381300652
Manolis Saliakas,St Pauli,Unknown,28,GRE,MF,3420.0,19.75,0.065,1.0950000000000002,0.07894736842105263,0.10526315789473685,0.07894736842105263,0.0,0.1842105263157895,0.0,0.5263157894736842,0.5789473684210527,0.10526315789473685,3.342105263157895,0.763157894736842,1.131578947368421,1.1842105263157894,0.23684210526315788
Manolo Gabbiadini,Sampdoria,ITA-Serie A,30,ITA,"FW,MF",2354.0,40.3,0.1,0.49,0.2676295666949873,0.07646559048428207,0.2676295666949873,0.0,0.22939677145284623,0.0,1.5675446049277826,2.5615972812234493,0.4970263381478334,1.032285471537808,0.22939677145284623,0.5734919286321155,2.752761257434155,1.10875106202209
Manor Solomon,Fiorentina,ITA-Serie A,26,ISR,"FW,MF",1811.0,41.075,0.26,1.9975,0.34787410270568747,0.19878520154610715,0.34787410270568747,0.0,0.09939260077305358,0.0,0.44726670347874103,1.143014908890116,0.2484815019326339,3.2799558255107675,0.3975704030922143,1.3418001104362232,1.5405853119823303,0.6460519050248481
Manu Koné,Gladbach,Unknown,22,FRA,MF,9431.0,32.48,0.048,1.796,0.0572579790054077,0.04771498250450642,0.0572579790054077,0.0,0.23857491252253205,0.009542996500901284,1.4887074541406,2.395292121726222,0.06680097550630898,0.12405895451171668,0.8779556780829181,1.211960555614463,1.04018661859824,0.3530908705333475
Manu Morlanes,Mallorca,ESP-La Liga,26,ESP,MF,5582.0,20.98,0.074,1.3980000000000001,0.06449301325689716,0.03224650662844858,0.06449301325689716,0.0,0.27409530634181295,0.03224650662844858,1.0480114654245791,0.9351486922250088,0.0,0.6449301325689717,1.0641347187388033,1.596202078108205,0.6771766391974203,0.17735578645646718
Manu Sánchez,Levante,ESP-La Liga,26-017,ESP,DF,9707.0,19.94,0.032,1.1640000000000001,0.01854331925414649,0.08344493664365922,0.01854331925414649,0.0,0.18543319254146493,0.009271659627073246,1.3165756670444009,0.565571237251468,0.04635829813536623,2.6146080148346553,0.9642526012156176,1.807973627279283,0.41722468321829603,0.1019882558978057
Manu Trigueros,Villarreal,ESP-La Liga,31,ESP,MF,1137.0,37.5,0.0,1.6150000000000002,0.0,0.079155672823219,0.0,0.0,0.158311345646438,0.079155672823219,1.424802110817942,1.029023746701847,0.158311345646438,0.712401055408971,0.554089709762533,1.5039577836411608,1.108179419525066,0.395778364116095
Manuel Akanji,Inter,ITA-Serie A,31-053,SUI,DF,9864.0,18.54,0.044,2.4699999999999998,0.03649635036496351,0.018248175182481754,0.03649635036496351,0.0,0.12773722627737225,0.009124087591240877,0.7755474452554744,0.5291970802919708,0.018248175182481754,0.2737226277372263,0.7937956204379562,0.8211678832116788,0.656934306569343,0.14598540145985403
Manuel Fuster,Las Palmas,ESP-La Liga,26,ESP,"MF,FW",1003.0,38.9,0.11,0.61,0.17946161515453637,0.08973080757726819,0.17946161515453637,0.0,0.17946161515453637,0.0,1.0767696909272184,3.320039880358923,0.08973080757726819,5.922233300099701,0.35892323030907275,0.9870388833499502,1.6151545363908277,0.6281156530408774
Manuel Gulde,Freiburg,Unknown,32,GER,DF,2690.0,29.15,0.29,1.33,0.06691449814126393,0.0,0.06691449814126393,0.0,0.23420074349442377,0.03345724907063197,0.8698884758364313,0.5353159851301115,0.03345724907063197,0.23420074349442377,1.3048327137546467,1.171003717472119,0.46840148698884754,0.06691449814126393
Manuel Lazzari,Lazio,ITA-Serie A,32-285,ITA,"DF,MF",5905.0,28.32,0.0,1.862,0.0,0.04572396274343776,0.0,0.0,0.25910245554614736,0.015241320914479255,0.8077900084674005,1.6308213378492804,0.03048264182895851,3.1549534292972057,0.7011007620660458,1.005927180355631,0.3657917019475021,0.12193056731583404
Manuel Locatelli,Juventus,ITA-Serie A,28-245,ITA,MF,11540.0,23.1,0.028000000000000004,1.954,0.03119584055459272,0.08578856152512998,0.02339688041594454,0.00779896013864818,0.25736568457538994,0.0,1.5129982668977469,1.0060658578856152,0.02339688041594454,0.5303292894280762,0.9280762564991335,1.5519930675909879,0.990467937608319,0.2807625649913345
Manuel Ugarte,PSG,FRA-Ligue 1,22,URU,MF,4604.0,12.933333333333332,0.016666666666666666,1.6666666666666667,0.01954821894005213,0.07819287576020852,0.01954821894005213,0.0,0.33231972198088616,0.0,2.1894005212858385,1.4661164205039097,0.0,0.23457862728062556,1.6811468288444829,2.639009556907037,0.8210251954821893,0.11728931364031278
Marash Kumbulla,Sassuolo,ITA-Serie A,23,ALB,DF,4032.0,7.825,0.0475,1.2025000000000001,0.06696428571428571,0.0,0.06696428571428571,0.0,0.26785714285714285,0.02232142857142857,1.0044642857142858,0.8928571428571428,0.02232142857142857,0.17857142857142855,0.8482142857142857,0.7142857142857142,0.4464285714285714,0.11160714285714285
Marc Aguado,Elche,ESP-La Liga,26-200,ESP,MF,2698.0,83.35,0.665,0.68,0.06671608598962193,0.06671608598962193,0.06671608598962193,0.0,0.10007412898443291,0.0,0.9006671608598962,0.8673091178650852,0.0,0.06671608598962193,1.4010378057820607,0.9006671608598962,0.13343217197924387,0.10007412898443291
Marc Bartra,Real Betis,ESP-La Liga,35-238,ESP,DF,4534.0,27.275,0.105,1.6525,0.07940008822232024,0.01985002205558006,0.07940008822232024,0.0,0.11910013233348038,0.0,0.6749007498897222,0.5161005734450816,0.03970004411116012,0.09925011027790032,1.3895015438906042,0.9131010145566829,0.8138509042787825,0.23820026466696076
Marc Bernal,Barcelona,ESP-La Liga,19-107,ESP,MF,1265.0,37.300000000000004,0.09666666666666666,2.8633333333333333,0.1422924901185771,0.1422924901185771,0.1422924901185771,0.0,0.42687747035573126,0.0,1.707509881422925,1.067193675889328,0.0,0.07114624505928854,1.2094861660079053,2.0632411067193677,0.8537549407114625,0.2845849802371542
Marc Casado,Dep. A Coruña,ESP-La Liga,22-361,ESP,MF,2640.0,1.775,0.0175,2.7125,0.03409090909090909,0.13636363636363635,0.03409090909090909,0.0,0.17045454545454547,0.03409090909090909,1.7386363636363635,2.0454545454545454,0.0,0.34090909090909094,1.0909090909090908,1.1590909090909092,0.8522727272727273,0.03409090909090909
Marc Cucurella,Real Madrid,ESP-La Liga,28-050,ESP,DF,9397.0,26.0,0.052000000000000005,1.72,0.0574651484516335,0.08619772267745025,0.0574651484516335,0.0,0.30648079174204534,0.019155049483877834,1.1588804937746089,1.1876130680004258,0.09577524741938917,1.264233265935937,0.8907098010003193,1.5611365329360434,0.5650739597743961,0.21070554432265617
Marc Guéhi,Manchester City,ENG-Premier League,26-059,ENG,"DF,MF",11829.0,32.61666666666667,0.16,1.7616666666666667,0.06086735987826528,0.04565051990869896,0.06086735987826528,0.0,0.190210499619579,0.00760841998478316,0.6695409586609181,1.0271366979457266,0.00760841998478316,0.2510778594978443,1.0575703778848593,0.8369261983261476,0.5173725589652549,0.17499365965001268
Marc Pubill,Atlético Madrid,ESP-La Liga,23-082,ESP,DF,3509.0,37.13333333333333,0.21333333333333335,1.3433333333333335,0.07694499857509261,0.10259333143345684,0.07694499857509261,0.0,0.12824166429182102,0.0,1.0772299800512966,1.3080649757765745,0.05129666571672842,1.974921630094044,0.8207466514676547,1.128526645768025,0.8463949843260189,0.25648332858364203
Marc Roca,Real Betis,ESP-La Liga,29-288,ESP,MF,7473.0,29.32,0.072,1.4540000000000002,0.07226013649136893,0.09634684865515857,0.07226013649136893,0.0,0.21678040947410682,0.0,1.7824167001204336,1.0236852669610599,0.01204335608189482,1.4572460859092735,0.9755118426334805,1.4933761541549577,1.0477719791248494,0.37334403853873943
Marc-Oliver Kempf,Hertha BSC,Unknown,27,GER,DF,7676.0,19.975,0.0625,1.84,0.05862428348097968,0.011724856696195935,0.05862428348097968,0.0,0.16414799374674308,0.011724856696195935,0.8676393955184992,0.7503908285565398,0.0,0.05862428348097968,1.0669619593538302,0.6917665450755601,0.6683168316831682,0.17587285044293904
Marcel Halstenberg,RB Leipzig,Unknown,30,GER,"DF,MF",1557.0,44.4,0.11,2.0,0.057803468208092484,0.057803468208092484,0.057803468208092484,0.0,0.11560693641618497,0.0,1.0982658959537572,0.40462427745664736,0.0,2.601156069364162,1.0982658959537572,0.9826589595375722,0.5202312138728323,0.23121387283236994
Marcel Sabitzer,Dortmund,Unknown,32-177,AUT,"FW,MF",6690.0,26.883333333333336,0.043333333333333335,2.063333333333333,0.09417040358744395,0.09417040358744395,0.08071748878923767,0.013452914798206279,0.16143497757847533,0.013452914798206279,0.8340807174887893,0.8878923766816142,0.08071748878923767,1.3452914798206277,0.7668161434977577,1.1031390134529149,1.5336322869955155,0.5381165919282511
Marcelo Brozović,Inter,ITA-Serie A,29,CRO,MF,1770.0,28.0,0.12,1.79,0.15254237288135591,0.2542372881355932,0.15254237288135591,0.0,0.4067796610169492,0.0,1.2203389830508473,0.6610169491525424,0.0,2.2372881355932206,1.1186440677966103,1.0677966101694916,1.271186440677966,0.3559322033898305
Marco Asensio,PSG,FRA-Ligue 1,28,ESP,"FW,MF",3916.0,45.725,0.1275,1.5025,0.4136874361593463,0.3677221654749745,0.4136874361593463,0.0,0.0689479060265577,0.0,0.6894790602655771,0.8733401430030644,0.20684371807967314,4.251787538304392,0.29877425944841673,0.6435137895812053,3.125638406537283,1.40194075587334
Marco Benassi,Fiorentina,ITA-Serie A,27,ITA,DF,1091.0,21.05,0.0,1.185,0.0,0.0,0.0,0.0,0.08249312557286893,0.0,0.9074243813015582,0.5774518790100825,0.0,2.557286892758937,0.989917506874427,1.5673693858845095,1.5673693858845095,0.6599450045829515
Marco Brescianini,Fiorentina,ITA-Serie A,26-233,ITA,MF,4482.0,52.44,0.152,1.16,0.20080321285140562,0.10040160642570281,0.20080321285140562,0.0,0.08032128514056225,0.0,1.5060240963855422,0.8835341365461847,0.14056224899598393,1.1244979919678715,0.3413654618473896,0.6827309236947792,1.3052208835341366,0.4819277108433735
Marco Friedl,Werder Bremen,Unknown,28-178,AUT,DF,9678.0,26.2,0.054000000000000006,1.3039999999999998,0.018598884066955982,0.0,0.018598884066955982,0.0,0.3068815871047737,0.037197768133911964,0.939243645381277,0.6788592684438933,0.07439553626782393,0.45567265964042153,1.5251084934903905,1.3577185368877867,0.23248605083694976,0.06509609423434594
Marco Grüll,Werder Bremen,Unknown,28-066,AUT,"MF,FW",3361.0,34.5,0.16,1.3466666666666667,0.2677774471883368,0.10711097887533472,0.2677774471883368,0.0,0.16066646831300208,0.0,1.5263314489735196,1.7137756620053555,0.21422195775066943,2.704552216602202,0.6158881285331747,1.0175542993156799,1.9815531091936922,0.6694436179708421
Marco Komenda,Holstein Kiel,Unknown,27,CRO,DF,1307.0,0.0,0.0,0.89,0.0,0.0,0.0,0.0,0.20657995409334354,0.0,1.1017597551644989,0.8951798010711552,0.0,1.0328997704667178,0.4820198928844682,1.17061973986228,0.20657995409334354,0.0
Marco Palestra,Cagliari,ITA-Serie A,20,ITA,"MF,DF",3303.0,12.05,0.015,1.46,0.027247956403269755,0.10899182561307902,0.027247956403269755,0.0,0.08174386920980926,0.0,1.1444141689373297,3.215258855585831,0.24523160762942778,3.1880108991825615,0.544959128065395,1.0626702997275204,0.7901907356948229,0.19073569482288827
Marco Reus,Dortmund,Unknown,34,GER,MF,2954.0,38.65,0.15000000000000002,2.045,0.36560595802301965,0.36560595802301965,0.33513879485443465,0.030467163168584967,0.18280297901150983,0.0,1.1577522004062288,1.1882193635748137,0.2132701421800948,1.5538253215978335,0.45700744752877454,1.2491536899119837,2.4069058903182126,0.9444820582261341
Marco Richter,Mainz 05,Unknown,25,GER,MF,2553.0,26.85,0.075,0.8400000000000001,0.24676850763807287,0.17626321974148063,0.24676850763807287,0.0,0.38777908343125733,0.0,1.6216216216216217,1.762632197414806,0.3172737955346651,4.230317273795535,0.881316098707403,1.0223266745005877,3.1022326674500587,0.8460634547591069
Marco Verratti,PSG,FRA-Ligue 1,29,ITA,MF,2194.0,50.0,0.0,0.0,0.0,0.0,0.0,0.0,0.4102096627164995,0.04102096627164995,1.4357338195077483,2.1741112123974475,0.0,0.2871467639015497,1.0255241567912488,2.092069279854148,0.3281677301731996,0.1640838650865998
Marcos Acuña,Sevilla,ESP-La Liga,31,ARG,"DF,MF",3204.0,34.7,0.13,1.2349999999999999,0.11235955056179775,0.11235955056179775,0.11235955056179775,0.0,0.47752808988764045,0.08426966292134831,1.3202247191011236,1.4325842696629214,0.056179775280898875,6.320224719101124,0.7584269662921348,1.6853932584269664,0.8146067415730337,0.25280898876404495
Marcos Alonso,Celta Vigo,ESP-La Liga,35-256,ESP,DF,7159.0,30.139999999999997,0.06,1.786,0.06285794105321972,0.0,0.012571588210643945,0.05028635284257578,0.2514317642128789,0.03771476463193183,0.9554407040089398,0.8045816454812125,0.02514317642128789,1.2697304092750383,1.0685849979047353,0.7920100572705686,0.8674395865344322,0.2514317642128789
Marcos André,Valladolid,ESP-La Liga,27,BRA,FW,1635.0,10.45,0.055,0.585,0.11009174311926605,0.11009174311926605,0.11009174311926605,0.0,0.3853211009174312,0.055045871559633024,1.1009174311926606,2.2018348623853212,0.3302752293577982,0.11009174311926605,0.1651376146788991,0.3853211009174312,2.146788990825688,0.2201834862385321
Marcos Llorente,Atlético Madrid,ESP-La Liga,31-223,ESP,DF,9187.0,46.42,0.074,1.954,0.08816806356808533,0.14694677261347555,0.08816806356808533,0.0,0.17633612713617067,0.019592903015130076,1.1559812778926746,0.764123217590073,0.2938935452269511,2.2237944922172637,0.7445303145749428,1.312724502013715,0.8914770871884184,0.40165451181016654
Marcos Senesi,Tottenham,ENG-Premier League,29-123,ARG,DF,9217.0,19.54,0.11200000000000002,1.008,0.05858739286101768,0.0976456547683628,0.05858739286101768,0.0,0.32223066073559725,0.0,1.2596289465118802,0.7128132798090485,0.02929369643050884,0.7030487143322122,1.3768037322339155,1.220570684604535,0.3905826190734512,0.11717478572203537
Marcus Coco,Nantes,FRA-Ligue 1,28,FRA,DF,3073.0,15.866666666666665,0.08333333333333333,1.09,0.05857468272046859,0.029287341360234295,0.05857468272046859,0.0,0.20501138952164008,0.05857468272046859,2.10868857793687,1.5815164334526521,0.0878620240807029,2.8994467946631954,1.3472177025707777,1.9036771884152295,0.5271721444842175,0.11714936544093718
Marcus Edwards,Burnley,ENG-Premier League,26,ENG,"MF,FW",1067.0,26.1,0.04,0.48,0.08434864104967198,0.2530459231490159,0.08434864104967198,0.0,0.0,0.0,0.5904404873477038,1.5182755388940956,0.08434864104967198,1.6026241799437677,0.2530459231490159,0.5060918462980318,1.9400187441424555,0.5060918462980318
Marcus Ingvartsen,Mainz 05,Unknown,26,DEN,"MF,FW",1314.0,47.2,0.28,1.32,0.684931506849315,0.0,0.410958904109589,0.273972602739726,0.136986301369863,0.0,2.191780821917808,1.4383561643835616,0.6164383561643836,0.4794520547945205,0.3424657534246575,0.0,2.4657534246575343,1.1643835616438356
Marcus Pedersen,Torino,ITA-Serie A,26-056,NOR,MF,5178.0,14.375,0.0175,0.75,0.01738122827346466,0.06952491309385864,0.01738122827346466,0.0,0.17381228273464658,0.0,1.0602549246813442,0.34762456546929316,0.13904982618771727,3.8933951332560834,0.5735805330243336,0.816917728852839,0.45191193511008115,0.10428736964078794
Marcus Rashford,Barcelona,ESP-La Liga,27,ENG,"MF,FW",8528.0,43.583333333333336,0.12333333333333334,1.7616666666666667,0.40103189493433394,0.1794090056285178,0.36937148217636023,0.03166041275797373,0.0949812382739212,0.0,0.4960131332082552,0.8864915572232646,0.4960131332082552,2.575046904315197,0.1899624765478424,0.45379924953095685,3.0077392120075044,1.2453095684803002
Marcus Tavernier,Bournemouth,ENG-Premier League,27-172,ENG,MF,8799.0,38.08,0.11400000000000002,1.244,0.20456870098874871,0.1738833958404364,0.18411183088987385,0.020456870098874872,0.1738833958404364,0.0,1.1046709853392431,1.2274122059324923,0.15342652574156154,4.5311967269007845,0.32730992158199795,1.033071939993181,2.3116263211728607,0.7875894988066825
Marcus Thuram,Gladbach,Unknown,24,FRA,FW,9461.0,35.739999999999995,0.168,2.282,0.5136877708487475,0.21879293943557765,0.5136877708487475,0.0,0.08561462847479125,0.0,1.350808582602262,1.5791142585350384,0.6278406088151358,0.6373533453123349,0.11415283796638834,0.4280731423739562,3.006024733114893,1.2366557446358737
Marcão,Sevilla,ESP-La Liga,29,BRA,DF,2220.0,5.0,0.025,1.1775,0.04054054054054054,0.0,0.04054054054054054,0.0,0.6081081081081081,0.08108108108108109,1.662162162162162,1.7432432432432432,0.04054054054054054,0.04054054054054054,0.7702702702702702,0.7297297297297298,0.40540540540540543,0.08108108108108109
Mariano Troilo,Parma,ITA-Serie A,23-080,ARG,DF,1889.0,11.1,0.055,0.7100000000000001,0.04764425622022234,0.0,0.04764425622022234,0.0,0.4287983059820011,0.09528851244044469,1.3816834303864478,1.095817893065114,0.04764425622022234,0.04764425622022234,0.9052408681842244,1.0005293806246691,0.4287983059820011,0.09528851244044469
Marin Pongračić,Fiorentina,ITA-Serie A,28-364,CRO,DF,8354.0,17.119999999999997,0.0,1.0939999999999999,0.0,0.0,0.0,0.0,0.2908786210198707,0.021546564519990423,1.8314579841991863,0.5386641129997606,0.0,0.06463969355997128,1.2281541776394542,0.7433564759396697,0.2585587742398851,0.05386641129997606
Marin Šverko,Venezia,ITA-Serie A,26,CRO,DF,1117.0,33.3,0.33,0.81,0.08057296329453895,0.0,0.08057296329453895,0.0,0.24171888988361684,0.0,0.7251566696508506,0.8057296329453894,0.0,0.1611459265890779,1.208594449418084,0.7251566696508506,0.24171888988361684,0.08057296329453895
Mario Gila,Milan,ITA-Serie A,26-012,ESP,DF,7360.0,15.34,0.014000000000000002,1.7920000000000003,0.012228260869565218,0.0,0.012228260869565218,0.0,0.1956521739130435,0.024456521739130436,0.9293478260869564,0.9782608695652174,0.012228260869565218,0.18342391304347824,1.002717391304348,1.0760869565217392,0.42798913043478265,0.11005434782608696
Mario Götze,Frankfurt,Unknown,34-099,GER,MF,7304.0,30.18,0.146,1.234,0.11089813800657175,0.061610076670317634,0.11089813800657175,0.0,0.16018619934282585,0.012322015334063527,0.8132530120481928,1.3184556407447974,0.07393209200438115,2.686199342825849,0.48055859802847756,1.1829134720700984,0.6407447973713034,0.25876232201533406
Mario Hermoso,Leverkusen,Unknown,29,ESP,DF,7543.0,22.8,0.14166666666666666,2.0316666666666667,0.08352114543285165,0.05965796102346546,0.08352114543285165,0.0,0.3340845817314066,0.03579477661407928,1.3124751425162402,0.7158955322815855,0.04772636881877237,0.8590746387379027,1.2289539970833885,0.7994166777144373,0.7039639400768924,0.19090547527508947
Mario Lemina,Nice,FRA-Ligue 1,28,GAB,MF,6469.0,34.375,0.035,1.095,0.06956252898438707,0.06956252898438707,0.06956252898438707,0.0,0.2921626217344257,0.041737517390632244,1.266038027515845,0.6399752666563611,0.18086257535940642,0.4173751739063225,1.2799505333127221,1.8921007883753287,1.1269129695470708,0.3895501623125676
Mario Martín,Getafe,ESP-La Liga,22-189,ESP,MF,4046.0,30.3,0.02,1.04,0.044488383588729606,0.044488383588729606,0.044488383588729606,0.0,0.44488383588729613,0.06673257538309442,2.7582797825012357,1.8685121107266436,0.11122095897182403,0.5783489866534849,0.8452792881858626,1.4458724666337124,1.2234305486900643,0.44488383588729613
Mario Pašalić,Atalanta,ITA-Serie A,31-213,CRO,MF,7897.0,24.84,0.10200000000000001,1.7799999999999998,0.19374445992148917,0.182347726984931,0.1709509940483728,0.022793465873116377,0.11396732936558188,0.0,0.9915157654805622,0.44447258452576927,0.12536406230214006,0.4216791186526529,0.7065974420666076,0.7179941750031658,1.6183360769912625,0.5128529821451184
Marius Bülter,Köln,Unknown,33-165,GER,"FW,MF",7292.0,43.52,0.10200000000000001,1.1280000000000001,0.29621503017004935,0.13576522216127263,0.24684585847504115,0.04936917169500823,0.18513439385628086,0.012342292923752057,0.8269336258913879,1.5798134942402633,0.2838727372462973,4.171695008228195,0.4072956664838179,0.45666483817882614,2.122874382885354,0.83927591881514
Marius Marin,Pisa,ITA-Serie A,26,ROU,MF,1281.0,0.0,0.0,0.65,0.0,0.0,0.0,0.0,0.4918032786885246,0.0,2.529274004683841,1.405152224824356,0.0,1.2646370023419204,0.9836065573770492,1.826697892271663,0.2107728337236534,0.0
Marius Wolf,Augsburg,Unknown,31-106,GER,"MF,DF",6059.0,27.919999999999998,0.038,1.956,0.04456180887935303,0.08912361775870606,0.04456180887935303,0.0,0.14853936293117675,0.0,0.8021125598283546,0.6684271331902955,0.28222478956923586,3.9511470539693017,1.010067667932002,0.8466743687077076,0.8912361775870606,0.22280904439676516
Mark McKenzie,Toulouse,FRA-Ligue 1,27-197,USA,DF,5170.0,13.9,0.043333333333333335,0.9633333333333334,0.017408123791102514,0.05222437137330754,0.017408123791102514,0.0,0.13926499032882012,0.03481624758220503,1.183752417794971,0.4526112185686654,0.03481624758220503,0.08704061895551257,0.9400386847195358,1.0967117988394584,0.2437137330754352,0.05222437137330754
Marko Arnautović,Inter,ITA-Serie A,35,AUT,FW,2880.0,51.300000000000004,0.3,1.9633333333333336,0.59375,0.15625,0.5,0.09375,0.1875,0.0,1.15625,1.28125,0.84375,0.65625,0.25,0.46875,1.9375,1.03125
Marko Ivezić,Holstein Kiel,Unknown,22,SRB,DF,1657.0,0.0,0.0,0.7,0.0,0.0,0.0,0.0,0.27157513578756787,0.0,1.4665057332528666,0.27157513578756787,0.05431502715751358,0.10863005431502716,1.4121907060953531,0.9776704888352444,0.38020519010259507,0.0
Marlon,Monza,ITA-Serie A,26,BRA,DF,1592.0,20.0,0.0,1.32,0.0,0.0,0.0,0.0,0.3957286432160804,0.056532663316582916,1.300251256281407,0.33919597989949746,0.056532663316582916,0.2826633165829146,0.9610552763819095,1.2437185929648242,0.2826633165829146,0.056532663316582916
Marnon Busch,Heidenheim,Unknown,30,GER,"DF,MF",3906.0,22.7,0.02666666666666667,0.9500000000000001,0.02304147465437788,0.1382488479262673,0.02304147465437788,0.0,0.1382488479262673,0.0,0.8064516129032258,0.43778801843317977,0.02304147465437788,3.156682027649769,1.336405529953917,1.1059907834101383,0.6912442396313364,0.16129032258064516
Maroan Sannadi,Athletic Club,ESP-La Liga,25-221,MAR,FW,1075.0,28.933333333333334,0.06,1.0366666666666668,0.16744186046511628,0.08372093023255814,0.16744186046511628,0.0,0.16744186046511628,0.0,2.344186046511628,3.0139534883720933,0.8372093023255813,0.6697674418604651,0.16744186046511628,0.08372093023255814,2.26046511627907,0.9209302325581394
Marquinhos,Paris SG,FRA-Ligue 1,32-119,BRA,DF,7456.0,25.67142857142857,0.19428571428571426,1.3157142857142858,0.07242489270386267,0.012070815450643776,0.07242489270386267,0.0,0.10863733905579401,0.0,0.6397532188841202,0.33798283261802575,0.048283261802575105,0.14484978540772533,0.7966738197424893,0.8449570815450644,0.48283261802575106,0.12070815450643776
Marshall Munetsi,Paris FC,FRA-Ligue 1,29,ZIM,MF,9493.0,37.699999999999996,0.11666666666666665,1.2066666666666668,0.20857473928157588,0.10428736964078794,0.20857473928157588,0.0,0.17065205941219846,0.0,1.772885283893395,1.1756030759507006,0.1422100495101654,0.7205309175181712,0.6352048878120721,1.10923838617929,1.8676919835668389,0.6826082376487939
Marten de Roon,Roma,ITA-Serie A,35-165,NED,"DF,MF",11319.0,19.740000000000002,0.10200000000000001,2.052,0.06360985952822688,0.0954147892923403,0.06360985952822688,0.0,0.23853697323085077,0.00795123244102836,1.3835144447389345,0.6520010601643255,0.0397561622051418,0.5645375033130134,1.1608799363901405,1.4232706069440764,0.5168301086668433,0.12721971905645377
Martial Godo,Strasbourg,FRA-Ligue 1,22,CIV,MF,1608.0,20.75,0.12,1.0899999999999999,0.5597014925373135,0.055970149253731345,0.5597014925373135,0.0,0.11194029850746269,0.0,0.8955223880597015,1.791044776119403,0.6156716417910448,1.791044776119403,0.8955223880597015,0.7276119402985074,2.294776119402985,0.9514925373134329
Martijn Kaars,St Pauli,Unknown,26,NED,FW,1348.0,43.5,0.13,0.69,0.20029673590504452,0.06676557863501484,0.13353115727002968,0.06676557863501484,0.13353115727002968,0.0,0.5341246290801187,0.40059347181008903,0.26706231454005935,1.0014836795252227,0.0,0.3338278931750742,1.5356083086053411,0.6676557863501484
Martim Neto,Elche,ESP-La Liga,23-239,POR,MF,1433.0,16.65,0.085,0.75,0.1256106071179344,0.314026517794836,0.1256106071179344,0.0,0.1884159106769016,0.0,1.256106071179344,0.7536636427076064,0.0,2.1981856245638522,0.1884159106769016,0.7536636427076064,0.8164689462665736,0.2512212142358688
Martin Baturina,Como,ITA-Serie A,23-206,CRO,MF,1736.0,41.05,0.27,2.045,0.4147465437788018,0.2073732718894009,0.4147465437788018,0.0,0.05184331797235023,0.0,0.8813364055299538,2.540322580645161,0.0,4.199308755760368,0.25921658986175117,0.7776497695852536,1.7626728110599077,0.6221198156682028
Martin Braithwaite,Espanyol,ESP-La Liga,31,DEN,"FW,MF",2456.0,44.1,0.17,0.94,0.36644951140065146,0.0732899022801303,0.36644951140065146,0.0,0.18322475570032573,0.03664495114006515,0.7695439739413681,1.5390879478827362,0.4763843648208469,0.7328990228013029,0.21986970684039087,0.10993485342019543,2.1620521172638436,0.9527687296416938
Martin Erlić,Bologna,ITA-Serie A,26,CRO,DF,5282.0,12.5,0.043333333333333335,1.0733333333333333,0.01703900037864445,0.0,0.01703900037864445,0.0,0.11927300265051118,0.0,1.0053010223400227,0.7667550170390003,0.0,0.11927300265051118,0.9712230215827339,0.6645210147671337,0.30670200681560017,0.051117001135933364
Martin Frese,Hellas Verona,ITA-Serie A,27,DEN,"MF,DF",2957.0,26.2,0.05,0.8500000000000001,0.0608725059181603,0.0,0.0608725059181603,0.0,0.2434900236726412,0.0,1.6739939127494081,0.8826513358133243,0.1217450118363206,2.5566452485627327,1.1565776124450458,1.9783564423402098,0.7000338180588435,0.33479878254988166
Martin Hongla,Hellas Verona,ITA-Serie A,25,CMR,MF,3475.0,18.325,0.0,0.7625,0.0,0.0,0.0,0.0,0.28489208633093527,0.051798561151079135,1.1654676258992804,0.36258992805755397,0.07769784172661871,0.5179856115107914,0.7510791366906475,0.8287769784172662,0.31079136690647485,0.07769784172661871
Martin Satriano,Empoli,ITA-Serie A,21,URU,FW,6270.0,27.333333333333332,0.08666666666666667,1.4516666666666669,0.21531100478468898,0.10047846889952153,0.21531100478468898,0.0,0.20095693779904306,0.0,1.1483253588516746,1.5502392344497606,0.21531100478468898,0.8755980861244019,0.3444976076555024,0.5885167464114832,2.382775119617225,0.7607655502392344
Martin Terrier,Leverkusen,Unknown,28,FRA,"MF,FW",4105.0,43.075,0.185,1.8725,0.48233861144945195,0.19732034104750304,0.48233861144945195,0.0,0.0876979293544458,0.02192448233861145,0.6138855054811205,1.6224116930572472,0.3727161997563946,0.6358099878197321,0.48233861144945195,0.5919610231425092,2.587088915956151,1.2058465286236297
Martin Valjent,Mallorca,ESP-La Liga,29,SVK,DF,11076.0,30.525,0.0625,1.1825,0.02437703141928494,0.008125677139761648,0.02437703141928494,0.0,0.18689057421451788,0.0,0.9182015167930662,0.37378114842903576,0.02437703141928494,0.2925243770314193,0.828819068255688,0.804442036836403,0.35752979414951247,0.1218851570964247
Martin Vitík,Bologna,ITA-Serie A,22,CZE,DF,1325.0,25.0,0.0,1.58,0.0,0.0,0.0,0.0,0.2037735849056604,0.0,1.562264150943396,0.27169811320754716,0.0,0.13584905660377358,0.5433962264150943,1.4943396226415095,0.5433962264150943,0.13584905660377358
Martin Ødegaard,Arsenal,ENG-Premier League,27-267,NOR,MF,10134.0,33.96,0.13999999999999999,2.346,0.2575488454706927,0.2753108348134991,0.23090586145648312,0.02664298401420959,0.08880994671403196,0.0,0.7193605683836589,0.8703374777975134,0.06216696269982239,2.5133214920071048,0.28419182948490235,0.5506216696269982,2.19360568383659,0.7371225577264653
Martín Payero,Cremonese,ITA-Serie A,26,ARG,MF,4634.0,24.0,0.04,1.0033333333333332,0.07768666378938283,0.05826499784203712,0.07768666378938283,0.0,0.36901165299956845,0.019421665947345707,2.2723349158394477,1.9615882606819164,0.05826499784203712,1.8062149331031507,0.6991799741044454,1.1070349589987052,1.786793267155805,0.40785498489425986
Martín Zubimendi,Real Sociedad,ESP-La Liga,25,ESP,MF,11762.0,26.4,0.10600000000000001,1.964,0.0918211188573372,0.0459105594286686,0.0918211188573372,0.0,0.20659751742900867,0.0,1.2548886243836082,0.6580513518109165,0.015303519809556198,0.27546335657201154,1.239585104574052,1.078898146573712,0.6657031117156946,0.22955279714334295
Marvelous Nakamba,Luton Town,ENG-Premier League,29,ZIM,MF,1130.0,0.0,0.0,0.46,0.0,0.0,0.0,0.0,0.39823008849557523,0.0,1.911504424778761,0.7168141592920354,0.0,0.3185840707964602,0.7964601769911505,2.0707964601769913,0.39823008849557523,0.0
Marvin,Las Palmas,ESP-La Liga,24,ESP,"DF,MF",2893.0,10.7,0.0,1.03,0.0,0.062219149671621156,0.0,0.0,0.2799861735222952,0.0,1.8354649153128242,1.3377117179398548,0.12443829934324231,4.448669201520913,0.9021776702385068,1.2132734185966125,0.591081921880401,0.09332872450743174
Marvin Ducksch,Werder Bremen,Unknown,30,GER,FW,7966.0,45.03333333333333,0.13,1.2466666666666668,0.3615365302535777,0.259854381119759,0.2937484308310319,0.06778809942254582,0.18076826512678884,0.0,0.18076826512678884,0.5987948782324881,0.4971127290986693,5.51343208636706,0.22596033140848604,0.18076826512678884,2.768014059753954,1.2540798393170975
Marvin Friedrich,Gladbach,Unknown,29,GER,DF,3955.0,22.425,0.0275,1.3725,0.022756005056890013,0.022756005056890013,0.022756005056890013,0.0,0.06826801517067003,0.0,0.45512010113780027,0.43236409608091025,0.0,0.06826801517067003,0.8192161820480404,0.8874841972187104,0.6371681415929203,0.1820480404551201
Marvin Mehlem,Darmstadt 98,Unknown,25,GER,MF,1482.0,34.8,0.13,0.55,0.18218623481781376,0.1214574898785425,0.18218623481781376,0.0,0.18218623481781376,0.0,1.2145748987854252,2.064777327935223,0.48582995951417,1.0931174089068827,1.8825910931174088,1.3967611336032388,1.3967611336032388,0.48582995951417
Marvin Pieringer,Paderborn 07,Unknown,26-341,GER,FW,5539.0,28.225,0.09,0.855,0.2274778840946019,0.1299873623397725,0.16248420292471566,0.06499368116988626,0.2274778840946019,0.0,2.128543058313775,1.7060841307095143,0.5361978696515617,0.6174399711139195,0.5037010290666185,0.6011915508214479,1.9985556959740025,0.6011915508214479
Marvin Plattenhardt,Hertha BSC,Unknown,30,GER,"DF,MF",2402.0,12.5,0.0,0.9,0.0,0.0749375520399667,0.0,0.0,0.11240632805995004,0.0,0.7868442964196503,1.1615320566194838,0.03746877601998335,5.845129059117402,0.5620316402997502,1.1990008326394672,0.2997502081598668,0.03746877601998335
Marvin Senaya,Auxerre,FRA-Ligue 1,24,GHA,"DF,MF",4154.0,13.024999999999999,0.0325,1.0975000000000001,0.043331728454501686,0.021665864227250843,0.043331728454501686,0.0,0.28165623495426095,0.021665864227250843,1.4299470389985558,1.884930187770823,0.021665864227250843,2.643235435724603,1.7332691381800676,1.8415984593163215,0.693307655272027,0.17332691381800674
Mason Greenwood,Marseille,FRA-Ligue 1,23,ENG,MF,7928.0,41.06666666666666,0.13333333333333333,1.6133333333333333,0.5108476286579212,0.20433905146316853,0.34056508577194755,0.17028254288597378,0.1475782038345106,0.011352169525731584,0.9649344096871847,1.2714429868819375,0.045408678102926335,3.7462159434914226,0.20433905146316853,0.42003027245206864,3.8370332996972754,1.5893037336024218
Mason Holgate,Everton,ENG-Premier League,27,JAM,DF,1223.0,8.333333333333334,0.0,0.3333333333333333,0.0,0.0,0.0,0.0,0.44153720359771054,0.1471790678659035,1.2510220768601799,0.588716271463614,0.0,0.6623058053965658,1.2510220768601799,1.0302534750613246,0.5151267375306623,0.07358953393295176
Mason Mount,Manchester Utd,ENG-Premier League,26,ENG,MF,3803.0,29.65,0.125,1.35,0.18932421772285038,0.047331054430712595,0.18932421772285038,0.0,0.2603207993689193,0.0,1.6802524322902972,1.348935051275309,0.047331054430712595,2.697870102550618,0.63896923481462,1.2306074151985276,1.822245595582435,0.5679726531685512
Massadio Haïdara,Brest,FRA-Ligue 1,31,MLI,DF,4090.0,3.3333333333333335,0.0,1.86,0.0,0.04400977995110024,0.0,0.0,0.1980440097799511,0.04400977995110024,1.1222493887530562,1.7163814180929096,0.13202933985330073,2.0904645476772616,1.5403422982885084,0.8801955990220048,0.5501222493887531,0.02200488997555012
Matej Maglica,Darmstadt 98,Unknown,24,CRO,DF,1698.0,20.0,0.1,0.58,0.05300353356890459,0.0,0.05300353356890459,0.0,0.3710247349823321,0.10600706713780918,1.6431095406360425,0.3710247349823321,0.05300353356890459,0.3710247349823321,1.1130742049469964,1.1130742049469964,0.5300353356890459,0.10600706713780918
Mateo Joseph,Mallorca,ESP-La Liga,21,ESP,"MF,FW",1725.0,71.2,0.03,0.68,0.10434782608695652,0.1565217391304348,0.10434782608695652,0.0,0.10434782608695652,0.0,0.991304347826087,1.617391304347826,0.20869565217391303,0.7304347826086957,0.6782608695652174,0.991304347826087,1.7739130434782608,0.782608695652174
Mateo Kovačić,Manchester City,ENG-Premier League,32-127,CRO,MF,5630.0,11.62,0.044,2.07,0.12788632326820604,0.07992895204262877,0.12788632326820604,0.0,0.27175843694493784,0.015985790408525755,0.9271758436944937,0.8792184724689166,0.0,0.09591474245115453,0.7992895204262876,1.4227353463587922,1.4706927175843696,0.3037300177619893
Mateo Pellegrino,Fiorentina,ITA-Serie A,25-193,ARG,FW,3976.0,32.0,0.17,0.8066666666666666,0.2942655935613682,0.04527162977867204,0.2716297786720322,0.02263581488933602,0.18108651911468815,0.0,2.625754527162978,2.1504024144869214,0.2942655935613682,0.3621730382293763,0.11317907444668009,0.2942655935613682,2.2409456740442657,0.7243460764587526
Mateo Retegui,Atalanta,ITA-Serie A,25,ITA,FW,4599.0,36.5,0.175,1.62,0.6262230919765166,0.19569471624266144,0.5283757338551859,0.09784735812133072,0.15655577299412915,0.0,1.3307240704500978,1.1545988258317026,0.19569471624266144,0.6457925636007827,0.05870841487279843,0.410958904109589,3.268101761252446,1.1937377690802347
Mateu Morey,Dortmund,Unknown,23,ESP,DF,1555.0,61.1,0.08333333333333333,1.3733333333333333,0.057877813504823156,0.0,0.057877813504823156,0.0,0.17363344051446944,0.0,2.0257234726688105,1.4469453376205788,0.17363344051446944,1.7942122186495175,1.3890675241157555,1.6205787781350482,0.46302250803858525,0.23151125401929262
Mateus Fernandes,Tottenham,ENG-Premier League,22-062,POR,MF,6067.0,20.633333333333333,0.05333333333333334,0.5800000000000001,0.0741717488050107,0.11867479808801715,0.0741717488050107,0.0,0.2373495961760343,0.0,1.4834349761002144,1.5279380253832207,0.059337399044008574,2.5366738091313663,0.9048953354211307,1.765287621559255,1.0532388330311522,0.3263556947420472
Mateus Mane,Wolves,ENG-Premier League,17,POR,MF,1797.0,20.75,0.035,0.335,0.15025041736227046,0.05008347245409015,0.15025041736227046,0.0,0.0,0.0,1.3021702838063438,2.353923205342237,0.1001669449081803,4.707846410684474,0.25041736227045075,0.6510851419031719,2.0534223706176964,0.8514190317195325
Mateusz Wieteska,Cagliari,ITA-Serie A,27,POL,DF,4440.0,24.5,0.0825,0.7324999999999999,0.02027027027027027,0.04054054054054054,0.02027027027027027,0.0,0.26351351351351354,0.04054054054054054,0.9121621621621622,0.7702702702702702,0.02027027027027027,0.10135135135135136,1.6013513513513513,0.668918918918919,0.4864864864864865,0.14189189189189189
Mateusz Łęgowski,Salernitana,ITA-Serie A,20,POL,MF,1145.0,14.3,0.0,0.52,0.0,0.0,0.0,0.0,0.23580786026200873,0.0,1.8864628820960698,0.7860262008733624,0.1572052401746725,0.47161572052401746,0.5502183406113537,0.9432314410480349,0.5502183406113537,0.07860262008733625
Matheus Cunha,Atlético Madrid,ESP-La Liga,23,BRA,"MF,FW",9100.0,42.199999999999996,0.08166666666666668,1.4683333333333335,0.38571428571428573,0.17802197802197803,0.3758241758241759,0.00989010989010989,0.1978021978021978,0.0,1.2857142857142856,2.0373626373626372,0.17802197802197803,2.2846153846153845,0.5538461538461539,0.6626373626373626,3.1450549450549454,1.3252747252747252
Matheus Henrique,Sassuolo,ITA-Serie A,25,BRA,MF,4448.0,42.4,0.135,1.005,0.12140287769784174,0.06070143884892087,0.12140287769784174,0.0,0.24280575539568347,0.02023381294964029,0.8700539568345325,1.4366007194244605,0.06070143884892087,0.7486510791366907,0.768884892086331,0.8295863309352518,0.8902877697841726,0.3844424460431655
Matheus Nunes,Manchester City,ENG-Premier League,28-014,POR,"DF,MF",7877.0,24.916666666666668,0.04833333333333334,1.8166666666666667,0.03427700901358385,0.15995937539672464,0.03427700901358385,0.0,0.14853370572553,0.022851339342389237,1.0511616097499048,1.405357369556938,0.1942363844103085,2.056620540815031,0.7426685286276501,1.2682493335026024,0.6169861622445093,0.21708772375269775
Mathias Autret,Auxerre,FRA-Ligue 1,31,FRA,MF,1290.0,52.2,0.09,0.83,0.13953488372093023,0.13953488372093023,0.06976744186046512,0.06976744186046512,0.0,0.0,0.4883720930232558,0.27906976744186046,0.13953488372093023,4.604651162790698,0.5581395348837209,0.6976744186046512,1.6046511627906976,0.8372093023255813
Mathias Honsak,Heidenheim,Unknown,28,AUT,"MF,FW",3451.0,28.8,0.09000000000000001,0.6266666666666666,0.20863517820921473,0.07823819182845553,0.20863517820921473,0.0,0.07823819182845553,0.0,1.0170964937699218,1.0170964937699218,0.36511156186612576,2.138510576644451,0.9127789046653144,0.7041437264560997,2.1645899739206027,0.6259055346276442
Mathias Jensen,Brentford,ENG-Premier League,30-252,DEN,MF,8182.0,34.94,0.10600000000000001,1.7560000000000002,0.12099731117086288,0.1319970667318504,0.12099731117086288,0.0,0.164996333414813,0.0,0.9899780004888781,0.7809826448301148,0.04399902224395013,4.740894646785628,0.8799804448790026,1.110975311659741,0.8139819115130775,0.2639941334637008
Mathias Jørgensen,Brentford,ENG-Premier League,33,DEN,DF,2190.0,22.5,0.065,1.2,0.0410958904109589,0.0,0.0410958904109589,0.0,0.24657534246575344,0.0,0.821917808219178,0.410958904109589,0.2054794520547945,0.4931506849315069,1.1095890410958904,0.7808219178082192,0.5342465753424658,0.12328767123287672
Mathias Pereira Lage,St Pauli,Unknown,28,POR,"MF,FW",6040.0,40.975,0.07250000000000001,1.3275,0.13410596026490068,0.17880794701986755,0.13410596026490068,0.0,0.17880794701986755,0.0,1.5496688741721854,1.609271523178808,0.3576158940397351,3.889072847682119,0.9089403973509934,1.0430463576158941,2.0264900662251657,0.8195364238410596
Mathieu Coutadeur,Ajaccio,FRA-Ligue 1,36,FRA,MF,1947.0,0.0,0.0,0.78,0.0,0.0,0.0,0.0,0.09244992295839753,0.0,0.23112480739599384,0.6009244992295839,0.0,0.27734976887519264,0.8320493066255779,0.6933744221879815,0.18489984591679506,0.0
Mathis Amougou,Strasbourg,FRA-Ligue 1,19,FRA,MF,1276.0,27.0,0.0,1.71,0.0,0.0,0.0,0.0,0.21159874608150472,0.0,0.7053291536050156,0.8463949843260189,0.0,0.21159874608150472,0.987460815047022,1.8338557993730407,0.7053291536050156,0.21159874608150472
Mathys Tel,Bayern Munich,Unknown,19,FRA,MF,4213.0,34.81666666666667,0.10166666666666667,1.3883333333333334,0.38452409209589367,0.17089959648706385,0.3631616425350107,0.02136244956088298,0.14953714692618086,0.0,1.4953714692618088,1.4312841205791598,0.25634939473059576,3.482079278423926,0.32043674341324474,0.5126987894611915,2.9052931402800857,1.0681224780441492
Mathías Olivera,Napoli,ITA-Serie A,28-314,URU,DF,7017.0,20.54,0.06,1.94,0.038477982043608375,0.06412997007268063,0.038477982043608375,0.0,0.1539119281744335,0.0,0.9619495510902095,0.9491235570756733,0.07695596408721675,0.9491235570756733,1.0517315091919623,1.42368533561351,0.6028217186831979,0.12825994014536127
Matias Fernandez-Pardo,Lille,FRA-Ligue 1,20,BEL,"FW,MF",3463.0,32.1,0.09666666666666668,1.5033333333333332,0.31186832226393296,0.18192318798729426,0.2598902685532775,0.0519780537106555,0.23390124169794976,0.0,0.8836269130811435,1.6113196650303203,0.49379151025122725,2.287034363268842,0.28587929540860524,0.5977476176725383,2.3650014438348252,1.0915391279237656
Matias Moreno,Venezia,ITA-Serie A,22-351,ARG,DF,2412.0,0.0,0.0,0.68,0.0,0.0,0.0,0.0,0.33582089552238803,0.0,1.044776119402985,0.8582089552238806,0.0746268656716418,0.1865671641791045,1.4552238805970148,1.2313432835820897,0.41044776119402987,0.0
Matija Nastasić,Leganés,ESP-La Liga,31,SRB,DF,5274.0,41.666666666666664,0.3333333333333333,1.0566666666666666,0.06825938566552901,0.0,0.06825938566552901,0.0,0.23890784982935154,0.0,1.023890784982935,0.25597269624573377,0.08532423208191126,0.10238907849829351,1.1092150170648465,0.6313993174061434,0.23890784982935154,0.08532423208191126
Mats Hummels,Dortmund,Unknown,34,GER,DF,4514.0,22.53333333333333,0.08333333333333333,1.9933333333333332,0.07975188303057155,0.0,0.07975188303057155,0.0,0.179441736818786,0.01993797075764289,0.7975188303057155,0.6380150642445724,0.03987594151528578,0.21931767833407176,1.79441736818786,1.754541426672574,0.8174568010633585,0.19937970757642887
Mats Wieffer,Brighton,ENG-Premier League,26-298,NED,DF,3074.0,25.899999999999995,0.07333333333333333,1.5466666666666669,0.08783344176968119,0.17566688353936238,0.08783344176968119,0.0,0.40988939492517895,0.0,1.5810019518542615,1.0247234873129474,0.08783344176968119,1.0540013012361742,1.317501626545218,2.283669486011711,0.8490566037735848,0.29277813923227064
Matt Doherty,Atlético Madrid,ESP-La Liga,30,IRL,"DF,MF",4731.0,17.5,0.08600000000000001,1.502,0.07609384908053266,0.019023462270133164,0.07609384908053266,0.0,0.22828154724159797,0.0,1.1223842739378567,0.6087507926442612,0.13316423589093215,1.160431198478123,0.818008877615726,1.1033608116677236,0.5897273303741281,0.1521876981610653
Matt O'Riley,Marseille,FRA-Ligue 1,24,DEN,MF,1883.0,41.56666666666666,0.16,1.7133333333333336,0.19118428040361124,0.19118428040361124,0.09559214020180562,0.09559214020180562,0.14338821030270843,0.0,1.5772703133297927,0.7169410515135423,0.19118428040361124,3.011152416356877,0.9081253319171535,0.8603292618162507,1.5772703133297927,0.5735528412108337
Matteo Bianchetti,Cremonese,ITA-Serie A,32,ITA,DF,4324.0,35.7,0.07,0.875,0.020814061054579093,0.041628122109158186,0.020814061054579093,0.0,0.18732654949121186,0.0,0.9574468085106382,0.5203515263644773,0.0,0.18732654949121186,0.8117483811285846,0.9782608695652174,0.2913968547641073,0.10407030527289547
Matteo Cancellieri,Lazio,ITA-Serie A,24-210,ITA,FW,5338.0,32.5,0.068,1.6280000000000001,0.1854627201198951,0.08430123641813413,0.1854627201198951,0.0,0.3372049456725365,0.016860247283626825,1.9895091794679653,2.8831022855001875,0.387785687523417,1.6185837392281754,0.7418508804795804,1.180217309853878,1.9220681903334582,0.674409891345073
Matteo Darmian,Inter,ITA-Serie A,35,ITA,"MF,DF",6458.0,27.674999999999997,0.15250000000000002,2.1399999999999997,0.08361721895323629,0.06968101579436357,0.08361721895323629,0.0,0.11148962527098172,0.0,1.0870238463920718,0.7107463611025086,0.13936203158872715,1.2124496748219262,0.6550015484670176,1.0870238463920718,0.390213688448436,0.15329823474759988
Matteo Gabbia,Milan,ITA-Serie A,26-324,ITA,DF,7066.0,14.983333333333334,0.05333333333333334,2.026666666666667,0.050948202660628356,0.012737050665157089,0.050948202660628356,0.0,0.21652986130767055,0.0,1.133597509198981,0.3056892159637702,0.012737050665157089,0.06368525332578545,0.6368525332578545,0.8151712425700537,0.5731672799320691,0.1528446079818851
Matteo Lovato,Torino,ITA-Serie A,23,ITA,DF,2305.0,0.0,0.0,0.9666666666666667,0.0,0.0,0.0,0.0,0.23427331887201736,0.0,1.054229934924078,0.35140997830802606,0.0,0.039045553145336226,1.8351409978308026,1.3275488069414316,0.11713665943600868,0.0
Matteo Pessina,Monza,ITA-Serie A,27,ITA,MF,7008.0,26.733333333333334,0.13333333333333333,1.1466666666666667,0.14126712328767121,0.07705479452054795,0.05136986301369863,0.0898972602739726,0.16695205479452055,0.012842465753424657,0.9631849315068493,1.425513698630137,0.025684931506849314,0.7962328767123287,0.9760273972602739,0.8347602739726027,0.7448630136986301,0.28253424657534243
Matteo Politano,Napoli,ITA-Serie A,33-038,ITA,FW,8747.0,34.160000000000004,0.124,1.77,0.1749171144392363,0.1954955984909112,0.1337601463358866,0.04115696810334972,0.11318166228421173,0.01028924202583743,0.596776037498571,1.2347090431004917,0.10289242025837429,6.513090202355094,0.43214816508517206,0.4835943752143592,2.222476277580885,0.5864867954727335
Matteo Prati,Torino,ITA-Serie A,21,ITA,MF,4510.0,7.339999999999999,0.016,1.144,0.03991130820399113,0.03991130820399113,0.03991130820399113,0.0,0.21951219512195122,0.0,1.1374722838137472,0.45898004434589806,0.0,0.6984478935698448,0.8381374722838139,0.8780487804878049,1.3968957871396896,0.2394678492239468
Matteo Ruggeri,Atalanta,ITA-Serie A,22,ITA,"MF,DF",6828.0,30.0,0.0,1.536,0.0,0.14499121265377857,0.0,0.0,0.15817223198594024,0.0,0.9358523725834798,0.27680140597539543,0.06590509666080843,4.072934973637961,1.0413005272407734,0.9753954305799648,0.39543057996485065,0.11862917398945519
Matthias Bader,Darmstadt 98,Unknown,26,GER,"MF,DF",1802.0,5.9,0.06,0.71,0.049944506104328525,0.09988901220865705,0.049944506104328525,0.0,0.049944506104328525,0.0,0.8490566037735848,2.0477247502774696,0.049944506104328525,1.5482796892341844,1.248612652608213,1.3485016648168702,0.8490566037735848,0.049944506104328525
Matthias Ginter,Freiburg,Unknown,32-234,GER,DF,10547.0,33.54,0.086,1.846,0.07679908978856546,0.06826585758983597,0.07679908978856546,0.0,0.11946525078221296,0.0,0.5119939319237697,0.7765241300843841,0.034132928794917985,0.4437280743339338,0.8277235232767612,0.6143927183085237,0.6229259505072533,0.23039726936569643
Matthieu Udol,Lens,FRA-Ligue 1,30-174,FRA,"MF,DF",5905.0,26.100000000000005,0.06,1.33,0.06096528365791702,0.15241320914479253,0.06096528365791702,0.0,0.10668924640135478,0.0,0.9297205757832346,0.7468247248094835,0.04572396274343776,2.926333615580017,1.493649449618967,0.9144792548687553,1.0668924640135478,0.3810330228619814
Matthijs de Ligt,Bayern Munich,Unknown,23,NED,DF,7086.0,41.55,0.11750000000000001,1.815,0.10160880609652836,0.012701100762066046,0.10160880609652836,0.0,0.15241320914479253,0.0,0.6731583403895004,0.54614733276884,0.05080440304826418,0.17781541066892462,1.0160880609652836,0.9017781541066892,0.850973751058425,0.35563082133784923
Matthis Abline,Monaco,FRA-Ligue 1,23-166,FRA,"FW,MF",7247.0,29.383333333333336,0.09333333333333334,1.5050000000000001,0.2856354353525597,0.08693252380295295,0.26079757140885884,0.024837863943700838,0.13660825169035462,0.0,1.1673796053539396,1.5647854284531528,0.27321650338070924,1.353663584931696,0.26079757140885884,0.2856354353525597,2.868773285497447,0.9810956257761833
Mattia Bani,Genoa,ITA-Serie A,30,ITA,DF,3813.0,46.55,0.11,1.31,0.04720692368214005,0.0,0.04720692368214005,0.0,0.2832415420928403,0.0,0.6608969315499607,0.920535011801731,0.07081038552321008,0.14162077104642015,0.991345397324941,0.4956726986624705,0.4012588512981904,0.1888276947285602
Mattia Caldara,Milan,ITA-Serie A,29,ITA,DF,1286.0,15.0,0.0,1.05,0.0,0.0,0.0,0.0,0.4199066874027994,0.0,1.119751166407465,0.6998444790046656,0.06998444790046657,0.06998444790046657,1.2597200622083982,1.119751166407465,0.7698289269051322,0.2099533437013997
Mattia De Sciglio,Empoli,ITA-Serie A,31,ITA,DF,1856.0,20.0,0.06666666666666667,0.9366666666666666,0.04849137931034483,0.0,0.04849137931034483,0.0,0.0,0.0,0.5818965517241379,0.824353448275862,0.0,1.6002155172413794,0.6788793103448276,1.0183189655172413,0.4364224137931035,0.14547413793103448
Mattia Destro,Empoli,ITA-Serie A,32,ITA,FW,938.0,35.7,0.025,0.865,0.09594882729211088,0.0,0.09594882729211088,0.0,0.47974413646055436,0.0,1.727078891257996,1.2473347547974414,1.0554371002132197,0.19189765458422176,0.3837953091684435,0.19189765458422176,2.974413646055437,1.0554371002132197
Mattia Felici,Cagliari,ITA-Serie A,25-146,ITA,MF,1375.0,78.89999999999999,0.07333333333333333,1.6433333333333333,0.1309090909090909,0.2618181818181818,0.1309090909090909,0.0,0.2618181818181818,0.0,1.8981818181818182,1.5054545454545454,0.32727272727272727,3.2072727272727275,0.6545454545454545,1.2436363636363637,1.309090909090909,0.9163636363636364
Mattia Viti,Fiorentina,ITA-Serie A,23,ITA,"MF,DF",4450.0,23.3,0.21,0.95,0.060674157303370786,0.0,0.060674157303370786,0.0,0.12134831460674157,0.020224719101123598,1.0112359550561798,1.051685393258427,0.020224719101123598,0.020224719101123598,1.355056179775281,1.3348314606741574,0.3438202247191011,0.08089887640449439
Mattia Zaccagni,Lazio,ITA-Serie A,31-086,ITA,FW,9785.0,35.94,0.11600000000000002,1.922,0.24833929483903935,0.12876852324987226,0.22074603985692387,0.027593254982115484,0.3127235564639755,0.009197751660705161,1.3612672457843638,3.495145631067961,0.2575370464997445,3.274399591211037,0.8829841594276955,0.8829841594276955,1.7567705671946856,0.6530403679100665
Mattias Svanberg,Wolfsburg,Unknown,26,SWE,MF,5630.0,34.475,0.10750000000000001,1.185,0.1758436944937833,0.1758436944937833,0.1758436944937833,0.0,0.3516873889875666,0.015985790408525755,1.6465364120781527,1.6465364120781527,0.11190053285968028,2.1740674955595027,1.1349911190053286,0.8152753108348135,1.838365896980462,0.6074600355239786
Matty Cash,Aston Villa,ENG-Premier League,29-034,POL,DF,9297.0,26.639999999999997,0.048,1.44,0.05808325266214908,0.06776379477250725,0.05808325266214908,0.0,0.2807357212003872,0.0,1.2100677637947725,0.9002904162633107,0.06776379477250725,2.4878993223620522,0.8809293320425945,1.2681510164569216,0.813165537270087,0.2904162633107454
Mattéo Guendouzi,Lazio,ITA-Serie A,26,FRA,MF,9192.0,46.839999999999996,0.066,1.908,0.06853785900783291,0.1077023498694517,0.0587467362924282,0.0097911227154047,0.1762402088772846,0.0195822454308094,0.9399477806788512,1.2532637075718016,0.0195822454308094,1.008485639686684,0.8616187989556136,0.5776762402088773,0.9399477806788512,0.3133159268929504
Mattéo Tramoni,Pisa,ITA-Serie A,25,FRA,"MF,FW",1600.0,32.1,0.07,0.56,0.1125,0.1125,0.05625,0.05625,0.16874999999999998,0.0,0.9,0.84375,0.1125,3.825,0.84375,1.18125,1.5750000000000002,0.50625
Matìas Soulé,Roma,ITA-Serie A,23-148,ARG,MF,7594.0,40.3,0.124,1.842,0.2962865420068475,0.1659204635238346,0.237029233605478,0.0592573084013695,0.0948116934421912,0.0,0.474058467210956,1.5406900184356072,0.118514616802739,3.1524888069528574,0.5214643139320516,0.7703450092178036,2.382143797735054,0.8177508559388991
Matías Vecino,Lazio,ITA-Serie A,33,URU,MF,4459.0,20.4,0.078,1.72,0.20183897734918144,0.10091948867459072,0.20183897734918144,0.0,0.44404575016819914,0.0,1.8367346938775508,0.44404575016819914,0.08073559093967257,0.18165507961426328,0.9082753980713164,1.3725050459744337,1.6954474097331238,0.46422964790311727
Matías Viña,Sassuolo,ITA-Serie A,25,URU,DF,1527.0,30.566666666666666,0.07333333333333333,1.4166666666666667,0.11787819253438114,0.1768172888015717,0.11787819253438114,0.0,0.11787819253438114,0.0,1.3555992141453832,1.237721021611002,0.0,2.06286836935167,0.8840864440078585,1.8860510805500983,1.0019646365422397,0.4715127701375246
Matúš Bero,Bochum,Unknown,28,SVK,MF,4226.0,30.3,0.095,0.895,0.12778040700425936,0.06389020350212968,0.12778040700425936,0.0,0.36204448651206816,0.0,1.8954093705631803,1.1500236630383343,0.12778040700425936,2.9389493610979653,0.6389020350212967,1.2565073355418834,1.3203975390440132,0.40463795551348797
Mauro Arambarri,Getafe,ESP-La Liga,29,URU,MF,7241.0,22.225,0.07,1.1425,0.19886755972931916,0.03728766744924734,0.13672144731390692,0.06214611241541224,0.2858721171108963,0.012429222483082447,1.864383372462367,1.6530865902499656,0.08700455738157713,1.0191962436127606,0.6587487916033697,1.0440546885789255,1.6282281452838006,0.49716889932329794
Max Aarons,Valencia,ESP-La Liga,24,ENG,DF,1443.0,0.0,0.0,0.7400000000000001,0.0,0.062370062370062374,0.0,0.0,0.18711018711018712,0.0,0.7484407484407485,1.8711018711018712,0.12474012474012475,1.30977130977131,0.5613305613305614,1.5592515592515592,0.12474012474012475,0.0
Max Finkgräfe,RB Leipzig,Unknown,21,GER,DF,2260.0,41.65,0.165,1.53,0.07964601769911504,0.03982300884955752,0.07964601769911504,0.0,0.23893805309734512,0.0,0.8761061946902655,0.995575221238938,0.0,3.9026548672566372,1.2345132743362832,2.150442477876106,0.6371681415929203,0.23893805309734512
Max Geschwill,Holstein Kiel,Unknown,23,GER,DF,1282.0,22.2,0.11,0.74,0.07020280811232449,0.14040561622464898,0.07020280811232449,0.0,0.14040561622464898,0.0,0.9126365054602185,0.6318252730109205,0.07020280811232449,0.702028081123245,2.1762870514820594,1.544461778471139,0.6318252730109205,0.14040561622464898
Max Kilman,West Ham,ENG-Premier League,28,ENG,DF,11636.0,21.85,0.035,1.0925,0.015469233413544173,0.007734616706772087,0.015469233413544173,0.0,0.14695771742866964,0.0,0.7347885871433483,0.3480577518047439,0.030938466827088347,0.13148848401512547,0.7579924372636645,0.5723616363011343,0.37126160192506014,0.08508078377449295
Max Moerstedt,Hoffenheim,Unknown,20-238,GER,FW,928.0,41.675,0.0825,0.9975,0.1939655172413793,0.0,0.1939655172413793,0.0,0.4849137931034483,0.0,1.9396551724137931,2.0366379310344827,0.3879310344827586,0.3879310344827586,0.0,0.6788793103448276,2.0366379310344827,0.9698275862068966
Max Rosenfelder,Freiburg,Unknown,23-212,GER,DF,1763.0,6.666666666666667,0.06666666666666667,1.95,0.05104934770277936,0.0,0.05104934770277936,0.0,0.10209869540555871,0.0,0.5104934770277935,0.9699376063528078,0.10209869540555871,0.45944412932501416,0.7657402155416904,1.1230856494611459,0.30629608621667614,0.05104934770277936
Maxence Caqueret,Como,ITA-Serie A,26-207,FRA,MF,8994.0,26.916666666666668,0.09166666666666667,1.8133333333333332,0.09006004002668447,0.19012675116744499,0.09006004002668447,0.0,0.11007338225483657,0.0,1.3008672448298866,1.0106737825216812,0.09006004002668447,2.4216144096064043,1.1407605070046698,1.741160773849233,0.8305537024683123,0.3002001334222815
Maxence Lacroix,Wolfsburg,Unknown,23,FRA,DF,10460.0,27.939999999999998,0.13,1.4460000000000002,0.06022944550669215,0.043021032504780114,0.06022944550669215,0.0,0.13766730401529637,0.03441682600382409,0.9894837476099426,0.5936902485659656,0.008604206500956023,0.17208413001912046,1.3164435946462714,1.0841300191204588,0.6195028680688337,0.1892925430210325
Maxi Gómez,Cádiz,ESP-La Liga,26,URU,FW,1271.0,18.75,0.0,0.905,0.0,0.0,0.0,0.0,0.14162077104642015,0.0,1.6994492525570417,2.4783634933123526,0.991345397324941,1.4162077104642015,0.14162077104642015,0.2832415420928403,1.3453973249409914,0.42486231313926043
Maxim De Cuyper,Brighton,ENG-Premier League,25-262,BEL,MF,1658.0,33.1,0.175,1.365,0.16284680337756333,0.21712907117008443,0.16284680337756333,0.0,0.16284680337756333,0.0,1.2484921592279854,1.1942098914354644,0.21712907117008443,5.319662243667069,0.7056694813027744,0.7056694813027744,0.97708082026538,0.37997587454764775
Maxim Leitsch,Mainz 05,Unknown,27,GER,DF,1878.0,16.675,0.0425,1.1400000000000001,0.047923322683706075,0.0,0.047923322683706075,0.0,0.09584664536741215,0.0,0.8146964856230032,0.4792332268370607,0.0,0.23961661341853036,1.6293929712460065,0.670926517571885,0.43130990415335463,0.09584664536741215
Maxime Busi,Reims,FRA-Ligue 1,23,BEL,MF,1205.0,50.0,0.0,1.775,0.0,0.07468879668049792,0.0,0.0,0.37344398340248963,0.0,1.4937759336099585,0.4481327800829875,0.0,2.3900414937759336,1.4190871369294604,1.120331950207469,0.37344398340248963,0.07468879668049792
Maxime Colin,Metz,FRA-Ligue 1,33,FRA,DF,3524.0,14.3,0.0,0.77,0.0,0.0,0.0,0.0,0.1021566401816118,0.0,0.536322360953462,0.38308740068104424,0.0,1.1748013620885358,1.1748013620885358,1.4301929625425651,0.33200908059023837,0.0510783200908059
Maxime Estève,RB Leipzig,Unknown,24-107,FRA,DF,6972.0,8.66,0.034,0.73,0.01290877796901893,0.01290877796901893,0.01290877796901893,0.0,0.1549053356282272,0.0,0.8648881239242685,0.5421686746987953,0.0,0.18072289156626503,1.5490533562822717,0.8390705679862307,0.3743545611015491,0.0387263339070568
Maxime Gonalons,Clermont Foot,FRA-Ligue 1,34,FRA,MF,2745.0,28.2,0.125,1.155,0.06557377049180328,0.0,0.06557377049180328,0.0,0.22950819672131148,0.0,1.6721311475409835,1.2131147540983607,0.0,0.16393442622950818,1.2131147540983607,2.1639344262295084,0.6229508196721312,0.16393442622950818
Maxime Le Marchand,Strasbourg,FRA-Ligue 1,32,FRA,DF,2015.0,12.5,0.0,1.19,0.0,0.0,0.0,0.0,0.2679900744416873,0.04466501240694789,1.3846153846153846,0.4466501240694789,0.0,0.4913151364764268,1.6079404466501241,1.0272952853598016,0.3573200992555831,0.04466501240694789
Maxime Lopez,Sassuolo,ITA-Serie A,25,FRA,MF,5403.0,25.5,0.0,1.252,0.0,0.049972237645752364,0.0,0.0,0.38312048861743475,0.01665741254858412,1.1493614658523044,0.4497501388117712,0.08328706274292061,2.098833981121599,0.682953914491949,0.7495835646862854,0.5496946141032759,0.21654636313159356
Maximilian Arnold,Wolfsburg,Unknown,31,GER,MF,9488.0,40.825,0.0975,1.15,0.10434232715008432,0.12331365935919056,0.07588532883642496,0.028456998313659356,0.24662731871838112,0.00948566610455312,1.119308600337268,1.7833052276559864,0.0,4.7143760539629005,1.0054806070826308,0.9865092748735245,1.0149662731871838,0.4173693086003373
Maximilian Bauer,Augsburg,Unknown,24,GER,DF,3314.0,41.666666666666664,0.08333333333333333,1.3166666666666667,0.02715751357875679,0.02715751357875679,0.02715751357875679,0.0,0.32589016294508144,0.0,1.1949305974652986,1.2492456246228123,0.05431502715751358,0.19010259505129753,1.1134580567290284,0.9505129752564876,0.3530476765238383,0.05431502715751358
Maximilian Beier,Dortmund,Unknown,23-328,GER,MF,6210.0,33.225,0.14250000000000002,2.0025,0.4782608695652174,0.18840579710144928,0.4782608695652174,0.0,0.08695652173913043,0.0,1.0,1.0869565217391304,0.37681159420289856,1.2463768115942029,0.4057971014492754,0.6521739130434783,2.6231884057971016,1.0579710144927537
Maximilian Eggestein,Freiburg,Unknown,29-276,GER,MF,11450.0,25.0,0.078,1.8059999999999998,0.062882096069869,0.039301310043668124,0.062882096069869,0.0,0.1572052401746725,0.0,0.8174672489082969,0.7152838427947599,0.039301310043668124,0.3458515283842795,1.1004366812227073,0.9275109170305676,1.1082969432314411,0.2986899563318777
Maximilian Mittelstädt,Stuttgart,Unknown,29-176,GER,"MF,DF",7774.0,26.5,0.068,1.534,0.10419346539747878,0.1852328273732956,0.05788525855415488,0.0463082068433239,0.2315410342166195,0.0,0.9030100334448161,1.2155904296372524,0.05788525855415488,5.2675585284280935,1.78286596346797,1.968098790841266,0.937741188577309,0.3241574479032673
Maximilian Philipp,Freiburg,Unknown,31,GER,"FW,MF",927.0,32.12,0.04,1.4620000000000002,0.19417475728155337,0.0,0.19417475728155337,0.0,0.29126213592233013,0.0,1.8446601941747574,2.1359223300970873,0.38834951456310673,1.0679611650485437,0.38834951456310673,1.1650485436893205,2.1359223300970873,0.6796116504854369
Maximilian Wittek,Bochum,Unknown,28,GER,"DF,MF",3776.0,23.950000000000003,0.06,0.74,0.0715042372881356,0.023834745762711863,0.0715042372881356,0.0,0.2860169491525424,0.0,1.3109110169491525,1.4300847457627117,0.04766949152542373,5.172139830508475,1.048728813559322,1.3824152542372883,1.596927966101695,0.35752118644067793
Maximilian Wöber,Schalke 04,Unknown,28-218,AUT,DF,3415.0,9.5,0.0275,0.6475,0.0527086383601757,0.07906295754026355,0.0527086383601757,0.0,0.18448023426061494,0.02635431918008785,1.1595900439238653,0.1054172767203514,0.1581259150805271,0.7642752562225475,1.6603221083455344,1.3177159590043925,0.7379209370424598,0.13177159590043924
Maximiliano Caufriez,Clermont Foot,FRA-Ligue 1,26,BEL,DF,3971.0,22.233333333333334,0.023333333333333334,1.1433333333333333,0.022664316293125156,0.022664316293125156,0.022664316293125156,0.0,0.3626290606900025,0.09065726517250063,1.5638378242256359,1.2012087635356334,0.022664316293125156,0.13598589775875095,1.0652228657768825,1.2465373961218835,0.45328632586250317,0.18131453034500125
Maya Yoshida,Schalke 04,Unknown,33,JPN,DF,2553.0,16.7,0.0,0.83,0.0,0.0,0.0,0.0,0.1410105757931845,0.0,0.7050528789659225,0.6345475910693302,0.03525264394829612,0.38777908343125733,1.6568742655699178,0.7403055229142186,0.42303172737955347,0.07050528789659224
Mbwana Samatta,Le Havre,FRA-Ligue 1,33-261,TAN,"FW,MF",1790.0,39.05,0.07500000000000001,0.645,0.15083798882681565,0.05027932960893854,0.15083798882681565,0.0,0.20111731843575417,0.0,1.8100558659217876,1.0558659217877095,0.6033519553072626,0.4525139664804469,0.3016759776536313,0.40223463687150834,2.6145251396648046,1.005586592178771
Medon Berisha,Lecce,ITA-Serie A,22-324,ALB,MF,1801.0,36.45,0.02,0.6225,0.09994447529150473,0.19988895058300946,0.09994447529150473,0.0,0.2498611882287618,0.0,1.6990560799555803,1.2992781787895613,0.049972237645752364,4.697390338700722,0.8495280399777901,0.9994447529150472,2.5485841199333703,0.5996668517490283
Mehdi Bourabia,Frosinone,ITA-Serie A,31,MAR,MF,2971.0,7.6,0.015,0.86,0.030292830696735107,0.09087849209020532,0.030292830696735107,0.0,0.12117132278694043,0.0,1.151127566475934,0.575563783237967,0.060585661393470214,2.0296196566812523,0.9693705822955234,0.7876135981151128,1.0602490743857287,0.15146415348367553
Mehdi Léris,Pisa,ITA-Serie A,27,ALG,MF,4360.0,34.0,0.055,0.5,0.06192660550458716,0.08256880733944955,0.06192660550458716,0.0,0.3096330275229358,0.0,1.6307339449541285,1.4243119266055047,0.37155963302752293,3.220183486238532,1.0321100917431194,1.6926605504587158,1.1353211009174313,0.39220183486238536
Mehdi Zeffane,Clermont Foot,FRA-Ligue 1,31,ALG,"MF,DF",1889.0,16.95,0.07,1.37,0.04764425622022234,0.04764425622022234,0.04764425622022234,0.0,0.142932768660667,0.0,0.8099523557437798,0.4764425622022234,0.142932768660667,3.1445209105346743,1.6199047114875595,1.2863949179460032,1.2387506617257809,0.142932768660667
Melvin Bard,Nice,FRA-Ligue 1,25-308,FRA,MF,9613.0,26.0,0.05800000000000001,1.282,0.04681160927910121,0.03744928742328098,0.04681160927910121,0.0,0.1966087589722251,0.02808696556746073,1.0673046915635078,0.8894205763029231,0.08426089670238218,2.640174763341309,1.6103193592010818,1.5728700717778008,0.5711016332050348,0.18724643711640485
Memphis,Atlético Madrid,ESP-La Liga,29,NED,FW,1277.0,45.0,0.22,2.4966666666666666,0.7047768206734535,0.07047768206734534,0.7047768206734535,0.0,0.21143304620203604,0.0,1.2685982772122162,1.6914643696162883,0.6342991386061081,1.4800313234142521,0.07047768206734534,0.21143304620203604,3.8762725137039937,1.6209866875489427
Mergim Berisha,Hoffenheim,Unknown,26,GER,FW,2318.0,21.18,0.05,0.89,0.3882657463330457,0.19413287316652286,0.271786022433132,0.1164797238999137,0.4270923209663503,0.03882657463330458,1.5142364106988784,1.5918895599654874,0.7765314926660914,3.261432269197584,0.0,0.34943917169974115,3.1449525452976705,0.815358067299396
Merih Demiral,Atalanta,ITA-Serie A,24,TUR,DF,1536.0,14.3,0.14,1.89,0.05859375,0.0,0.05859375,0.0,0.29296875,0.0,0.76171875,0.76171875,0.05859375,0.1171875,1.34765625,1.69921875,0.41015625,0.05859375
Merlin Röhl,Freiburg,Unknown,23,GER,MF,3496.0,11.233333333333334,0.028333333333333332,1.1816666666666666,0.07723112128146453,0.15446224256292906,0.07723112128146453,0.0,0.15446224256292906,0.02574370709382151,2.1367276887871856,1.5961098398169336,0.10297482837528604,1.055491990846682,0.4633867276887872,1.055491990846682,1.209954233409611,0.30892448512585813
Mert Kömür,Augsburg,Unknown,21-055,GER,MF,2280.0,44.025,0.175,1.5375,0.19736842105263158,0.19736842105263158,0.19736842105263158,0.0,0.07894736842105263,0.0,1.381578947368421,1.3421052631578947,0.19736842105263158,3.473684210526316,0.4342105263157895,0.7105263157894737,2.3289473684210527,0.9868421052631579
Michael Amir Murillo,Marseille,FRA-Ligue 1,29,PAN,"DF,MF",4423.0,44.333333333333336,0.3,1.96,0.12208907981008366,0.12208907981008366,0.12208907981008366,0.0,0.20348179968347277,0.0,1.2412389780691837,1.0581053583540583,0.18313361971512548,1.6482025774361293,0.7121862988921547,1.1191498982591002,0.5494008591453764,0.20348179968347277
Michael Folorunsho,Monza,ITA-Serie A,28-215,ITA,MF,5592.0,17.619999999999997,0.033999999999999996,1.208,0.11266094420600858,0.016094420600858368,0.11266094420600858,0.0,0.22532188841201717,0.0,1.7221030042918455,2.4463519313304722,0.38626609442060084,1.786480686695279,0.5150214592274678,0.8369098712446352,1.5772532188841202,0.4184549356223176
Michael Gregoritsch,Augsburg,Unknown,32-145,AUT,FW,5537.0,50.06,0.158,1.716,0.42261152248510025,0.17879718258985008,0.4063572331587502,0.016254289326350008,0.1950514719162001,0.0,0.8939859129492506,1.414123171392451,0.45512010113780027,0.5201372584432002,0.29257720787430014,0.5201372584432002,3.0720606826801515,1.4303774607188007
Michael Kayode,Fiorentina,ITA-Serie A,20,ITA,DF,6178.0,15.719999999999999,0.084,1.7619999999999998,0.04370346390417611,0.04370346390417611,0.04370346390417611,0.0,0.17481385561670443,0.0,0.772094528973778,1.136290061508579,0.04370346390417611,2.0686306247976693,1.0051796697960504,1.3111039171252832,0.3641955325348009,0.08740692780835221
Michael Keane,Everton,ENG-Premier League,32,ENG,DF,5064.0,40.3,0.1625,0.985,0.14218009478672985,0.0533175355450237,0.14218009478672985,0.0,0.14218009478672985,0.017772511848341232,0.6575829383886256,0.1777251184834123,0.0,0.1066350710900474,1.2263033175355451,0.7286729857819905,1.0130331753554502,0.33767772511848343
Michael Olise,Bayern Munich,Unknown,24-272,FRA,MF,8798.0,39.62,0.13,1.938,0.40918390543305294,0.5217094794271425,0.3989543077972267,0.010229597635826324,0.1329847692657422,0.0,0.9820413730393271,2.434644237326665,0.23528074562400547,6.393498522391453,0.5830870652421005,0.7774494203228006,3.0995680836553765,1.2684701068424642
Michael Svoboda,Venezia,ITA-Serie A,25,AUT,DF,1314.0,100.0,0.25,0.63,0.0684931506849315,0.0,0.0684931506849315,0.0,0.0684931506849315,0.0,0.410958904109589,0.7534246575342465,0.0,0.136986301369863,1.506849315068493,1.095890410958904,0.273972602739726,0.273972602739726
Michail Antonio,West Ham,ENG-Premier League,34,JAM,FW,4360.0,33.699999999999996,0.12666666666666668,1.1433333333333333,0.24770642201834864,0.12385321100917432,0.24770642201834864,0.0,0.18577981651376146,0.0,1.3417431192660552,1.6307339449541285,0.5160550458715597,1.7545871559633028,0.14449541284403672,0.35091743119266056,1.8165137614678901,0.6399082568807339
Michel Aebischer,Union Berlin,Unknown,29-247,SUI,MF,7510.0,23.48,0.024,1.136,0.023968042609853527,0.03595206391478029,0.023968042609853527,0.0,0.2756324900133156,0.0,1.4620505992010653,1.2822902796271638,0.08388814913448735,1.0905459387483354,0.7190412782956058,0.9227696404793608,0.7789613848202396,0.203728362183755
Michel Ndary Adopo,Cagliari,ITA-Serie A,26-053,FRA,MF,6102.0,41.86,0.018,1.6239999999999999,0.029498525073746312,0.07374631268436578,0.029498525073746312,0.0,0.14749262536873156,0.014749262536873156,1.1061946902654867,0.6489675516224188,0.10324483775811209,0.5309734513274336,0.8554572271386431,1.047197640117994,0.8112094395280236,0.2654867256637168
Michele Castagnetti,Cremonese,ITA-Serie A,32,ITA,MF,1412.0,8.3,0.0,0.78,0.0,0.06373937677053824,0.0,0.0,0.1274787535410765,0.0,1.019830028328612,0.764872521246459,0.0,2.4220963172804533,0.9560906515580737,1.529745042492918,0.764872521246459,0.06373937677053824
Mickael Nade,Saint-Étienne,FRA-Ligue 1,25,FRA,DF,2306.0,40.0,0.2,0.92,0.03902862098872507,0.07805724197745013,0.03902862098872507,0.0,0.03902862098872507,0.0,0.7415437987857763,1.0537727666955767,0.0,0.03902862098872507,1.287944492627927,1.678230702515178,0.1951431049436253,0.07805724197745013
Mickaël Alphonse,Ajaccio,FRA-Ligue 1,33,GLP,DF,1361.0,20.0,0.0,0.73,0.0,0.0,0.0,0.0,0.13225569434239529,0.06612784717119764,1.2564290962527553,0.9919177075679648,0.0,1.7854518736223366,2.1822189566495225,1.5209404849375459,0.6612784717119765,0.13225569434239529
Mickaël Barreto,Ajaccio,FRA-Ligue 1,31,FRA,MF,1325.0,21.1,0.05,0.6,0.06792452830188679,0.06792452830188679,0.06792452830188679,0.0,0.06792452830188679,0.0,1.3584905660377358,0.5433962264150943,0.0,5.230188679245283,0.9509433962264152,1.4943396226415095,1.290566037735849,0.27169811320754716
Micky van de Ven,Wolfsburg,Unknown,21,NED,DF,9545.0,22.919999999999998,0.13799999999999998,1.182,0.07543216343635412,0.03771608171817706,0.07543216343635412,0.0,0.22629649030906232,0.009429020429544265,0.7166055526453641,0.7260345730749084,0.03771608171817706,0.17915138816134102,0.678889470927187,0.9240440020953379,0.45259298061812464,0.11314824515453116
Miguel,Leganés,ESP-La Liga,24,ESP,FW,1789.0,47.85,0.015,1.06,0.05030743432084964,0.1509223029625489,0.0,0.05030743432084964,0.1509223029625489,0.0,1.2576858580212409,1.660145332588038,0.6036892118501956,0.5030743432084963,0.1509223029625489,0.35215204024594743,1.8613750698714366,0.8552263834544439
Miguel Almirón,Newcastle,ENG-Premier League,30,PAR,FW,4585.0,31.0,0.07666666666666667,1.6066666666666667,0.2748091603053435,0.05888767720828789,0.2748091603053435,0.0,0.07851690294438386,0.0,0.7655398037077427,1.138495092693566,0.4122137404580153,0.9814612868047983,0.3925845147219193,1.0796074154852782,2.276990185387132,0.6870229007633587
Miguel Gutiérrez,Leverkusen,Unknown,25-045,ESP,DF,9540.0,20.72,0.05800000000000001,1.596,0.056603773584905655,0.16981132075471697,0.056603773584905655,0.0,0.14150943396226415,0.0,0.9528301886792453,1.0660377358490565,0.1509433962264151,3.990566037735849,0.6415094339622641,0.8490566037735848,0.8867924528301887,0.2169811320754717
Miguel Román,Celta Vigo,ESP-La Liga,23-258,ESP,MF,1716.0,11.1,0.055,1.115,0.05244755244755245,0.05244755244755245,0.05244755244755245,0.0,0.15734265734265734,0.0,1.1538461538461537,0.7867132867132868,0.0,1.7832167832167831,0.7342657342657343,0.9440559440559441,0.6293706293706294,0.1048951048951049
Miguel Veloso,Hellas Verona,ITA-Serie A,36,POR,MF,1163.0,12.5,0.0,0.5,0.0,0.0,0.0,0.0,0.4643164230438521,0.0,1.5477214101461736,0.6190885640584695,0.07738607050730868,4.7979363714531384,0.5417024935511607,0.8512467755803955,1.238177128116939,0.15477214101461736
Miguel Ángel Rubio,Espanyol,ESP-La Liga,27,ESP,DF,1766.0,36.1,0.305,1.03,0.10192525481313704,0.0,0.10192525481313704,0.0,0.2548131370328426,0.0,1.0702151755379388,0.6115515288788222,0.05096262740656852,0.05096262740656852,1.4269535673839184,0.7644394110985276,0.5605889014722537,0.15288788221970556
Miha Blažič,Angers,FRA-Ligue 1,29,SVN,DF,1979.0,50.0,0.25,0.54,0.09095502779181405,0.0,0.09095502779181405,0.0,0.1819100555836281,0.0,0.5457301667508843,0.7276402223345124,0.0,0.045477513895907026,0.8185952501263265,0.27286508337544213,0.3638201111672562,0.1819100555836281
Mihailo Ristić,Celta Vigo,ESP-La Liga,29,SRB,"MF,DF",1490.0,13.333333333333334,0.0,1.4666666666666668,0.0,0.060402684563758385,0.0,0.0,0.18120805369127518,0.0,1.2080536912751678,1.087248322147651,0.0,3.261744966442953,0.9060402684563758,0.9060402684563758,0.785234899328859,0.24161073825503354
Mika Biereth,Monaco,FRA-Ligue 1,23-214,DEN,FW,2346.0,31.3,0.13999999999999999,2.1466666666666665,0.5754475703324808,0.1534526854219949,0.5370843989769821,0.03836317135549872,0.0,0.0,1.3427109974424551,1.7647058823529411,0.6138107416879796,0.7289002557544757,0.1534526854219949,0.5370843989769821,2.340153452685422,1.1892583120204605
Mika Mármol,Las Palmas,ESP-La Liga,23,ESP,DF,5577.0,0.0,0.0,0.9550000000000001,0.0,0.03227541689080151,0.0,0.0,0.1775147928994083,0.016137708445400755,0.9037116729424423,0.6777837547068316,0.09682625067240451,1.0328133405056483,1.2748789671866596,1.242603550295858,0.2097902097902098,0.0
Mikael Ellertsson,Genoa,ITA-Serie A,24-183,ISL,MF,5678.0,11.725000000000001,0.035,0.6950000000000001,0.047551954913702,0.047551954913702,0.047551954913702,0.0,0.095103909827404,0.01585065163790067,0.9351884466361394,1.4265586474110603,0.06340260655160268,1.1253962662909476,0.5230715040507221,0.9510390982740401,0.8083832335329341,0.17435716801690737
Mikayil Ngor Faye,Cremonese,ITA-Serie A,21,SEN,"MF,DF",950.0,16.666666666666668,0.0,0.8033333333333333,0.0,0.0,0.0,0.0,0.18947368421052632,0.09473684210526316,1.1368421052631579,0.9473684210526315,0.0,0.6631578947368421,1.6105263157894736,1.705263157894737,0.7578947368421053,0.28421052631578947
Mikel Jauregizar,Athletic Club,ESP-La Liga,22-301,ESP,MF,5352.0,41.575,0.037500000000000006,1.9475,0.06726457399103139,0.016816143497757848,0.06726457399103139,0.0,0.16816143497757846,0.033632286995515695,1.7152466367713004,1.2948430493273542,0.0,1.7656950672645741,1.3284753363228698,1.6143497757847534,1.0594170403587444,0.3363228699551569
Mikel Merino,Real Sociedad,ESP-La Liga,27,ESP,MF,7646.0,40.62,0.11600000000000002,2.124,0.21187549045252418,0.20010462987182842,0.21187549045252418,0.0,0.24718807219461153,0.023541721161391575,2.4718807219461154,1.78917080826576,0.23541721161391577,0.7062516348417474,0.7180224954224431,1.5890661783939315,1.5772953178132356,0.612084750196181
Mikel Oyarzabal,Real Sociedad,ESP-La Liga,29-142,ESP,"FW,MF",8667.0,50.0,0.16799999999999998,1.496,0.3842159916926272,0.13499480789200416,0.2284527518172378,0.1557632398753894,0.1142263759086189,0.010384215991692626,0.8203530633437176,1.1111111111111112,0.6438213914849429,0.7372793354101764,0.17653167185877466,0.6542056074766356,1.9522326064382138,0.9138110072689511
Mikel Vesga,Athletic Club,ESP-La Liga,32,ESP,MF,5562.0,26.875,0.065,1.53,0.09708737864077668,0.06472491909385113,0.032362459546925564,0.06472491909385113,0.12944983818770225,0.0,1.5048543689320388,0.6148867313915858,0.0,0.6148867313915858,1.4724919093851132,1.3592233009708738,0.9223300970873787,0.2588996763754045
Mikkel Damsgaard,Brentford,ENG-Premier League,26-069,DEN,MF,6963.0,40.46,0.04,1.386,0.07755277897457992,0.2068074105988798,0.07755277897457992,0.0,0.1034037052994399,0.0,0.8143041792330892,0.9306333476949591,0.16803102111158982,4.058595433003016,0.9564842740198191,1.5122791900043084,1.1245152951314088,0.37483843171046966
Mikkel Desler,Toulouse,FRA-Ligue 1,28,DEN,"DF,MF",3801.0,18.2,0.045,1.29,0.023677979479084454,0.07103393843725335,0.023677979479084454,0.0,0.16574585635359115,0.023677979479084454,1.0891870560378847,1.2312549329123914,0.16574585635359115,1.728492501973165,1.2312549329123914,1.3022888713496448,0.6393054459352802,0.09471191791633782
Mikkel Kaufmann,Heidenheim,Unknown,24,DEN,FW,1395.0,55.76666666666667,0.05333333333333334,0.59,0.12903225806451613,0.06451612903225806,0.12903225806451613,0.0,0.25806451612903225,0.0,1.6774193548387097,2.3870967741935485,0.06451612903225806,0.5161290322580645,0.25806451612903225,0.5806451612903226,1.8709677419354838,0.7741935483870968
Milan Badelj,Genoa,ITA-Serie A,35,CRO,MF,4007.0,22.6,0.060000000000000005,1.1800000000000002,0.04492138757174944,0.06738208135762415,0.04492138757174944,0.0,0.17968555028699776,0.0,0.9208884452208635,0.7412028949338657,0.0,0.404292488145745,1.5947092587971052,0.9882705265784876,0.7861242825056152,0.17968555028699776
Milan Đurić,Parma,ITA-Serie A,35,BIH,FW,5825.0,33.44285714285714,0.11142857142857143,0.75,0.23175965665236054,0.07725321888412016,0.21630901287553647,0.015450643776824036,0.18540772532188843,0.015450643776824036,1.5296137339055793,1.6532188841201716,0.30901287553648066,0.06180257510729614,0.07725321888412016,0.09270386266094421,1.6995708154506437,0.6643776824034335
Milan Škriniar,Inter,ITA-Serie A,27,SVK,DF,3780.0,18.5,0.0,1.4000000000000001,0.0,0.0,0.0,0.0,0.16666666666666669,0.02380952380952381,1.2619047619047619,0.6904761904761905,0.04761904761904762,0.14285714285714285,0.6428571428571428,1.0238095238095237,0.3571428571428571,0.07142857142857142
Milos Kerkez,Liverpool,ENG-Premier League,22-307,HUN,DF,7813.0,32.45,0.08249999999999999,1.4375,0.046077051068731605,0.08063483937028029,0.046077051068731605,0.0,0.16126967874056058,0.011519262767182901,0.9330602841418149,1.1980033277870217,0.09215410213746321,3.2829898886471267,0.8524254447715346,0.921541021374632,0.5298860872904134,0.1497504159733777
Miloš Veljković,Werder Bremen,Unknown,28,SRB,DF,5215.0,50.0,0.19333333333333336,1.06,0.05177372962607862,0.06903163950143816,0.05177372962607862,0.0,0.0862895493767977,0.0,0.6558005752636625,0.29338446788111217,0.03451581975071908,0.5695110258868649,0.9146692233940557,0.6558005752636625,0.20709491850431447,0.10354745925215723
Miro Muheim,Hamburger SV,Unknown,27,SUI,"MF,DF",2435.0,29.2,0.0,1.1,0.0,0.14784394250513347,0.0,0.0,0.2587268993839836,0.03696098562628337,1.4414784394250513,1.8480492813141682,0.03696098562628337,5.470225872689939,0.997946611909651,1.2936344969199178,0.8870636550308009,0.2587268993839836
Mitchel Bakker,Leverkusen,Unknown,22,NED,"MF,DF",3211.0,22.119999999999997,0.10200000000000001,1.466,0.1962005605730302,0.11211460604173155,0.1962005605730302,0.0,0.2802865151043289,0.05605730302086578,1.1491747119277482,0.756773590781688,0.1962005605730302,3.055123014637185,0.8969168483338524,0.756773590781688,1.26128931796948,0.5325443786982248
Mitchell Weiser,Werder Bremen,Unknown,30,GER,MF,8020.0,31.0,0.08666666666666667,1.2333333333333334,0.11221945137157106,0.2805486284289277,0.11221945137157106,0.0,0.23566084788029926,0.011221945137157106,1.0660847880299251,1.5710723192019949,0.11221945137157106,2.6820448877805485,0.7743142144638404,1.380299251870324,1.2905236907730673,0.4039900249376559
Mitchell van Bergen,Reims,FRA-Ligue 1,22,NED,"MF,FW",905.0,48.0,0.0,1.39,0.0,0.0994475138121547,0.0,0.0,0.0994475138121547,0.0,0.8950276243093922,0.6961325966850829,0.2983425414364641,5.867403314917127,0.5966850828729282,0.8950276243093922,2.4861878453038675,1.1933701657458564
Moanes Dabbur,Hoffenheim,Unknown,30,ISR,FW,933.0,63.6,0.27,1.29,0.5787781350482315,0.19292604501607716,0.5787781350482315,0.0,0.28938906752411575,0.09646302250803858,1.2540192926045017,1.639871382636656,0.9646302250803859,0.5787781350482315,0.48231511254019294,0.7717041800643086,2.122186495176849,1.3504823151125402
Modibo Sagnan,Montpellier,FRA-Ligue 1,25,MLI,DF,3195.0,33.2,0.19,1.01,0.11267605633802816,0.0,0.11267605633802816,0.0,0.4225352112676056,0.0,1.4647887323943662,0.5352112676056338,0.02816901408450704,0.05633802816901408,1.2394366197183098,1.6338028169014085,0.5915492957746479,0.19718309859154928
Mohamed Abdelmonem,Nice,FRA-Ligue 1,27-221,EGY,DF,1020.0,0.0,0.0,1.295,0.0,0.0,0.0,0.0,0.1764705882352941,0.0,0.8823529411764706,0.9705882352941176,0.0,0.2647058823529412,1.5,1.588235294117647,0.1764705882352941,0.0
Mohamed Ali Cho,Nice,FRA-Ligue 1,22-234,FRA,"FW,MF",5033.0,38.542857142857144,0.04428571428571428,1.4585714285714286,0.16093781045102326,0.19670176832902841,0.16093781045102326,0.0,0.1072918736340155,0.0,1.072918736340155,2.020663620107292,0.429167494536062,3.129346314325452,0.23246572620703357,0.7331611364991059,2.056427577985297,0.858334989072124
Mohamed Amoura,Wolfsburg,Unknown,25,ALG,"FW,MF",4412.0,22.833333333333332,0.08666666666666667,1.0866666666666667,0.3671804170444243,0.24478694469628287,0.3059836808703536,0.06119673617407072,0.16319129646418856,0.0,1.0607434270172258,0.6527651858567542,0.7139619220308251,1.4279238440616502,0.3263825929283771,0.9179510426110609,2.794650951949229,0.958748866727108
Mohamed Bamba,Lorient,FRA-Ligue 1,23,CIV,FW,1830.0,31.2,0.09666666666666666,0.7066666666666667,0.4426229508196722,0.2459016393442623,0.39344262295081966,0.04918032786885246,0.29508196721311475,0.0,1.9180327868852458,1.1311475409836067,1.1311475409836067,0.2459016393442623,0.19672131147540983,0.5409836065573771,2.5081967213114753,1.180327868852459
Mohamed Camara,Roma,ITA-Serie A,25,GUI,MF,3925.0,19.966666666666665,0.023333333333333334,1.8066666666666666,0.022929936305732482,0.11464968152866241,0.0,0.022929936305732482,0.2980891719745223,0.022929936305732482,1.9261146496815287,2.040764331210191,0.0,0.2751592356687898,1.1006369426751592,1.6738853503184714,1.1923566878980891,0.2522292993630573
Mohamed Daramy,Reims,FRA-Ligue 1,22,DEN,"FW,MF",1664.0,18.75,0.065,2.26,0.21634615384615385,0.27043269230769235,0.1622596153846154,0.054086538461538464,0.0,0.0,0.3786057692307692,1.5144230769230769,0.48677884615384615,0.8112980769230769,0.10817307692307693,0.5408653846153847,1.7848557692307692,0.6490384615384616
Mohamed Elyounoussi,Southampton,ENG-Premier League,27,NOR,MF,2168.0,30.6,0.03,0.73,0.04151291512915129,0.04151291512915129,0.04151291512915129,0.0,0.16605166051660517,0.0,1.7435424354243543,0.7057195571955719,0.12453874538745387,1.4114391143911438,1.0378228782287824,1.2453874538745386,1.4944649446494465,0.4566420664206642
Mohamed Kaba,Lecce,ITA-Serie A,23,GUI,MF,3381.0,35.45,0.0,0.955,0.0,0.05323868677905944,0.0,0.0,0.21295474711623777,0.02661934338952972,1.5173025732031942,2.102928127772848,0.0,0.45252883762200535,0.9050576752440107,1.3309671694764862,1.0115350488021295,0.42590949423247554
Mohamed Lamine Bayo,Lille,FRA-Ligue 1,26,GUI,FW,2349.0,43.46666666666667,0.16333333333333333,1.3699999999999999,0.42145593869731796,0.1149425287356322,0.3448275862068965,0.07662835249042146,0.2298850574712644,0.0,1.264367816091954,0.689655172413793,0.49808429118773945,0.3831417624521073,0.07662835249042146,0.3831417624521073,3.0268199233716473,1.3026819923371646
Mohamed Salah,Liverpool,ENG-Premier League,33,EGY,MF,11341.0,40.375,0.1575,1.9324999999999999,0.5793139934750022,0.3729829821003439,0.44440525526849484,0.13490873820650737,0.0476148487787673,0.0,0.5316991446962349,0.8967463186667842,0.5713781853452076,2.182347235693501,0.15871616259589102,0.3650471739705493,3.467948152720219,1.4522528877524028
Mohamed Simakan,RB Leipzig,Unknown,24,FRA,DF,3646.0,20.566666666666666,0.05000000000000001,2.263333333333333,0.07405375754251234,0.09873834339001646,0.07405375754251234,0.0,0.24684585847504115,0.0,1.4563905650027429,1.2589138782227098,0.12342292923752057,0.83927591881514,1.1108063631376852,1.1108063631376852,1.0367526055951728,0.34558420186505756
Mohamed Youssouf,Ajaccio,FRA-Ligue 1,34,COM,DF,2459.0,20.0,0.0,0.6,0.0,0.0,0.0,0.0,0.18300122000813338,0.036600244001626675,1.464009760065067,1.354209028060187,0.0,3.294021960146401,2.3058153721024808,1.793411956079707,0.18300122000813338,0.036600244001626675
Mohammed Kudus,Tottenham,ENG-Premier League,26-039,GHA,"FW,MF",6662.0,22.325,0.0675,1.075,0.20264184929450618,0.18913239267487242,0.20264184929450618,0.0,0.14860402281597118,0.013509456619633743,1.377964575202642,2.1209846892824977,0.5944160912638847,4.147403182227559,0.2431702191534074,1.161813269288502,2.2830981687181024,0.6484539177424197
Mohammed Salisu,Monaco,FRA-Ligue 1,26,GHA,DF,5111.0,34.7,0.065,1.4874999999999998,0.035218156916454704,0.035218156916454704,0.035218156916454704,0.0,0.21130894149872823,0.0,1.1269810213265505,0.24652709841518294,0.12326354920759147,0.24652709841518294,1.549598904324007,1.250244570534142,0.6867540598708667,0.22891801995695557
Moi Gómez,Osasuna,ESP-La Liga,32-079,ESP,MF,6694.0,24.880000000000003,0.064,1.292,0.0806692560501942,0.06722438004182851,0.0806692560501942,0.0,0.1613385121003884,0.0,1.0487003286525247,1.2234837167612789,0.0537795040334628,3.105766357932477,0.5512399163429937,0.7260233044517479,0.7394681804601135,0.26889752016731405
Moise Kean,Fiorentina,ITA-Serie A,26-194,ITA,FW,6442.0,39.666666666666664,0.06999999999999999,1.57,0.46103694504812165,0.06985408258304875,0.4191244954982925,0.04191244954982925,0.23750388078236573,0.013970816516609749,1.3691400186277554,1.8022353306426575,1.4389941012108043,0.3213287798820242,0.279416330332195,0.2514746972989755,3.618441477801925,1.3691400186277554
Moisés Caicedo,Chelsea,ENG-Premier League,24-312,ECU,MF,12165.0,20.259999999999998,0.05600000000000001,1.9140000000000001,0.04438964241676942,0.05178791615289766,0.04438964241676942,0.0,0.3181257706535142,0.007398273736128237,1.7533908754623921,1.5980271270036992,0.0,0.3403205918618989,1.405672009864365,1.6054254007398274,0.6436498150431567,0.16276202219482122
Monchu,Valladolid,ESP-La Liga,22,ESP,MF,2031.0,28.2,0.08,0.97,0.1329394387001477,0.08862629246676515,0.1329394387001477,0.0,0.4431314623338257,0.0,1.9940915805022155,1.240768094534712,0.044313146233382575,3.323485967503693,0.7533234859675036,1.4180206794682424,1.7282127031019203,0.4874446085672083
Montassar Talbi,Lorient,FRA-Ligue 1,28-107,TUN,DF,8504.0,55.25,0.0275,1.2974999999999999,0.010583254938852305,0.03174976481655692,0.010583254938852305,0.0,0.05291627469426152,0.0,0.4444967074317968,0.4974129821260583,0.010583254938852305,0.11641580432737536,1.0477422389463782,0.7514111006585136,0.3069143932267168,0.11641580432737536
Morato,Nottingham,ENG-Premier League,24,BRA,DF,2252.0,45.0,0.1,1.72,0.03996447602131439,0.0,0.03996447602131439,0.0,0.3996447602131438,0.0,1.0790408525754884,0.35968028419182946,0.03996447602131439,0.07992895204262877,0.7992895204262876,1.2788632326820604,0.2797513321492007,0.11989342806394317
Morgan Gibbs-White,Nottingham,ENG-Premier League,26-226,ENG,MF,12477.0,32.5,0.09666666666666668,1.0066666666666666,0.23803798990141864,0.22361144505890837,0.20197162779514305,0.03606636210627555,0.19475835537388797,0.007213272421255109,1.0026448665544603,1.247896128877134,0.18754508295263286,3.2603991344073098,0.48328925222409236,0.5554219764366434,2.048569367636451,0.6780476075979803
Morgan Guilavogui,St Pauli,Unknown,26,GUI,"FW,MF",2864.0,31.566666666666666,0.11666666666666665,1.61,0.28282122905027934,0.06284916201117319,0.28282122905027934,0.0,0.3142458100558659,0.031424581005586594,2.388268156424581,1.6655027932960895,0.691340782122905,0.5970670391061452,0.6599162011173184,1.225558659217877,2.2625698324022347,0.7856145251396648
Morgan Rogers,Chelsea,ENG-Premier League,24-046,ENG,MF,7289.0,35.55,0.19,1.8225,0.28398957332967484,0.22225270956235424,0.28398957332967484,0.0,0.2592948278227466,0.0,1.3829057483879819,1.3829057483879819,0.06173686376732062,1.0371793112909864,0.27164220057621075,0.592673892166278,1.9632322678007958,0.7284949924543833
Morgan Sanson,Nice,FRA-Ligue 1,30,FRA,MF,5401.0,22.5,0.082,1.75,0.09998148491020181,0.11664506572856878,0.09998148491020181,0.0,0.14997222736530272,0.0,1.4663951120162932,1.5330494352897612,0.06665432327346787,3.182743936308091,1.1497870764673208,1.1997778189224217,1.683021662655064,0.4165895204591742
Moritz Broschinski,Bochum,Unknown,23,GER,"FW,MF",2850.0,47.46666666666667,0.17,0.9900000000000001,0.15789473684210525,0.18947368421052632,0.15789473684210525,0.0,0.18947368421052632,0.0,1.9578947368421051,1.0105263157894737,0.5052631578947369,1.3263157894736841,0.031578947368421054,0.7263157894736842,2.1789473684210527,0.7578947368421053
Moritz Jenz,Wolfsburg,Unknown,26,GER,DF,6074.0,22.5,0.05,1.1575,0.01481725386894962,0.01481725386894962,0.01481725386894962,0.0,0.35561409285479095,0.02963450773789924,1.526177148501811,0.31116233124794207,0.04445176160684887,0.02963450773789924,1.096476786302272,1.1705630556470201,0.4741521238063878,0.11853803095159696
Morten Frendrup,Genoa,ITA-Serie A,25-156,DEN,MF,9599.0,32.7,0.0675,0.8300000000000001,0.04687988332117929,0.04687988332117929,0.04687988332117929,0.0,0.15001562662777373,0.0,1.3407646629857277,1.0032295030732368,0.028127929992707572,0.196895509948953,1.3501406396499636,1.9314511928325868,0.6563183664965101,0.15939160329200958
Morten Hjulmand,Lecce,ITA-Serie A,23,DEN,MF,3207.0,11.75,0.0,1.345,0.0,0.11225444340505145,0.0,0.0,0.28063610851262866,0.02806361085126286,1.7960710944808231,1.234798877455566,0.0,0.47708138447146864,2.1047708138447145,1.6557530402245089,0.5051449953227315,0.11225444340505145
Morten Thorsby,Union Berlin,Unknown,26,NOR,MF,5262.0,42.04,0.11000000000000001,1.258,0.10262257696693272,0.0855188141391106,0.10262257696693272,0.0,0.25655644241733183,0.0,2.172177879133409,0.6670467502850628,0.3762827822120867,0.427594070695553,0.30786773090079816,0.9749144811858609,0.992018244013683,0.427594070695553
Mory Gbane,Reims,FRA-Ligue 1,23,CIV,"DF,MF",1125.0,50.0,0.0,0.62,0.0,0.08,0.0,0.0,0.16,0.0,0.96,0.24,0.0,0.16,1.6,0.88,0.32,0.16
Moses Simon,Paris FC,FRA-Ligue 1,31-060,NGA,MF,8865.0,34.56,0.10200000000000001,1.3,0.19289340101522842,0.2233502538071066,0.1319796954314721,0.06091370558375635,0.06091370558375635,0.0,0.5279187817258884,1.3197969543147208,0.28426395939086296,6.395939086294416,0.3553299492385787,0.38578680203045684,1.50253807106599,0.5279187817258884
Mostafa Mohamed,Nantes,FRA-Ligue 1,27,EGY,FW,6345.0,35.3,0.1225,0.8300000000000001,0.35460992907801414,0.056737588652482275,0.3120567375886525,0.0425531914893617,0.11347517730496455,0.014184397163120569,1.8014184397163122,1.7872340425531916,0.4680851063829787,0.524822695035461,0.5390070921985816,0.624113475177305,2.8226950354609928,1.0354609929078014
Mouctar Diakhaby,Valencia,ESP-La Liga,29-265,GUI,DF,5001.0,37.519999999999996,0.142,1.082,0.1259748050389922,0.0,0.1259748050389922,0.0,0.3239352129574085,0.017996400719856028,0.7558488302339532,0.41391721655668867,0.08998200359928014,0.05398920215956808,0.9898020395920815,0.7198560287942412,0.8098380323935213,0.3059388122375525
Mounaim El Idrissy,Ajaccio,FRA-Ligue 1,23,FRA,FW,2497.0,37.3,0.12,0.69,0.21625951141369643,0.0,0.21625951141369643,0.0,0.3604325190228274,0.0,2.9555466559871846,2.8834601521826193,0.828994793752503,0.7569082899479376,0.46856227472967565,0.7569082899479376,1.8382058470164198,0.6848217861433721
Moussa Diaby,Leverkusen,Unknown,27-065,FRA,"FW,MF",4897.0,28.8,0.07333333333333333,2.1033333333333335,0.2756789871349806,0.2940575862773126,0.2756789871349806,0.0,0.0918929957116602,0.0,0.6248723708392894,0.7167653665509496,0.2940575862773126,2.5730038799264854,0.2756789871349806,0.2573003879926486,2.462732285072493,1.0659587502552583
Moussa Diarra,Toulouse,FRA-Ligue 1,22,MLI,DF,4704.0,10.0,0.05,1.2550000000000001,0.01913265306122449,0.057397959183673464,0.01913265306122449,0.0,0.22959183673469385,0.0,1.3966836734693877,1.1479591836734695,0.03826530612244898,0.9757653061224489,1.052295918367347,0.8801020408163266,0.13392857142857142,0.03826530612244898
Moussa Niakhaté,Lyon,FRA-Ligue 1,30-186,SEN,DF,8288.0,24.0,0.04,1.472,0.01085907335907336,0.02171814671814672,0.01085907335907336,0.0,0.11944980694980695,0.01085907335907336,1.0424710424710424,0.6406853281853282,0.02171814671814672,0.271476833976834,1.0207528957528957,0.9013030888030888,0.18460424710424708,0.05429536679536679
Moussa Sissoko,Nantes,FRA-Ligue 1,33,FRA,MF,3739.0,32.65,0.06,0.95,0.04814121422840331,0.0,0.04814121422840331,0.0,0.2407060711420166,0.0,1.6608718908799143,0.4092003209414282,0.1203530355710083,1.0109654987964696,0.6258357849692431,0.8184006418828564,0.6499063920834448,0.21663546402781492
Moustapha Mbow,Paris FC,FRA-Ligue 1,26-186,SEN,DF,2808.0,15.0,0.0,1.615,0.0,0.032051282051282055,0.0,0.0,0.16025641025641027,0.0,0.8974358974358975,0.5128205128205129,0.032051282051282055,0.06410256410256411,1.2179487179487178,1.0897435897435896,0.32051282051282054,0.09615384615384616
Moïse Bombito,Nice,FRA-Ligue 1,25,CAN,DF,2337.0,6.25,0.0,1.3900000000000001,0.0,0.0,0.0,0.0,0.1540436456996149,0.038510911424903725,1.1938382541720154,0.5391527599486521,0.0,0.07702182284980745,0.8472400513478819,1.116816431322208,0.3080872913992298,0.038510911424903725
Muhammed Cham,Clermont Foot,FRA-Ligue 1,22,AUT,"MF,FW",4522.0,40.05,0.12,1.155,0.2985404688191066,0.15922158337019018,0.17912428129146396,0.11941618752764264,0.11941618752764264,0.0,0.796107916850951,1.930561698363556,0.07961079168509509,3.8412206988058384,0.2985404688191066,0.5572755417956656,2.527642636001769,1.0150375939849623
Munir El Haddadi,Leganés,ESP-La Liga,28,MAR,"MF,FW",4461.0,34.03333333333333,0.11666666666666665,1.0633333333333332,0.20174848688634836,0.0605245460659045,0.20174848688634836,0.0,0.16139878950907868,0.020174848688634835,1.1701412239408204,2.945527908540686,0.8271687962340282,2.4815063887020847,0.42367182246133156,0.9078681909885676,1.936785474108944,0.6254203093476799
Murillo,Nottingham,ENG-Premier League,24-068,BRA,DF,8375.0,23.924999999999997,0.042499999999999996,1.1275,0.032238805970149255,0.021492537313432838,0.032238805970149255,0.0,0.1719402985074627,0.0,0.9886567164179104,0.2364179104477612,0.0,0.20417910447761195,1.1498507462686567,1.0638805970149254,0.6017910447761194,0.1719402985074627
Musa Al-Taamari,Rennes,FRA-Ligue 1,29-092,JOR,"MF,FW",6034.0,36.12,0.068,1.5939999999999999,0.2088167053364269,0.13423931057341731,0.2088167053364269,0.0,0.13423931057341731,0.0,0.596619158104077,1.745111037454425,0.6115346370566788,1.968843221743454,0.34305601590984425,0.7159429897248922,2.341730195558502,0.8800132582035135
Musa Barrow,Bologna,ITA-Serie A,23,GAM,"MF,FW",1960.0,24.2,0.05,1.59,0.1377551020408163,0.3673469387755102,0.1377551020408163,0.0,0.1377551020408163,0.0,0.9183673469387754,0.8724489795918368,0.22959183673469385,4.729591836734694,0.04591836734693878,0.3214285714285714,3.0306122448979593,0.7346938775510204
Mykhailo Mudryk,Tottenham,ENG-Premier League,25-248,UKR,MF,2401.0,42.5,0.035,1.2625,0.1874219075385256,0.1499375260308205,0.1874219075385256,0.0,0.22490628904623075,0.0,1.236984589754269,1.5743440233236152,0.11245314452311538,4.160766347355269,0.3748438150770512,0.899625156184923,1.8742190753852561,0.6747188671386922
Myles Lewis-Skelly,Arsenal,ENG-Premier League,19-349,ENG,MF,2304.0,11.1,0.11,2.486666666666667,0.0390625,0.0,0.0390625,0.0,0.234375,0.078125,1.0546875,2.6953125,0.0390625,0.390625,0.5078125,0.703125,0.3125,0.0390625
Myron Boadu,Bochum,Unknown,23,NED,FW,1422.0,72.03333333333333,0.39999999999999997,1.3166666666666667,0.8227848101265822,0.06329113924050633,0.7594936708860759,0.06329113924050633,0.12658227848101267,0.0,1.3291139240506329,0.6962025316455697,1.139240506329114,0.18987341772151897,0.06329113924050633,0.37974683544303794,2.4050632911392404,1.3924050632911393
Myrto Uzuni,Granada,ESP-La Liga,28,ALB,"FW,MF",2448.0,45.3,0.17,0.62,0.4044117647058823,0.03676470588235294,0.25735294117647056,0.14705882352941177,0.11029411764705882,0.0,0.9558823529411765,0.6985294117647058,0.6617647058823529,0.4044117647058823,0.11029411764705882,0.47794117647058826,2.3529411764705883,1.0661764705882353
Mário Rui,Napoli,ITA-Serie A,32,POR,DF,2954.0,38.2,0.0,2.145,0.0,0.24373730534867974,0.0,0.0,0.2742044685172647,0.060934326337169935,1.066350710900474,1.7975626269465133,0.030467163168584967,5.2708192281652,0.9444820582261341,1.0968178740690588,0.4874746106973595,0.18280297901150983
Márton Dárdai,Hertha BSC,Unknown,20,HUN,"DF,MF",947.0,50.0,0.5,1.06,0.09503695881731784,0.0,0.09503695881731784,0.0,0.1900739176346357,0.0,1.0454065469904963,0.8553326293558606,0.0,0.09503695881731784,1.2354804646251318,0.7602956705385427,0.1900739176346357,0.09503695881731784
Máximo Perrone,Como,ITA-Serie A,23-246,ARG,MF,6401.0,22.580000000000002,0.034,1.9619999999999997,0.042180909232932357,0.09842212154350884,0.042180909232932357,0.0,0.28120606155288236,0.0,1.3638493985314795,0.7311357600374941,0.014060303077644117,0.21090454616466178,0.9139197000468676,1.1810654585221059,0.5202312138728323,0.19684424308701767
Mërgim Vojvoda,Udinese,ITA-Serie A,31-221,KVX,MF,6775.0,23.116666666666664,0.06,1.5233333333333334,0.03985239852398524,0.15940959409594097,0.03985239852398524,0.0,0.1859778597785978,0.0,0.8900369003690037,0.41180811808118084,0.1859778597785978,3.281180811808118,0.7571955719557195,0.5712177121771217,0.8103321033210333,0.2523985239852399
Nabil Alioui,Le Havre,FRA-Ligue 1,24,FRA,"MF,FW",1009.0,32.1,0.14,1.11,0.35678889990089196,0.08919722497522299,0.35678889990089196,0.0,0.08919722497522299,0.0,0.8919722497522299,1.7839444995044598,0.535183349851338,4.816650148662042,0.267591674925669,0.17839444995044598,2.497522299306244,0.8027750247770069
Nabil Bentaleb,Lille,FRA-Ligue 1,31-290,ALG,MF,6322.0,28.639999999999997,0.082,1.6780000000000002,0.09965200885795635,0.14236001265422335,0.05694400506168934,0.042708003796267005,0.24201202151217968,0.014236001265422335,1.1531161024992092,1.3239481176842771,0.0,1.8506801645049036,1.3951281240113889,1.3381841189496995,1.0961720974375198,0.3559000316355584
Nabil Fekir,Real Betis,ESP-La Liga,31,FRA,MF,2190.0,26.966666666666665,0.04,1.5066666666666666,0.12328767123287672,0.2054794520547945,0.0821917808219178,0.0410958904109589,0.2054794520547945,0.0410958904109589,1.8493150684931505,3.2054794520547945,0.6164383561643836,4.520547945205479,0.28767123287671237,0.6575342465753424,2.3835616438356166,0.7397260273972602
Nacho,Real Madrid,ESP-La Liga,33,ESP,DF,3383.0,32.2,0.055,2.225,0.026603606266627257,0.053207212533254514,0.026603606266627257,0.0,0.2926396689328998,0.053207212533254514,1.0109370381318357,0.7182973691989358,0.13301803133313628,0.4256577002660361,1.0109370381318357,0.7182973691989358,0.37245048773278155,0.13301803133313628
Nacho Vidal,Oviedo,ESP-La Liga,30,ESP,DF,4146.0,22.6,0.066,1.634,0.021707670043415343,0.0,0.021707670043415343,0.0,0.2170767004341534,0.0,1.3675832127351666,1.0636758321273518,0.021707670043415343,1.9102749638205498,1.085383502170767,1.150506512301013,0.759768451519537,0.19536903039073808
Nadiem Amiri,Mainz 05,Unknown,29-318,GER,MF,7114.0,38.166666666666664,0.08833333333333333,1.6966666666666665,0.30362665167275793,0.15181332583637897,0.16446443632274388,0.13916221535001405,0.32892887264548776,0.025302220972729828,1.163902164745572,1.7585043576047232,0.12651110486364914,5.844813044700591,0.7590666291818948,0.8602755130728141,2.327804329491144,0.8602755130728141
Nadir Zortea,Bologna,ITA-Serie A,27-083,ITA,DF,6905.0,36.48571428571429,0.14857142857142858,1.195714285714286,0.1173062997827661,0.13034033309196233,0.1173062997827661,0.0,0.16944243301955106,0.0,1.2382331643736422,0.7950760318609703,0.026068066618392467,4.131788559015207,0.6386676321506155,0.8081100651701665,0.8472121650977553,0.28674873280231716
Nahitan Nández,Cagliari,ITA-Serie A,27,URU,"MF,DF",2341.0,30.4,0.09,0.91,0.07689021785561725,0.1153353267834259,0.03844510892780863,0.03844510892780863,0.2691157624946604,0.0,1.9991456642460486,1.230243485689876,0.3460059803502777,5.920546774882529,0.7304570696283639,1.5378043571123452,0.8842375053395984,0.2691157624946604
Nahuel Estévez,Parma,ITA-Serie A,29,ARG,MF,1706.0,15.55,0.0,1.295,0.0,0.052754982415005855,0.0,0.0,0.2637749120750293,0.0,1.0550996483001172,1.160609613130129,0.0,3.05978898007034,0.42203985932004684,0.8968347010550997,0.7385697538100822,0.10550996483001171
Nahuel Molina,Roma,ITA-Serie A,28-157,ARG,"DF,MF",7708.0,22.0,0.1,2.142,0.09340944473274519,0.1167618059159315,0.09340944473274519,0.0,0.18681888946549038,0.023352361183186298,0.8056564608199274,0.5254281266216918,0.22184743124026984,3.7130254281266217,0.618837571354437,1.2960560456668397,0.6538661131292164,0.18681888946549038
Nahuel Tenaglia,Alavés,ESP-La Liga,30-201,ARG,DF,7662.0,28.099999999999998,0.1125,1.5225,0.07047768206734534,0.011746280344557557,0.07047768206734534,0.0,0.23492560689115113,0.0,1.0101801096319498,1.2333594361785436,0.11746280344557557,1.4212999216914644,1.3390759592795614,1.4212999216914644,0.7635082223962412,0.23492560689115113
Nampalys Mendy,Lens,FRA-Ligue 1,32,SEN,MF,2397.0,26.2,0.16666666666666666,1.7366666666666666,0.03754693366708385,0.0750938673341677,0.03754693366708385,0.0,0.1877346683354193,0.0,1.3516896120150188,1.7647058823529411,0.0,0.3754693366708386,1.3516896120150188,1.3892365456821028,0.45056320400500627,0.11264080100125157
Naouirou Ahamada,Stuttgart,Unknown,20,FRA,MF,2812.0,28.36666666666667,0.021666666666666667,0.75,0.06401137980085349,0.09601706970128024,0.06401137980085349,0.0,0.2880512091038407,0.06401137980085349,1.0881934566145093,1.0881934566145093,0.12802275960170698,0.8321479374110954,0.5761024182076814,1.0561877667140824,1.1522048364153628,0.2880512091038407
Natan,Napoli,ITA-Serie A,22,BRA,DF,6204.0,17.775,0.0275,1.6724999999999999,0.014506769825918761,0.014506769825918761,0.014506769825918761,0.0,0.2611218568665377,0.029013539651837523,0.8994197292069633,0.4352030947775629,0.014506769825918761,0.11605415860735009,1.0589941972920696,0.8413926499032881,0.37717601547388785,0.08704061895551257
Nathan Aké,Manchester City,ENG-Premier League,30,NED,DF,5288.0,15.375,0.052500000000000005,2.0175,0.0510590015128593,0.0340393343419062,0.0510590015128593,0.0,0.0510590015128593,0.0,0.4595310136157337,0.680786686838124,0.0340393343419062,0.5276096822995462,0.7148260211800302,0.680786686838124,0.663767019667171,0.1361573373676248
Nathan Collins,Brentford,ENG-Premier League,25-133,IRL,DF,11057.0,21.06,0.054000000000000006,1.324,0.03255856018811613,0.048837840282174194,0.03255856018811613,0.0,0.14651352084652255,0.008139640047029032,0.6511712037623225,0.6674504838563806,0.10581532061137741,0.10581532061137741,1.1069910463959483,0.5941937234331193,0.4476802025865967,0.12209460070543546
Nathan N'Goumou,Gladbach,Unknown,24,CMR,MF,3134.0,25.0,0.066,1.018,0.22973835354179964,0.08615188257817485,0.22973835354179964,0.0,0.028717294192724955,0.0,0.7753669432035737,1.0625398851308232,0.4881940012763242,2.1537970644543716,0.3446075303126994,1.177409061901723,2.0102105934907466,0.8328015315890236
Nathan Ngoy,Lille,FRA-Ligue 1,23-092,BEL,DF,2675.0,13.65,0.025,2.06,0.03364485981308411,0.06728971962616823,0.03364485981308411,0.0,0.33644859813084116,0.03364485981308411,0.7738317757009346,0.5046728971962616,0.0,0.20186915887850468,1.4467289719626166,0.7738317757009346,0.7401869158878505,0.20186915887850468
Nathan Patterson,Torino,ITA-Serie A,24-329,SCO,DF,2907.0,22.5,0.0,1.512,0.0,0.09287925696594426,0.0,0.0,0.2476780185758514,0.0,1.2074303405572755,0.6501547987616099,0.09287925696594426,2.848297213622291,0.8978328173374612,1.826625386996904,0.43343653250773995,0.06191950464396285
Nathan Tella,Leverkusen,Unknown,26,NGA,MF,3046.0,41.666666666666664,0.11666666666666665,2.09,0.23637557452396585,0.29546946815495734,0.23637557452396585,0.0,0.14773473407747867,0.0,1.418253447143795,2.0387393302692054,0.5613919894944189,2.4523965856861456,0.35456336178594877,0.7386736703873934,2.1569271175311884,0.8864084044648719
Nathan Zeze,Nantes,FRA-Ligue 1,19,FRA,DF,2593.0,11.1,0.0,1.6466666666666665,0.0,0.0,0.0,0.0,0.24296182028538374,0.0,0.8677207867335134,0.8677207867335134,0.0,0.06941766293868107,1.1453914384882375,1.1453914384882375,0.3123794832240648,0.06941766293868107
Nathaniel Adjei,Lorient,FRA-Ligue 1,24-020,GHA,DF,2348.0,16.666666666666668,0.0,1.2866666666666668,0.0,0.0,0.0,0.0,0.11499148211243611,0.0,0.6899488926746167,0.8049403747870528,0.11499148211243611,0.11499148211243611,1.2265758091993186,0.8049403747870528,0.30664395229982966,0.07666098807495741
Nathaniel Brown,Bayern Munich,Unknown,23-086,GER,MF,4708.0,62.833333333333336,0.15,1.7,0.13381478334749364,0.1911639762107052,0.13381478334749364,0.0,0.0955819881053526,0.0,0.8028887000849617,1.070518266779949,0.019116397621070518,2.6762956669498728,0.7837723024638913,1.8925233644859811,0.6308411214953271,0.3058623619371283
Nathaniel Clyne,Crystal Palace,ENG-Premier League,34,ENG,"MF,DF",4055.0,0.0,0.0,1.1525,0.0,0.02219482120838471,0.0,0.0,0.11097410604192355,0.0,0.4882860665844636,0.33292231812577067,0.0,1.1541307028360048,0.8434032059186191,1.0209617755856968,0.1997533908754624,0.0
Nayef Aguerd,Marseille,FRA-Ligue 1,30-164,MAR,DF,6909.0,16.433333333333334,0.05666666666666667,1.1116666666666666,0.052105948762483714,0.0,0.052105948762483714,0.0,0.22145028224055577,0.013026487190620929,0.6773773339122884,0.5210594876248371,0.026052974381241857,0.14329135909683022,0.8988276161528441,1.0030395136778114,0.6904038211029092,0.1693443334780721
Neal Maupay,Marseille,FRA-Ligue 1,30-027,FRA,"FW,MF",4478.0,38.142857142857146,0.07428571428571429,1.3442857142857143,0.26127735596248325,0.160786065207682,0.26127735596248325,0.0,0.34167038856632426,0.02009825815096025,1.1656989727556946,1.60786065207682,0.241179097811523,0.34167038856632426,0.22108083966056274,0.36176864671728454,2.2309066547565877,1.0652076820008933
Neco Williams,Nottingham,ENG-Premier League,25-150,WAL,MF,9587.0,22.979999999999997,0.022,1.098,0.03755085010952331,0.0657139876916658,0.03755085010952331,0.0,0.22530510065713988,0.009387712527380828,1.0701992281214143,1.4926462918535517,0.1314279753833316,3.501616772713049,1.2204026285595075,1.9995827683321163,1.1640763533952228,0.34734536351309064
Nedim Bajrami,Sassuolo,ITA-Serie A,24,ALB,"MF,FW",3069.0,32.06666666666666,0.049999999999999996,1.14,0.11730205278592376,0.08797653958944282,0.11730205278592376,0.0,0.02932551319648094,0.0,0.7038123167155426,0.6158357771260997,0.3812316715542522,4.956011730205279,0.5571847507331378,0.49853372434017595,2.228739002932551,0.7038123167155426
Nehuén Pérez,Udinese,ITA-Serie A,24,ARG,DF,6236.0,20.0,0.043333333333333335,1.3933333333333333,0.028864656831302116,0.0,0.028864656831302116,0.0,0.23091725465041693,0.028864656831302116,0.9525336754329699,0.43296985246953174,0.0,0.5339961513790892,1.1834509300833866,1.2844772289929443,0.5195638229634381,0.14432328415651058
Neil El Aynaoui,RB Leipzig,Unknown,25-070,MAR,MF,4239.0,31.139999999999997,0.128,1.6600000000000001,0.21231422505307856,0.10615711252653928,0.14861995753715498,0.06369426751592357,0.21231422505307856,0.0,1.6985138004246285,1.7409766454352442,0.06369426751592357,1.9108280254777068,1.7197452229299361,1.167728237791932,1.040339702760085,0.46709129511677283
Nelson Weiper,Mainz 05,Unknown,20,GER,FW,1485.0,45.675,0.1325,1.1525,0.30303030303030304,0.12121212121212122,0.30303030303030304,0.0,0.18181818181818182,0.0,1.6363636363636362,0.30303030303030304,0.9696969696969697,0.9090909090909092,0.36363636363636365,0.4242424242424242,2.6060606060606064,1.393939393939394
Nemanja Gudelj,Getafe,ESP-La Liga,34-298,SRB,DF,9467.0,18.419999999999998,0.048,1.036,0.06654695257209253,0.028520122530896797,0.057040245061793594,0.009506707510298933,0.28520122530896796,0.0,1.1693250237667687,0.5418823280870392,0.009506707510298933,0.427801837963452,1.0552445336431817,1.007710996091687,1.0267244111122849,0.23766768775747335
Nemanja Maksimović,Getafe,ESP-La Liga,28,SRB,MF,5318.0,41.5,0.06,1.21,0.06769462203836028,0.0,0.06769462203836028,0.0,0.1184655885671305,0.0,0.744640842421963,0.35539676570139156,0.01692365550959007,0.2538548326438511,1.3877397517863859,1.235426852200075,0.8800300864986836,0.3723204212109815
Nemanja Matić,Sassuolo,ITA-Serie A,38-040,SRB,MF,9044.0,29.349999999999998,0.045000000000000005,1.5650000000000002,0.02985404688191066,0.039805395842547546,0.02985404688191066,0.0,0.2288810260946484,0.009951348960636886,0.796107916850951,0.875718708536046,0.019902697921273773,0.437859354268023,1.1543564794338788,1.0647943387881469,0.37815126050420167,0.11941618752764264
Nemanja Radonjić,Torino,ITA-Serie A,27,SRB,MF,2188.0,48.13333333333333,0.09666666666666666,1.2533333333333332,0.2056672760511883,0.08226691042047532,0.2056672760511883,0.0,0.08226691042047532,0.0,0.7815356489945156,1.110603290676417,0.6581352833638026,4.40127970749543,0.16453382084095064,0.16453382084095064,3.043875685557587,1.1928702010968921
Neto Borges,Clermont Foot,FRA-Ligue 1,26,BRA,"MF,DF",5349.0,23.65,0.065,1.165,0.050476724621424565,0.03365114974761638,0.050476724621424565,0.0,0.11777902411665732,0.050476724621424565,0.7403252944475602,1.1609646662927648,0.21873247335950646,2.7257431295569265,1.5143017386427369,1.1777902411665733,0.6561974200785193,0.16825574873808188
Neymar,PSG,FRA-Ligue 1,30,BRA,"MF,FW",1545.0,52.6,0.34,0.0,0.7572815533980584,0.6407766990291263,0.6407766990291263,0.11650485436893204,0.34951456310679613,0.05825242718446602,1.4563106796116503,3.7864077669902914,0.29126213592233013,3.262135922330097,0.17475728155339806,0.8155339805825242,2.2135922330097086,1.1650485436893205
Ngal'Ayel Mukau,Lille,FRA-Ligue 1,21-311,COD,MF,2877.0,47.73333333333333,0.016666666666666666,1.9833333333333334,0.03128258602711158,0.03128258602711158,0.03128258602711158,0.0,0.21897810218978103,0.0,1.532846715328467,1.1887382690302397,0.1251303441084463,0.31282586027111575,1.0636079249217936,1.1887382690302397,1.0010427528675705,0.2502606882168926
Nhoa Sangui,Paris FC,FRA-Ligue 1,19,FRA,DF,2895.0,12.5,0.0,1.155,0.0,0.06217616580310881,0.0,0.0,0.09326424870466321,0.0,0.43523316062176165,0.8082901554404145,0.06217616580310881,1.616580310880829,0.9015544041450777,0.6839378238341969,0.21761658031088082,0.031088082901554404
Niccolò Pisilli,Roma,ITA-Serie A,21-352,ITA,MF,2569.0,31.18,0.236,1.378,0.17516543402101986,0.17516543402101986,0.17516543402101986,0.0,0.3503308680420397,0.0,1.3662903853639548,0.5955624756714675,0.10509926041261192,0.8758271701050994,1.261191124951343,0.8758271701050994,1.6465550797975865,0.49046321525885556
Nick Woltemade,Stuttgart,Unknown,23,GER,MF,4838.0,20.166666666666668,0.09666666666666666,1.3283333333333334,0.4092600248036379,0.11161637040099215,0.3534518396031418,0.055808185200496074,0.11161637040099215,0.018602728400165358,1.2463828028110788,1.5812319140140554,0.4092600248036379,0.2232327408019843,0.20463001240181894,0.7441091360066142,1.9532864820173625,0.8371227780074411
Niclas Füllkrug,Werder Bremen,Unknown,33-213,GER,FW,6860.0,44.61428571428571,0.1442857142857143,1.0971428571428572,0.4329446064139941,0.1967930029154519,0.3279883381924198,0.10495626822157435,0.09183673469387756,0.0,1.4037900874635567,1.4169096209912535,0.9052478134110787,0.380466472303207,0.11807580174927114,0.1574344023323615,2.387755102040816,1.088921282798834
Nico Elvedi,Gladbach,Unknown,28,SUI,DF,10556.0,24.439999999999998,0.072,1.1300000000000001,0.05115574081091323,0.034103827207275485,0.05115574081091323,0.0,0.11083743842364532,0.0,0.5627131489200454,0.5200833649109511,0.034103827207275485,0.034103827207275485,1.2277377794619173,0.8952254641909814,0.48597953770367563,0.17051913603637742
Nico O'Reilly,Manchester City,ENG-Premier League,21-173,ENG,MF,3324.0,24.7,0.12333333333333334,2.58,0.1895306859205776,0.0812274368231047,0.1895306859205776,0.0,0.13537906137184116,0.0,1.4350180505415162,0.5956678700361011,0.05415162454873646,1.3537906137184115,0.6498194945848376,1.1101083032490975,1.3808664259927796,0.48736462093862815
Nico Ribaudo,Espanyol,ESP-La Liga,21,ESP,"MF,FW",1248.0,34.4,0.03,0.91,0.07211538461538461,0.14423076923076922,0.07211538461538461,0.0,0.28846153846153844,0.0,1.7307692307692308,2.379807692307692,0.21634615384615385,3.2451923076923075,0.4326923076923077,0.7932692307692307,2.3076923076923075,0.7932692307692307
Nico Schlotterbeck,Dortmund,Unknown,25,GER,DF,9613.0,27.15,0.1125,1.8575,0.10298554041402269,0.10298554041402269,0.10298554041402269,0.0,0.20597108082804538,0.01872464371164049,0.7489857484656194,0.8894205763029231,0.009362321855820244,0.5898262769166753,1.0953916571309685,1.3949859565172162,0.8706959325912826,0.2340580463955061
Nico Williams,Athletic Club,ESP-La Liga,24-060,ESP,MF,8773.0,30.68,0.11600000000000002,1.5939999999999999,0.2359512139518979,0.2359512139518979,0.22569246551920666,0.010258748432691213,0.12310498119229454,0.010258748432691213,0.871993616778753,1.3951897868460048,0.4513849310384133,5.293514191268666,0.28724495611535394,0.5950074090960903,2.28770090049014,0.7694061324518409
Nicola Sansone,Lecce,ITA-Serie A,32,ITA,"FW,MF",1572.0,30.466666666666665,0.09000000000000001,1.04,0.34351145038167935,0.22900763358778628,0.34351145038167935,0.0,0.40076335877862596,0.0,1.6603053435114503,1.6603053435114503,0.6870229007633587,2.9770992366412212,0.22900763358778628,0.6870229007633587,2.748091603053435,0.8015267175572519
Nicola Zalewski,Atalanta,ITA-Serie A,24-230,POL,FW,6150.0,24.833333333333332,0.05333333333333334,1.6083333333333334,0.07317073170731707,0.11707317073170731,0.07317073170731707,0.0,0.1902439024390244,0.014634146341463414,0.9804878048780488,2.2682926829268295,0.08780487804878048,4.2439024390243905,0.9365853658536585,1.0097560975609756,1.4048780487804877,0.3073170731707317
Nicolai Remberg,Hamburger SV,Unknown,26-083,GER,MF,5477.0,19.866666666666667,0.0,0.6466666666666666,0.0,0.04929706043454446,0.0,0.0,0.36151177651999267,0.0,1.478911813036334,1.5775059339054227,0.06572941391272595,0.21362059521635932,1.2324265108636114,0.8544823808654373,0.6737264926054409,0.18075588825999633
Nicolas Cozza,Wolfsburg,Unknown,24,FRA,DF,6900.0,23.28333333333333,0.05833333333333333,1.11,0.0391304347826087,0.02608695652173913,0.0391304347826087,0.0,0.14347826086956522,0.013043478260869565,0.717391304347826,1.0565217391304347,0.0782608695652174,1.0434782608695652,1.0695652173913044,1.5782608695652174,0.5347826086956522,0.1826086956521739
Nicolas Fonseca,Oviedo,ESP-La Liga,26,URU,MF,1018.0,12.5,0.0,0.84,0.0,0.0,0.0,0.0,0.5304518664047151,0.0,2.387033398821218,1.0609037328094302,0.0,0.3536345776031434,1.5029469548133596,2.2102161100196462,0.7072691552062867,0.08840864440078584
Nicolas Haas,Empoli,ITA-Serie A,28,SUI,MF,1533.0,45.833333333333336,0.043333333333333335,0.9166666666666666,0.05870841487279843,0.05870841487279843,0.05870841487279843,0.0,0.23483365949119372,0.0,1.8786692759295498,0.8806262230919765,0.05870841487279843,0.6457925636007827,0.7045009784735812,1.4090019569471623,0.5870841487279843,0.23483365949119372
Nicolas Höfler,Freiburg,Unknown,35,GER,MF,6231.0,20.025,0.015,1.48,0.014443909484833893,0.028887818969667786,0.014443909484833893,0.0,0.3177660086663457,0.028887818969667786,1.63216177178623,1.2855079441502166,0.014443909484833893,0.05777563793933557,1.4877226769378913,1.502166586422725,0.6499759268175253,0.11555127587867114
Nicolas Jackson,Bayern Munich,Unknown,24,SEN,FW,7778.0,41.760000000000005,0.16199999999999998,1.614,0.5091283106196965,0.17356646952944202,0.5091283106196965,0.0,0.28927744921573667,0.034713293905888405,1.284391874517871,1.2265363846747237,0.8446901517099512,0.26613525327847776,0.15042427359218308,0.4628439187451787,2.742350218565184,1.3885317562355362
Nicolas Pallois,Nantes,FRA-Ligue 1,36,FRA,DF,5819.0,30.53333333333333,0.03666666666666667,0.9733333333333333,0.015466575012888813,0.046399725038666434,0.015466575012888813,0.0,0.2783983502319986,0.015466575012888813,0.9434610757862176,0.3866643753222203,0.030933150025777626,0.41759752534799793,1.2991923010826603,1.4383914761986594,0.247465200206221,0.07733287506444406
Nicolas Pépé,Nice,FRA-Ligue 1,27,CIV,"FW,MF",5722.0,43.525,0.125,1.48,0.2988465571478504,0.22020272631946872,0.23593149248514506,0.06291506466270534,0.15728766165676336,0.0,0.8808109052778749,1.6672492135616919,0.44040545263893743,2.70534778049633,0.39321915414190844,0.7077944774554351,2.563788885005243,1.069556099265991
Nicolas Seiwald,RB Leipzig,Unknown,25-129,AUT,MF,5676.0,8.75,0.0,1.6524999999999999,0.0,0.06342494714587738,0.0,0.0,0.07928118393234673,0.0,0.8086680761099365,0.1427061310782241,0.0,0.8879492600422833,1.6649048625792813,1.5539112050739958,0.3964059196617336,0.1109936575052854
Nicolas Viola,Cagliari,ITA-Serie A,34,ITA,"MF,FW",2474.0,30.3,0.115,1.1150000000000002,0.2910266774454325,0.1091350040420372,0.2910266774454325,0.0,0.18189167340339532,0.0,1.3459983831851254,2.1463217461600648,0.36378334680679064,7.821341956345998,0.2182700080840744,0.5456750202101859,2.5101050929668554,0.7639450282942603
Nicolás Capaldo,Hamburger SV,Unknown,27-361,ARG,DF,2181.0,13.65,0.025,0.52,0.04126547455295736,0.12379642365887208,0.04126547455295736,0.0,0.4126547455295736,0.0,1.4442916093535074,2.1045392022008254,0.12379642365887208,0.9903713892709767,1.609353507565337,2.0220082530949104,0.9078404401650619,0.24759284731774417
Nicolás Domínguez,Bologna,ITA-Serie A,25,ARG,MF,7036.0,23.083333333333332,0.03666666666666667,1.1383333333333334,0.07674815235929505,0.07674815235929505,0.07674815235929505,0.0,0.3325753268902786,0.0,1.5477544059124502,0.9849346219442866,0.06395679363274588,0.6011938601478113,0.946560545764639,2.059408754974417,1.3175099488345652,0.4732802728823195
Nicolás González,Juventus,ITA-Serie A,28-157,ARG,MF,10461.0,28.53,0.08800000000000001,1.9460000000000002,0.2581015199311729,0.051620303986234586,0.23229136793805563,0.025810151993117293,0.1978778319472326,0.008603383997705764,1.5400057355893317,1.7292801835388585,0.12044737596788069,1.058216231717809,0.7743045597935188,0.911958703756811,2.400344135359908,0.911958703756811
Nicolás Paz,Como,ITA-Serie A,22-002,ARG,MF,5835.0,24.8,0.0575,1.9925000000000002,0.2930591259640103,0.2159383033419023,0.2930591259640103,0.0,0.16966580976863754,0.0,1.6812339331619537,1.218508997429306,0.030848329048843187,1.6812339331619537,0.7557840616966581,1.4344473007712082,3.7789203084832907,1.3727506426735219
Nicolás Tagliafico,Lyon,FRA-Ligue 1,34-010,ARG,DF,8405.0,18.5,0.07,1.5,0.07495538370017847,0.08566329565734682,0.07495538370017847,0.0,0.25698988697204045,0.032123735871505056,1.6597263533610944,1.6490184414039262,0.05353955978584176,1.7775133848899465,1.3920285544318858,1.5098155859607376,0.8780487804878049,0.20345032718619868
Nicolás Valentini,Hellas Verona,ITA-Serie A,24,ARG,DF,2549.0,14.6,0.0,0.8333333333333334,0.0,0.0,0.0,0.0,0.4943114947038054,0.07061592781482934,1.8713220870929776,0.4236955668889761,0.03530796390741467,0.7061592781482934,1.0945468811298549,1.4123185562965868,0.8826990976853668,0.2471557473519027
Nicolò Barella,Inter,ITA-Serie A,29-215,ITA,MF,10739.0,32.78,0.078,2.3280000000000003,0.11732936027563089,0.2011360461867958,0.11732936027563089,0.0,0.2011360461867958,0.0,1.022441568116212,1.0811062482540272,0.15923270323121333,2.623149269019462,0.3603687494180091,0.9805382251606295,1.315764968805289,0.35198808082689265
Nicolò Bertola,Udinese,ITA-Serie A,23-171,ITA,DF,1801.0,15.4,0.0,1.48,0.0,0.049972237645752364,0.0,0.0,0.19988895058300946,0.0,0.9994447529150472,0.5996668517490283,0.049972237645752364,0.3997779011660189,1.1993337034980567,1.0993892282065518,0.6496390893947807,0.19988895058300946
Nicolò Cambiaghi,Bologna,ITA-Serie A,25-256,ITA,MF,6190.0,26.0,0.076,1.1179999999999999,0.15993537964458804,0.1308562197092084,0.15993537964458804,0.0,0.17447495961227785,0.029079159935379646,1.7883683360258482,3.620355411954766,0.1308562197092084,4.260096930533118,0.5088852988691438,1.3376413570274637,2.210016155088853,0.6106623586429726
Nicolò Casale,Bologna,ITA-Serie A,27,ITA,DF,5709.0,32.86,0.026000000000000002,1.568,0.01576458223857068,0.03152916447714136,0.01576458223857068,0.0,0.18917498686284812,0.0,1.3557540725170782,0.40987913820283767,0.0,0.03152916447714136,0.8828166053599579,0.6621124540199685,0.394114555964267,0.0788229111928534
Nicolò Fagioli,Fiorentina,ITA-Serie A,25-210,ITA,MF,6224.0,27.383333333333336,0.065,1.3683333333333334,0.08676092544987146,0.14460154241645246,0.08676092544987146,0.0,0.20244215938303342,0.0,0.9977506426735219,1.3303341902313626,0.028920308483290486,2.5160668380462723,0.592866323907455,1.0845115681233932,1.0989717223650386,0.3181233933161954
Nicolò Rovella,Lazio,ITA-Serie A,24-280,ITA,MF,6441.0,12.866666666666667,0.008333333333333333,1.7966666666666666,0.013972985561248253,0.11178388448998602,0.013972985561248253,0.0,0.37727061015370283,0.027945971122496506,1.6208663251047974,1.1877037727061015,0.05589194224499301,1.3553795994410804,1.592920353982301,1.6767582673497905,0.8104331625523987,0.2095947834187238
Nicolò Savona,Juventus,ITA-Serie A,21,ITA,DF,2752.0,63.35,0.365,1.41,0.1308139534883721,0.032703488372093026,0.1308139534883721,0.0,0.22892441860465118,0.0,0.8175872093023256,0.45784883720930236,0.06540697674418605,1.9949127906976745,0.5232558139534884,0.8175872093023256,0.3597383720930233,0.22892441860465118
Nicolò Zaniolo,Udinese,ITA-Serie A,27-070,ITA,MF,4774.0,28.900000000000002,0.06,1.5766666666666669,0.18852115626309174,0.1508169250104734,0.18852115626309174,0.0,0.4713028906577294,0.018852115626309174,2.450775031420193,2.808965228320067,0.24507750314201926,3.1671554252199416,0.16966904063678256,0.7163803937997487,2.8278173439463763,0.8860494344365313
Niels Nkounkou,Frankfurt,Unknown,23,FRA,"MF,DF",2118.0,14.2,0.035,1.1425,0.1274787535410765,0.1274787535410765,0.1274787535410765,0.0,0.3824362606232295,0.042492917847025496,1.529745042492918,0.33994334277620397,0.0,4.164305949008499,1.529745042492918,2.1671388101983,1.274787535410765,0.33994334277620397
Niklas Dorsch,Heidenheim,Unknown,27,GER,MF,5494.0,10.94,0.044,1.016,0.03276301419730615,0.04914452129595923,0.03276301419730615,0.0,0.21295959228248998,0.016381507098653075,1.2122315253003277,1.3432835820895521,0.016381507098653075,1.2122315253003277,0.9173643975245722,1.4415726246814706,0.6061157626501639,0.09828904259191847
Niklas Schmidt,Werder Bremen,Unknown,24,GER,MF,2696.0,35.3,0.0475,0.9875,0.13353115727002968,0.06676557863501484,0.13353115727002968,0.0,0.30044510385756673,0.0,1.4688427299703266,0.8345697329376854,0.0,3.538575667655786,0.5007418397626113,1.201780415430267,1.5356083086053411,0.7678041543026706
Niklas Stark,Werder Bremen,Unknown,30,GER,DF,5968.0,35.4,0.125,1.405,0.030160857908847184,0.015080428954423592,0.030160857908847184,0.0,0.407171581769437,0.04524128686327078,1.55328418230563,1.040549597855228,0.06032171581769437,0.10556300268096513,1.5080428954423593,1.3119973190348524,0.33176943699731903,0.10556300268096513
Niklas Süle,Dortmund,Unknown,29,GER,DF,5171.0,26.775,0.05,1.9925,0.05221427190098627,0.06961902920131502,0.05221427190098627,0.0,0.10442854380197254,0.0,0.5221427190098628,0.15664281570295882,0.0,0.4525236898085476,0.8354283504157803,0.8006188358151228,0.9050473796170952,0.19145233030361633
Niko Gießelmann,Union Berlin,Unknown,30,GER,MF,1302.0,15.0,0.0,1.88,0.0,0.1382488479262673,0.0,0.0,0.2764976958525346,0.0,1.1059907834101383,1.4516129032258065,0.0,6.082949308755761,0.6912442396313364,0.8294930875576036,1.3824884792626728,0.2073732718894009
Nikola Krstović,Atalanta,ITA-Serie A,26-158,MNE,FW,7320.0,34.724999999999994,0.1275,1.3599999999999999,0.35655737704918034,0.13524590163934427,0.319672131147541,0.036885245901639344,0.18442622950819673,0.012295081967213115,1.831967213114754,1.6844262295081966,0.75,0.20901639344262293,0.14754098360655737,0.3442622950819672,4.081967213114754,1.2295081967213115
Nikola Milenković,Fiorentina,ITA-Serie A,25,SRB,DF,11622.0,19.1,0.05600000000000001,1.3199999999999998,0.05420753742901394,0.02323180175529169,0.05420753742901394,0.0,0.14713474445018068,0.0,0.8905524006195147,0.5575632421270005,0.02323180175529169,0.015487867836861126,0.797625193598348,0.7201858544140424,0.5885389778007227,0.13939081053175012
Nikola Moro,Bologna,ITA-Serie A,28-182,CRO,MF,5129.0,9.440000000000001,0.048,1.386,0.07018912068629363,0.12283096120101383,0.07018912068629363,0.0,0.05264184051472022,0.0,1.1932150516669915,0.8071748878923767,0.03509456034314681,2.0179372197309418,0.8071748878923767,1.245856892181712,1.1756677714954182,0.14037824137258725
Nikola Vlašić,Torino,ITA-Serie A,28-341,CRO,"MF,FW",10766.0,37.14,0.096,1.15,0.17555266579973994,0.1253947612855285,0.11703511053315994,0.05851755526657997,0.09195615827605426,0.0,1.1285528515697567,1.2455879621029167,0.2842281255805313,1.3208248188742338,0.4263421883707969,0.7774475199702768,1.5381757384358166,0.5266579973992198
Nikola Štulić,Lecce,ITA-Serie A,25-002,SRB,FW,1853.0,33.65,0.06,1.0,0.19427954668105774,0.0,0.1457096600107933,0.048569886670264434,0.048569886670264434,0.0,1.894225580140313,1.3113869400971399,0.48569886670264434,0.048569886670264434,0.09713977334052887,0.33998920669185106,1.8456556934700485,0.5342687533729088
Nikolas Nartey,Stuttgart,Unknown,25,DEN,MF,1751.0,18.166666666666668,0.06,1.9866666666666666,0.20559680182752713,0.15419760137064534,0.20559680182752713,0.0,0.15419760137064534,0.0,1.182181610508281,1.5419760137064533,0.10279840091376356,1.2335808109651627,0.7195888063963449,0.9251856082238721,1.3363792118789264,0.6167904054825813
Nikolas Veratschnig,Mainz 05,Unknown,22,AUT,"MF,DF",1024.0,19.65,0.0,1.185,0.0,0.087890625,0.0,0.0,0.3515625,0.0,1.845703125,1.40625,0.439453125,2.4609375,1.23046875,1.7578125,0.966796875,0.17578125
Nnamdi Collins,Frankfurt,Unknown,21,GER,DF,3079.0,21.666666666666668,0.15,1.3433333333333335,0.058460539136083144,0.08769080870412471,0.058460539136083144,0.0,0.23384215654433257,0.0,1.4030529392659954,1.227671321857746,0.0,0.6722962000649562,1.2861318609938293,1.8122767132185775,0.26307242611237414,0.08769080870412471
Noah Cadiou,Lorient,FRA-Ligue 1,27-319,GLP,MF,2142.0,23.7,0.08,1.38,0.12605042016806722,0.04201680672268908,0.12605042016806722,0.0,0.08403361344537816,0.0,1.2605042016806722,0.7142857142857142,0.0,0.12605042016806722,1.050420168067227,0.8823529411764706,1.0084033613445378,0.37815126050420167
Noah Fadiga,Brest,FRA-Ligue 1,22,SEN,DF,1308.0,27.3,0.09,0.86,0.06880733944954129,0.0,0.06880733944954129,0.0,0.13761467889908258,0.0,1.444954128440367,1.2385321100917432,0.06880733944954129,0.6192660550458716,1.8577981651376148,1.444954128440367,0.756880733944954,0.20642201834862386
Noah Okafor,Napoli,ITA-Serie A,24,SUI,"FW,MF",3056.0,31.3,0.11599999999999999,1.4300000000000002,0.44175392670157065,0.08835078534031413,0.44175392670157065,0.0,0.11780104712041886,0.0,1.1780104712041886,0.9129581151832461,0.08835078534031413,2.326570680628272,0.44175392670157065,0.7362565445026178,2.1204188481675392,1.030759162303665
Noah Sadiki,Sunderland,ENG-Premier League,21-267,COD,MF,3142.0,43.15,0.0,1.425,0.0,0.028644175684277528,0.0,0.0,0.2864417568427753,0.0,0.9452577975811586,1.3176320814767664,0.057288351368555056,0.6588160407383832,1.0025461489497136,0.8306810948440484,0.6874602164226608,0.22915340547422022
Noah Weißhaupt,St Pauli,Unknown,22,GER,"FW,MF",2426.0,24.3,0.0775,1.205,0.0741962077493817,0.11129431162407255,0.0741962077493817,0.0,0.03709810387469085,0.0,0.7790601813685077,3.672712283594394,0.33388293487221765,5.342126957955482,0.482275350370981,0.6306677658697445,0.9274525968672712,0.2225886232481451
Noahkai Banks,Augsburg,Unknown,19-283,USA,DF,2183.0,18.533333333333335,0.03666666666666667,2.0733333333333333,0.04122766834631241,0.04122766834631241,0.04122766834631241,0.0,0.45350435180943655,0.0,1.4429683921209344,0.8245533669262483,0.12368300503893724,0.3298213467704993,1.1543747136967477,1.5666513971598717,0.49473202015574896,0.20613834173156206
Nobel Mendy,Rayo Vallecano,ESP-La Liga,20,SEN,DF,2096.0,34.1,0.14333333333333334,1.36,0.12881679389312978,0.0,0.12881679389312978,0.0,0.42938931297709926,0.08587786259541984,1.5458015267175573,0.558206106870229,0.08587786259541984,0.3005725190839695,1.245229007633588,0.7729007633587787,0.6440839694656488,0.25763358778625955
Noni Madueke,Arsenal,ENG-Premier League,24-184,ENG,"FW,MF",4964.0,33.32,0.09,1.9,0.290088638195004,0.10878323932312652,0.27195809830781625,0.01813053988718775,0.09065269943593875,0.0,0.8883964544721998,1.3235294117647058,0.25382755842062854,3.408541498791297,0.3807413376309428,0.8521353746978243,2.701450443190975,1.087832393231265
Norbert Gyömbér,Salernitana,ITA-Serie A,31,SVK,DF,3500.0,0.0,0.0,0.87,0.0,0.025714285714285717,0.0,0.0,0.36,0.0,1.4142857142857144,0.6428571428571428,0.0,0.12857142857142856,1.4657142857142857,1.1057142857142856,0.30857142857142855,0.0
Nordi Mukiele,Leverkusen,Unknown,26,FRA,"DF,MF",5796.0,28.639999999999997,0.052000000000000005,1.6420000000000001,0.062111801242236024,0.09316770186335405,0.062111801242236024,0.0,0.17080745341614909,0.0,1.1024844720496896,1.0093167701863355,0.12422360248447205,1.8478260869565217,1.2422360248447204,1.5062111801242235,0.8229813664596273,0.2329192546583851
Norman Theuerkauf,Heidenheim,Unknown,37,GER,"DF,MF",1281.0,14.3,0.0,0.7,0.0,0.0702576112412178,0.0,0.0,0.2107728337236534,0.0,0.9836065573770492,1.1241217798594847,0.0,1.6159250585480094,1.1241217798594847,1.2646370023419204,0.5620608899297423,0.1405152224824356
Noussair Mazraoui,Bayern Munich,Unknown,25,MAR,DF,6193.0,14.62,0.026000000000000002,1.78,0.014532536735023414,0.11626029388018731,0.014532536735023414,0.0,0.13079283061521071,0.0,1.119005328596803,0.8864847408364281,0.1017277571451639,1.2062005490069434,1.119005328596803,1.8165670918779269,0.5667689326659131,0.11626029388018731
Nuno Mendes,PSG,FRA-Ligue 1,23,POR,DF,4747.0,48.15,0.1325,1.0625,0.1327153991994944,0.28439014114177374,0.1137560564567095,0.018959342742784917,0.17063408468506425,0.0,1.0617231935959552,1.5736254476511482,0.17063408468506425,2.692226669475458,1.0048451653676005,1.4409100484516535,1.2323572782810195,0.6256583105119022
Nuno Tavares,Lazio,ITA-Serie A,26-227,POR,DF,6130.0,18.66,0.018,1.816,0.08809135399673736,0.13213703099510604,0.08809135399673736,0.0,0.2495921696574225,0.02936378466557912,1.2479608482871125,1.4094616639477977,0.1908646003262643,5.123980424143556,0.836867862969005,1.1892332789559543,1.8058727569331157,0.3817292006525286
Nuno da Costa,Auxerre,FRA-Ligue 1,31,CPV,"FW,MF",2003.0,35.9,0.13,0.85,0.22466300549176238,0.1797304043934099,0.22466300549176238,0.0,0.22466300549176238,0.044932601098352475,1.707438841737394,2.5162256615077383,0.22466300549176238,0.6739890164752871,0.8986520219670495,1.033449825262107,1.7523714428357464,0.6290564153769346
Nélson Semedo,Wolves,ENG-Premier League,30,POR,"MF,DF",8602.0,20.8,0.0,1.1633333333333333,0.0,0.06277609858172518,0.0,0.0,0.3034178098116717,0.020925366193908394,1.4961636828644502,0.8893280632411067,0.05231341548477098,2.123924668681702,0.8788653801441526,1.3392234364101372,0.4603580562659847,0.11508951406649617
Obite N'Dicka,Frankfurt,Unknown,22,CIV,DF,11116.0,16.34,0.038,2.022,0.03238575026988125,0.03238575026988125,0.03238575026988125,0.0,0.13763943864699532,0.0,1.0768261964735517,0.7205829435048579,0.016192875134940624,0.14573587621446563,1.060633321338611,0.6639078805325657,0.5667506297229219,0.12144656351205468
Odilon Kossounou,Leverkusen,Unknown,22,CIV,DF,5717.0,21.34,0.08,2.0380000000000003,0.03148504460381319,0.015742522301906595,0.03148504460381319,0.0,0.12594017841525276,0.0,1.0390064719258352,0.3305929683400385,0.04722756690571979,0.17316774532097254,1.164946650341088,0.9602938604163023,0.3148504460381319,0.09445513381143958
Odsonne Édouard,Lens,FRA-Ligue 1,28-237,FRA,FW,5342.0,28.214285714285715,0.06714285714285714,1.1328571428571428,0.4043429427180831,0.08423811306626731,0.3874953201048296,0.016847622613253465,0.15162860351928117,0.0,1.4657431673530512,0.9771621115687008,0.6065144140771247,0.2864095844253089,0.16847622613253463,0.4885810557843504,2.645076750280794,1.128790715087982
Ohis Felix Uduokhai,Union Berlin,Unknown,29-001,GER,DF,4461.0,16.033333333333335,0.049999999999999996,0.6999999999999998,0.04034969737726967,0.020174848688634835,0.04034969737726967,0.0,0.18157363819771352,0.04034969737726967,1.0289172831203766,0.7666442501681237,0.0,0.08069939475453934,1.472763954270343,0.7464694014794889,0.36314727639542704,0.08069939475453934
Oier Zarraga,Udinese,ITA-Serie A,27-249,ESP,MF,2674.0,20.56,0.1,1.34,0.10097232610321616,0.0,0.10097232610321616,0.0,0.23560209424083772,0.0,1.3462976813762153,0.9424083769633509,0.0,2.18773373223635,0.7741211667913238,1.1106955871353776,1.144353029169783,0.3029169783096485
Oihan Sancet,Athletic Club,ESP-La Liga,26-138,ESP,MF,8249.0,34.839999999999996,0.148,1.51,0.37095405503697415,0.08728330706752334,0.29458116135289125,0.07637289368408293,0.18547702751848708,0.04364165353376167,1.2765183658625288,1.6038307673657413,0.130924960601285,0.9601163777427567,0.26184992120257,0.5346102557885805,2.280276397139047,0.7964601769911505
Ola Aina,Torino,ITA-Serie A,25,NGA,MF,7367.0,24.619999999999997,0.08,1.2719999999999998,0.04886656712365956,0.03664992534274467,0.04886656712365956,0.0,0.21989955205646805,0.0,0.9040314917877019,1.1483643274059998,0.06108320890457446,2.0646124609746166,1.0628478349395956,1.3071806705578934,0.5375322383602552,0.09773313424731912
Ola Solbakken,Empoli,ITA-Serie A,25,NOR,"MF,FW",1285.0,32.4,0.03666666666666667,0.8566666666666666,0.07003891050583658,0.14007782101167315,0.07003891050583658,0.0,0.2801556420233463,0.0,0.980544747081712,0.6303501945525292,0.14007782101167315,1.4007782101167314,0.35019455252918286,0.35019455252918286,0.9105058365758756,0.35019455252918286
Olasagasti,Levante,ESP-La Liga,26-025,ESP,MF,3371.0,31.5,0.064,1.264,0.08009492732126966,0.18688816374962916,0.08009492732126966,0.0,0.18688816374962916,0.026698309107089886,1.1747256007119549,1.5218036191041233,0.026698309107089886,3.550875111242955,0.9878374369623257,1.2548205280332245,1.5218036191041233,0.40047463660634824
Oleksandr Zinchenko,Nottingham,ENG-Premier League,28,UKR,DF,4720.0,23.15,0.025,1.6475,0.03813559322033898,0.09533898305084745,0.03813559322033898,0.0,0.11440677966101694,0.0,0.41949152542372886,0.47669491525423724,0.07627118644067796,1.8877118644067796,0.9152542372881355,1.0296610169491525,1.125,0.22881355932203387
Oliver Arblaster,Sheffield United,ENG-Premier League,19,ENG,MF,943.0,100.0,0.0,0.25,0.0,0.0,0.0,0.0,0.19088016967126195,0.0,0.9544008483563097,1.1452810180275717,0.0,0.6680805938494168,1.4316012725344642,1.6224814422057265,0.09544008483563098,0.09544008483563098
Oliver Burke,Union Berlin,Unknown,28,SCO,"FW,MF",2872.0,35.925,0.14250000000000002,0.9199999999999999,0.4073816155988858,0.06267409470752089,0.4073816155988858,0.0,0.25069637883008355,0.0,0.7834261838440112,0.4387186629526463,0.5954038997214485,2.09958217270195,0.1880222841225627,0.3447075208913649,2.4129526462395545,1.0341225626740946
Oliver Jensen,Parma,ITA-Serie A,23,DEN,MF,1840.0,20.0,0.07,1.21,0.04891304347826087,0.04891304347826087,0.04891304347826087,0.0,0.09782608695652174,0.0,0.6358695652173914,0.9782608695652174,0.09782608695652174,0.6847826086956522,0.8315217391304348,0.391304347826087,0.733695652173913,0.1467391304347826
Oliver McBurnie,Las Palmas,ESP-La Liga,28,SCO,FW,3387.0,44.03333333333333,0.09000000000000001,1.1,0.23914968999114258,0.23914968999114258,0.18600531443755536,0.053144375553587246,0.29229406554472986,0.053144375553587246,1.4614703277236494,1.3817537643932682,0.34543844109831706,0.18600531443755536,0.29229406554472986,0.3720106288751107,1.8600531443755537,0.8503100088573959
Oliver Nielsen,Lazio,ITA-Serie A,23-098,DEN,DF,1841.0,11.1,0.0,2.526666666666667,0.0,0.0,0.0,0.0,0.24443237370994023,0.0,1.1243889190657252,0.48886474741988045,0.04888647474198805,0.0977729494839761,1.0266159695817492,0.4399782726778924,0.34220532319391633,0.0977729494839761
Oliver Norwood,Sheffield United,ENG-Premier League,32,NIR,MF,1440.0,40.0,0.07,0.44,0.0625,0.0,0.0,0.0625,0.5,0.0,0.9375,0.5625,0.0,3.2499999999999996,1.1875,1.6249999999999998,0.9375,0.375
Oliver Scarles,West Ham,ENG-Premier League,19,ENG,"DF,MF",1324.0,0.0,0.0,0.99,0.0,0.0,0.0,0.0,0.20392749244712993,0.0,0.8157099697885197,0.6117824773413897,0.13595166163141995,3.3987915407854983,1.6314199395770395,1.9033232628398793,0.40785498489425986,0.0
Oliver Skipp,Leicester City,ENG-Premier League,23,ENG,MF,3327.0,29.3,0.04666666666666667,1.3733333333333333,0.027051397655545536,0.0,0.027051397655545536,0.0,0.4869251577998197,0.0,1.406672678088368,1.1361587015329124,0.0,0.4328223624887286,0.8926961226330027,0.8926961226330027,0.4328223624887286,0.1352569882777277
Olivier Boscagli,Brighton,ENG-Premier League,28-296,FRA,"DF,MF",1071.0,50.0,0.0,1.205,0.0,0.08403361344537816,0.0,0.0,0.25210084033613445,0.0,1.0084033613445378,1.2605042016806722,0.0,2.3529411764705883,1.5966386554621848,1.0084033613445378,0.16806722689075632,0.08403361344537816
Olivier Deman,Werder Bremen,Unknown,26-157,BEL,DF,2866.0,42.8,0.055,1.4300000000000002,0.0942079553384508,0.0942079553384508,0.0942079553384508,0.0,0.28262386601535244,0.0,1.5387299371946963,0.8478715980460572,0.0942079553384508,3.7997208653175156,0.942079553384508,1.6015352407536636,0.8792742498255408,0.3454291695743196
Olivier Giroud,Milan,ITA-Serie A,36,FRA,FW,6320.0,48.0,0.21250000000000002,1.95,0.5126582278481012,0.22784810126582278,0.37025316455696206,0.14240506329113925,0.15664556962025317,0.028481012658227847,1.3813291139240507,1.139240506329114,0.5981012658227848,0.14240506329113925,0.15664556962025317,0.34177215189873417,2.8765822784810124,1.2246835443037973
Ollie Watkins,Aston Villa,ENG-Premier League,29,ENG,FW,11781.0,48.025,0.185,1.7275,0.5042016806722689,0.2291825821237586,0.48128342245989303,0.022918258212375857,0.10695187165775402,0.0,0.8556149732620322,1.1077158135981664,0.5805958747135218,0.2826585179526356,0.19862490450725748,0.2979373567608862,2.7349121466768525,1.3063407181054238
Omar Alderete,Getafe,ESP-La Liga,27,PAR,DF,10035.0,26.339999999999996,0.026000000000000002,0.9400000000000001,0.026905829596412557,0.026905829596412557,0.026905829596412557,0.0,0.2780269058295964,0.008968609865470852,1.2197309417040358,0.38565022421524664,0.13452914798206278,0.2600896860986547,1.0224215246636772,0.7443946188340808,0.9237668161434978,0.28699551569506726
Omar Colley,Sampdoria,ITA-Serie A,29,GAM,DF,1384.0,66.7,0.17,0.44,0.06502890173410404,0.0,0.06502890173410404,0.0,0.32514450867052025,0.0,0.9754335260115606,1.170520231213873,0.0,0.0,1.495664739884393,0.6502890173410405,0.3901734104046242,0.26011560693641617
Omar El Hilali,Espanyol,ESP-La Liga,22-363,MAR,DF,6415.0,0.0,0.0,1.055,0.0,0.05611847233047545,0.0,0.0,0.2946219797349961,0.0,1.4450506625097428,0.7996882307092751,0.1823850350740452,1.8098207326578333,1.2626656274356975,1.936087295401403,0.042088854247856584,0.0
Omar Marmoush,Frankfurt,Unknown,25,EGY,"FW,MF",7273.0,34.86666666666667,0.11333333333333334,1.5633333333333332,0.519730510105871,0.23511618314313215,0.4702323662862643,0.049498143819606766,0.17324350336862368,0.0,1.200329987625464,2.524405334799945,0.5939777258352812,2.177918328062698,0.34648700673724736,0.5692286539254778,3.5514918190567855,1.3983225629038911
Omar Mascarell,Mallorca,ESP-La Liga,32,EQG,"MF,DF",8249.0,24.599999999999998,0.09999999999999999,1.05,0.03273124015032125,0.03273124015032125,0.03273124015032125,0.0,0.26184992120257,0.021820826766880835,1.30924960601285,0.6328039762395442,0.0,0.42550612195417625,1.7565765547339072,0.8837434840586739,0.3382228148866529,0.08728330706752334
Omar Traoré,Heidenheim,Unknown,27,GER,"DF,MF",6589.0,15.966666666666669,0.0,0.8833333333333333,0.0,0.06829564425557748,0.0,0.0,0.19122780391561692,0.0,1.0244346638336623,1.1883442100470483,0.05463651540446198,2.977690089543178,1.0927303080892397,0.9424798907269692,0.5053877674912733,0.08195477310669297
Omari Hutchinson,Nottingham,ENG-Premier League,21,ENG,MF,4294.0,28.733333333333334,0.036666666666666674,0.58,0.08383791336748952,0.14671634839310665,0.08383791336748952,0.0,0.1257568700512343,0.0,1.1318118304611084,1.4671634839310665,0.2934326967862133,4.527247321844434,0.48206800186306475,0.5030274802049371,1.4671634839310665,0.6287843502561714
Omri Gandelman,Lecce,ITA-Serie A,26-117,ISR,MF,976.0,15.0,0.1,2.055,0.18442622950819673,0.09221311475409837,0.18442622950819673,0.0,0.0,0.0,1.1987704918032787,0.2766393442622951,0.09221311475409837,0.36885245901639346,0.36885245901639346,0.5532786885245902,0.9221311475409836,0.2766393442622951
Ondrej Duda,Köln,Unknown,27,SVK,MF,6601.0,26.25,0.02,1.1199999999999999,0.027268595667323134,0.09544008483563098,0.027268595667323134,0.0,0.46356612634449323,0.0409028935009847,1.8951673988789577,2.072413270716558,0.013634297833661567,2.835933949401606,0.9271322526889865,1.158915315861233,1.008938039690956,0.25905165883956977
Orel Mangala,Lyon,FRA-Ligue 1,27,BEL,MF,5611.0,20.82857142857143,0.09571428571428572,1.2842857142857143,0.08019960791302798,0.016039921582605594,0.08019960791302798,0.0,0.19247905899126716,0.0,1.5237925503475318,1.2029941186954196,0.03207984316521119,0.3207984316521119,1.4596328640171092,0.7859561575476741,0.7699162359650686,0.20851898057387275
Oriol Rey,Levante,ESP-La Liga,28-197,ESP,MF,1678.0,6.25,0.0,1.175,0.0,0.05363528009535161,0.0,0.0,0.21454112038140644,0.0,1.5554231227651967,0.8045292014302742,0.0,0.42908224076281287,0.8045292014302742,0.8045292014302742,0.4827175208581645,0.05363528009535161
Oriol Romeu,Girona,ESP-La Liga,32,ESP,MF,5316.0,15.2,0.02,1.22,0.03386004514672686,0.01693002257336343,0.03386004514672686,0.0,0.3216704288939052,0.01693002257336343,1.7268623024830698,1.0835214446952595,0.0,0.4909706546275395,1.0327313769751691,1.4390519187358919,0.6602708803611739,0.13544018058690743
Orri Steinn Óskarsson,Real Sociedad,ESP-La Liga,22-012,ISL,FW,2050.0,52.4,0.2066666666666667,1.09,0.5707317073170732,0.0,0.5707317073170732,0.0,0.2634146341463415,0.0,1.2292682926829268,0.7463414634146341,1.0097560975609756,0.6146341463414634,0.13170731707317074,0.4829268292682927,2.370731707317073,1.3170731707317074
Osame Sahraoui,Lille,FRA-Ligue 1,25-091,MAR,MF,1871.0,40.800000000000004,0.07,2.1266666666666665,0.19241047568145375,0.24051309460181722,0.19241047568145375,0.0,0.04810261892036344,0.0,0.5772314270443614,1.8760021378941745,0.09620523784072688,0.7215392838054515,0.5291288081239979,0.5291288081239979,1.7797969000534473,0.6734366648850882
Oscar Bobb,Fulham,ENG-Premier League,23-060,NOR,MF,1568.0,24.16,0.05,1.706,0.057397959183673464,0.11479591836734693,0.057397959183673464,0.0,0.057397959183673464,0.0,0.7461734693877552,1.3775510204081631,0.0,1.5497448979591835,0.9183673469387754,0.9183673469387754,1.090561224489796,0.3443877551020408
Oscar Højlund,Frankfurt,Unknown,21-249,DEN,MF,1823.0,25.399999999999995,0.10333333333333335,1.2866666666666666,0.09873834339001646,0.04936917169500823,0.09873834339001646,0.0,0.1974766867800329,0.04936917169500823,1.925397696105321,0.3949533735600658,0.04936917169500823,0.14810751508502468,0.5924300603400987,1.4317059791552387,0.6417992320351069,0.24684585847504115
Oscar Vilhelmsson,Darmstadt 98,Unknown,19,SWE,FW,1374.0,39.3,0.14,0.31,0.26200873362445415,0.06550218340611354,0.26200873362445415,0.0,0.13100436681222707,0.0,2.096069868995633,1.834061135371179,0.4585152838427948,0.7860262008733624,0.1965065502183406,0.32751091703056767,1.834061135371179,0.7205240174672489
Otavio Ataide,Paris FC,FRA-Ligue 1,24-142,BRA,DF,2073.0,12.5,0.04,1.6949999999999998,0.043415340086830685,0.0,0.043415340086830685,0.0,0.30390738060781475,0.043415340086830685,1.1287988422575976,1.476121562952243,0.043415340086830685,0.26049204052098407,1.3024602026049203,1.4327062228654124,0.5643994211287988,0.13024602026049203
Oumar Diakité,Reims,FRA-Ligue 1,20,CIV,FW,3213.0,33.3,0.14500000000000002,1.1,0.25210084033613445,0.056022408963585436,0.25210084033613445,0.0,0.2801120448179272,0.0,1.708683473389356,1.484593837535014,1.2044817927170868,0.2801120448179272,0.25210084033613445,0.7002801120448179,1.7647058823529411,0.5882352941176471
Oumar Gonzalez,Ajaccio,FRA-Ligue 1,24,CMR,DF,2578.0,27.3,0.0,0.67,0.0,0.0,0.0,0.0,0.3491078355314197,0.0,1.5709852598913887,1.5011636927851049,0.1047323506594259,0.1047323506594259,1.7804499612102405,1.012412723041117,0.38401861908456164,0.1047323506594259
Oumar Ngom,Lecce,ITA-Serie A,22-185,MTN,MF,1048.0,20.0,0.0,1.065,0.0,0.0,0.0,0.0,0.17175572519083968,0.0,1.5458015267175573,0.5152671755725191,0.0,0.34351145038167935,1.2881679389312977,1.8034351145038168,0.6870229007633587,0.17175572519083968
Oumar Solet,Udinese,ITA-Serie A,26-215,FRA,DF,4848.0,25.5,0.056666666666666664,1.2300000000000002,0.07425742574257425,0.055693069306930694,0.055693069306930694,0.018564356435643563,0.07425742574257425,0.018564356435643563,0.9096534653465346,0.8539603960396039,0.03712871287128713,0.556930693069307,1.2623762376237624,1.4665841584158414,0.8353960396039604,0.24133663366336633
Ousmane Camara,Angers,FRA-Ligue 1,23-188,MLI,DF,3785.0,27.7,0.016,0.826,0.023778071334214,0.023778071334214,0.023778071334214,0.0,0.190224570673712,0.0,0.71334214002642,0.21400264200792601,0.023778071334214,0.11889035667107001,1.2126816380449141,1.0224570673712021,0.42800528401585203,0.142668428005284
Ousmane Dembélé,Paris SG,FRA-Ligue 1,29-118,FRA,FW,5776.0,35.980000000000004,0.122,1.448,0.6076869806094183,0.4362880886426593,0.5609418282548477,0.04674515235457064,0.07790858725761772,0.0,0.5297783933518005,0.997229916897507,0.46745152354570635,5.328947368421052,0.21814404432132964,0.5297783933518005,3.7240304709141276,1.573753462603878
Oussama El Azzouzi,Bologna,ITA-Serie A,25-104,MAR,MF,1451.0,30.0,0.3,0.98,0.18607856650585802,0.12405237767057202,0.18607856650585802,0.0,0.37215713301171605,0.06202618883528601,2.046864231564438,1.178497587870434,0.06202618883528601,0.12405237767057202,1.4886285320468642,1.4886285320468642,0.43418332184700204,0.18607856650585802
Oussama Targhalline,Le Havre,FRA-Ligue 1,22,MAR,MF,2015.0,0.0,0.0,0.9249999999999999,0.0,0.0,0.0,0.0,0.17866004962779156,0.04466501240694789,1.1166253101736974,1.4292803970223324,0.17866004962779156,1.1166253101736974,1.7419354838709677,1.0272952853598016,0.4913151364764268,0.0
Ozan Kabak,Hoffenheim,Unknown,26-169,TUR,DF,6589.0,30.799999999999997,0.165,1.09,0.15025041736227046,0.02731825770223099,0.15025041736227046,0.0,0.40977386553346484,0.040977386553346484,1.6117772044316285,0.4507512520868113,0.0,0.19122780391561692,1.5434815601760508,1.2020033388981637,1.1063894369403553,0.3551373501290029
Pablo Barrios,Atlético Madrid,ESP-La Liga,23-087,ESP,MF,6565.0,37.32000000000001,0.014000000000000002,1.9780000000000002,0.027418126428027417,0.10967250571210967,0.027418126428027417,0.0,0.1782178217821782,0.013709063214013708,0.9870525514089871,1.261233815689261,0.0,1.1241431835491242,1.3846153846153846,1.1104341203351105,1.1515613099771516,0.3564356435643564
Pablo Durán,Celta Vigo,ESP-La Liga,25-108,ESP,FW,3056.0,32.25,0.05,1.045,0.17670157068062825,0.17670157068062825,0.17670157068062825,0.0,0.11780104712041886,0.0,1.443062827225131,0.9718586387434555,0.8835078534031413,1.030759162303665,0.44175392670157065,0.5890052356020943,1.9142670157068065,0.7657068062827226
Pablo Fornals,Real Betis,ESP-La Liga,30-200,ESP,MF,8044.0,27.23333333333333,0.09833333333333333,1.6066666666666667,0.1902038786673297,0.10069617105917454,0.1902038786673297,0.0,0.06713078070611636,0.0,0.8503232222774739,0.7720039781203382,0.24614619592242667,3.703381402287419,1.1636001989060167,0.8727001491795128,1.3761810044753853,0.42516161113873696
Pablo Ibáñez,Alavés,ESP-La Liga,27-355,ESP,MF,6106.0,28.379999999999995,0.05600000000000001,1.5719999999999998,0.05895840157222404,0.07369800196528006,0.05895840157222404,0.0,0.25057320668195215,0.0,1.7687520471667213,1.9751064526695055,0.13265640353750408,1.0465116279069768,0.8843760235833606,1.0612512283000326,1.7687520471667213,0.4864068129708483
Pablo Maffeo,Valencia,ESP-La Liga,29-060,ESP,DF,9588.0,17.759999999999998,0.066,0.9879999999999999,0.03754693366708385,0.09386733416770965,0.03754693366708385,0.0,0.253441802252816,0.018773466833541926,0.9668335419274093,1.1921151439299125,0.09386733416770965,3.557571964956195,0.9386733416770963,1.3610763454317898,0.4317897371714643,0.10325406758448061
Pablo Martínez,Málaga,ESP-La Liga,28-200,ESP,MF,1960.0,7.15,0.02,0.935,0.04591836734693878,0.22959183673469385,0.04591836734693878,0.0,0.1836734693877551,0.0,1.423469387755102,0.5510204081632653,0.1377551020408163,4.316326530612245,0.9183673469387754,0.4591836734693877,1.3316326530612246,0.1836734693877551
Pablo Marí,Fiorentina,ITA-Serie A,31,ESP,DF,8636.0,13.0,0.02,1.122,0.010421491431218156,0.0,0.010421491431218156,0.0,0.20842982862436313,0.010421491431218156,1.3131079203334877,0.3647522000926355,0.010421491431218156,0.06252894858730894,1.5215377489578508,0.8128763316350162,0.28138026864289023,0.05210745715609078
Pablo Marín,Real Sociedad,ESP-La Liga,22,ESP,MF,3101.0,36.166666666666664,0.016666666666666666,1.3766666666666667,0.029022895840051594,0.08706868752015479,0.029022895840051594,0.0,0.17413737504030957,0.0,1.5382134795227347,1.1899387294421155,0.14511447920025797,0.8997097710415995,0.5224121251209287,1.1899387294421155,1.2479845211222187,0.43534343760077393
Pablo Pagis,Paris FC,FRA-Ligue 1,23-255,FRA,MF,2135.0,21.833333333333332,0.05666666666666667,1.92,0.4215456674473068,0.2529274004683841,0.3372365339578454,0.08430913348946135,0.08430913348946135,0.0,1.3067915690866512,1.559718969555035,0.08430913348946135,4.510538641686183,1.0117096018735363,1.0960187353629978,2.824355971896955,0.8430913348946136
Pablo Rosario,Nice,FRA-Ligue 1,28,DOM,"DF,MF",5579.0,33.975,0.045,1.9675,0.04839576985122782,0.03226384656748521,0.03226384656748521,0.016131923283742605,0.2581107725398817,0.016131923283742605,0.9679153970245563,0.693672701200932,0.016131923283742605,0.3226384656748521,1.2905538626994084,1.145366553145725,0.7259365477684172,0.22584692597239647
Pablo Sarabia,PSG,FRA-Ligue 1,30,ESP,"FW,MF",3694.0,36.125,0.08,0.99,0.19491066594477532,0.21927449918787223,0.1461829994585815,0.04872766648619383,0.292365998917163,0.0,1.3156469951272334,1.2912831618841365,0.48727666486193827,5.798592311857066,0.3654574986464537,0.8040064970221982,2.1683811586356256,0.8040064970221982
Pablo Torre,Mallorca,ESP-La Liga,22,ESP,"MF,FW",2754.0,30.6,0.165,1.5625,0.22875816993464052,0.22875816993464052,0.22875816993464052,0.0,0.16339869281045752,0.0,1.4705882352941178,2.2222222222222223,0.06535947712418301,3.8562091503267975,0.5882352941176471,0.7843137254901962,1.4705882352941178,0.5555555555555556
Panos Katseris,Lorient,FRA-Ligue 1,25-067,GRE,MF,1891.0,64.13333333333334,0.06666666666666667,1.1700000000000002,0.09518773135906927,0.19037546271813854,0.09518773135906927,0.0,0.3331570597567425,0.0,1.570597567424643,1.2374405076679005,0.19037546271813854,4.759386567953464,0.9518773135906927,1.3802221047065046,1.189846641988366,0.523532522474881
Pape Demba Diop,Strasbourg,FRA-Ligue 1,23-006,SEN,MF,1383.0,18.95,0.015,1.595,0.0650759219088937,0.1301518438177874,0.0650759219088937,0.0,0.19522776572668113,0.0,1.1713665943600868,1.3665943600867678,0.0,0.9761388286334056,2.27765726681128,1.4967462039045554,2.0824295010845986,0.7158351409978309
Pape Gueye,Marseille,FRA-Ligue 1,24,SEN,"MF,DF",7114.0,34.86666666666667,0.12333333333333334,1.585,0.16446443632274388,0.07590666291818948,0.15181332583637897,0.012651110486364914,0.30362665167275793,0.06325555243182457,1.6446443632274388,2.3910598819229687,0.12651110486364914,0.8476244025864492,1.328366601068316,1.2904132696092212,1.7838065785774528,0.5439977509136913
Pape Matar Sarr,Tottenham,ENG-Premier League,22,SEN,MF,5598.0,28.1,0.0725,1.3325,0.12861736334405144,0.1607717041800643,0.12861736334405144,0.0,0.3054662379421222,0.0,1.5755627009646302,1.0932475884244373,0.08038585209003216,0.7717041800643086,1.2379421221864952,1.3987138263665595,1.4308681672025723,0.5305466237942122
Papu Gómez,Monza,ITA-Serie A,35,ARG,"FW,MF",1106.0,15.0,0.025,1.975,0.081374321880651,0.081374321880651,0.081374321880651,0.0,0.325497287522604,0.0,0.406871609403255,1.7088607594936709,0.162748643761302,3.4177215189873418,0.406871609403255,0.162748643761302,1.62748643761302,0.488245931283906
Pascal Groß,Dortmund,Unknown,34,GER,MF,11199.0,31.5,0.08833333333333333,1.5566666666666666,0.12054647736405036,0.24912938655237074,0.11251004553978035,0.008036431824270024,0.1687650683096705,0.008036431824270024,0.8679346370211627,0.5866595231717118,0.1366193410125904,6.4934369140101795,0.4902223412804715,1.0929547281007232,1.2376105009375837,0.4580766139833914
Pascal Stenzel,Stuttgart,Unknown,29,GER,MF,1793.0,21.725,0.0,1.6075,0.0,0.3011712214166202,0.0,0.0,0.2509760178471835,0.0501952035694367,1.2548800892359173,0.8533184606804239,0.0,3.9654210819854994,1.3552704963747908,0.8533184606804239,1.3552704963747908,0.3513664249860569
Pascal Struijk,Brighton,ENG-Premier League,27-030,NED,DF,5137.0,19.966666666666665,0.043333333333333335,1.0266666666666666,0.035039906560249176,0.035039906560249176,0.035039906560249176,0.0,0.17519953280124587,0.0,0.9986373369671014,0.595678411524236,0.08759976640062293,0.4029589254428655,1.1563169164882228,1.436636168970216,0.8234378041658555,0.21023943936149503
Pasquale Mazzocchi,Napoli,ITA-Serie A,30,ITA,MF,4670.0,29.82,0.022,1.432,0.03854389721627409,0.11563169164882227,0.03854389721627409,0.0,0.1734475374732334,0.03854389721627409,1.3490364025695931,0.7130620985010707,0.19271948608137046,3.3725910064239826,0.44325481798715205,0.8865096359743041,0.6937901498929336,0.19271948608137046
Pathé Ciss,Rayo Vallecano,ESP-La Liga,32-178,SEN,"DF,MF",7445.0,26.0,0.078,1.254,0.09670920080591001,0.024177300201477504,0.09670920080591001,0.0,0.43519140362659503,0.024177300201477504,1.7165883143049026,1.015446608462055,0.08462055070517126,0.145063801208865,1.559435862995299,1.402283411685695,1.015446608462055,0.3263935527199463
Pathé Mboup,Brest,FRA-Ligue 1,22-326,SEN,MF,1280.0,41.75,0.02,1.4049999999999998,0.0703125,0.0,0.0703125,0.0,0.49218749999999994,0.0,3.4453125000000004,1.5468750000000002,0.421875,0.84375,0.9140625,1.5468750000000002,2.3203125,0.9843749999999999
Patric,Lazio,ITA-Serie A,32,ESP,"MF,DF",4295.0,33.325,0.20750000000000002,1.865,0.06286379511059371,0.0,0.06286379511059371,0.0,0.18859138533178113,0.0,0.4190919674039581,0.35622817229336434,0.0,0.2724097788125728,0.440046565774156,0.5657741559953434,0.31431897555296856,0.08381839348079162
Patrick Bamford,Leeds United,ENG-Premier League,28,ENG,FW,1515.0,34.0,0.08,0.82,0.2376237623762376,0.1188118811881188,0.2376237623762376,0.0,0.1782178217821782,0.0,1.4257425742574257,1.6039603960396038,1.0693069306930694,0.297029702970297,0.297029702970297,0.3564356435643564,2.97029702970297,1.00990099009901
Patrick Ciurria,Monza,ITA-Serie A,29,ITA,MF,5462.0,29.733333333333334,0.06999999999999999,1.0466666666666666,0.11534236543390698,0.11534236543390698,0.11534236543390698,0.0,0.11534236543390698,0.0,1.2852435005492493,1.0875137312339802,0.21420725009154154,3.476748443793482,0.3625045770779934,0.8733064811424386,1.466495789088246,0.5272793848407177
Patrick Cutrone,Monza,ITA-Serie A,28-250,ITA,MF,3046.0,21.7,0.04666666666666667,0.63,0.23637557452396585,0.11818778726198292,0.23637557452396585,0.0,0.02954694681549573,0.0,0.9455022980958634,1.3887065003282995,0.8864084044648719,1.3887065003282995,0.23637557452396585,0.325016414970453,2.8660538411030863,0.9750492449113592
Patrick Dorgu,Lecce,ITA-Serie A,19,DEN,"MF,DF",5772.0,31.839999999999996,0.06999999999999999,1.1540000000000001,0.14033264033264034,0.07796257796257797,0.14033264033264034,0.0,0.26507276507276506,0.031185031185031187,1.45010395010395,2.713097713097713,0.26507276507276506,2.6975051975051976,0.7172557172557172,1.6372141372141373,1.4812889812889813,0.5145530145530146
Patrick Mainka,Heidenheim,Unknown,30,GER,DF,9180.0,28.133333333333336,0.05333333333333334,0.9500000000000001,0.04901960784313726,0.029411764705882353,0.04901960784313726,0.0,0.04901960784313726,0.0,0.5,0.5588235294117647,0.06862745098039215,0.04901960784313726,1.441176470588235,1.0588235294117647,0.8921568627450981,0.2450980392156863
Patrick Osterhage,Freiburg,Unknown,25,GER,MF,6346.0,14.3,0.07250000000000001,1.445,0.05672864796722344,0.01418216199180586,0.05672864796722344,0.0,0.2552789158525055,0.01418216199180586,1.1062086353608573,0.9643870154427986,0.1418216199180586,0.8934762054837693,1.035297825401828,1.134572959344469,0.7800189095493224,0.11345729593444688
Patrick Wimmer,Hoffenheim,Unknown,25-103,AUT,MF,5770.0,28.46,0.11400000000000002,1.05,0.20277296360485267,0.23396880415944543,0.20277296360485267,0.0,0.29636048526863085,0.03119584055459272,1.9029462738301561,1.8405545927209708,0.24956672443674177,2.339688041594454,1.1854419410745234,1.2790294627383016,1.7157712305025996,0.561525129982669
Patrik Schick,Leverkusen,Unknown,30-229,CZE,FW,5832.0,40.839999999999996,0.20400000000000001,1.7,0.7561728395061729,0.07716049382716049,0.6635802469135802,0.0925925925925926,0.1080246913580247,0.0,0.95679012345679,1.1574074074074074,0.30864197530864196,0.0925925925925926,0.15432098765432098,0.2006172839506173,3.441358024691358,1.5123456790123457
Patrizio Masini,Frosinone,ITA-Serie A,25-226,ITA,MF,3163.0,13.433333333333332,0.043333333333333335,1.4733333333333334,0.028453999367688904,0.05690799873537781,0.028453999367688904,0.0,0.22763199494151123,0.0,2.2763199494151123,2.7600379386658234,0.0,1.195067973442934,1.3088839709136895,2.1625039519443567,0.7398039835599115,0.1707239962061334
Patson Daka,Hamburger SV,Unknown,27-336,ZAM,FW,2034.0,26.666666666666668,0.06666666666666667,0.48,0.22123893805309733,0.17699115044247787,0.22123893805309733,0.0,0.08849557522123894,0.0,1.7256637168141593,1.5486725663716816,0.44247787610619466,0.5309734513274336,0.39823008849557523,0.8849557522123893,2.1238938053097343,0.8849557522123893
Pau Cubarsí,Barcelona,ESP-La Liga,19-231,ESP,DF,7120.0,5.0,0.025,2.525,0.012640449438202249,0.037921348314606744,0.012640449438202249,0.0,0.13904494382022473,0.0,0.8342696629213484,0.2654494382022472,0.012640449438202249,0.037921348314606744,0.7837078651685393,0.8595505617977528,0.29073033707865165,0.025280898876404497
Pau Navarro,Villarreal,ESP-La Liga,20,ESP,DF,2837.0,50.0,0.0,2.035,0.0,0.0,0.0,0.0,0.15861825872400423,0.0,1.3958406767712372,0.6027493831512161,0.031723651744800845,0.15861825872400423,0.6979203383856186,1.649629890729644,0.09517095523440253,0.06344730348960169
Pau Torres,Villarreal,ESP-La Liga,25,ESP,DF,9377.0,26.4,0.05,1.452,0.02879385731044044,0.0,0.02879385731044044,0.0,0.13437133411538874,0.0,0.5086914791511145,0.37432014503572575,0.01919590487362696,0.2015570011730831,0.44150581209342005,0.6622587181401302,0.3935160499093527,0.13437133411538874
Paul Jaeckel,Union Berlin,Unknown,25,GER,DF,1430.0,50.0,0.25,1.585,0.06293706293706294,0.0,0.06293706293706294,0.0,0.2517482517482518,0.06293706293706294,1.006993006993007,0.3146853146853147,0.0,0.1888111888111888,1.4475524475524475,1.1958041958041958,0.1258741258741259,0.1258741258741259
Paul Joly,Auxerre,FRA-Ligue 1,24,FRA,"DF,MF",1876.0,25.0,0.0,0.97,0.0,0.04797441364605544,0.0,0.0,0.23987206823027718,0.04797441364605544,0.8155650319829424,1.727078891257996,0.0,4.365671641791045,2.2547974413646057,2.5906183368869935,0.8155650319829424,0.23987206823027718
Paul Nebel,Mainz 05,Unknown,22,GER,MF,4418.0,32.95,0.195,1.395,0.3055681303757356,0.12222725215029426,0.3055681303757356,0.0,0.14259846084200997,0.06111362607514713,1.3444997736532367,1.1815301041195112,0.16296966953372566,4.88909008601177,0.5296514259846085,1.1611588954277954,1.5482118605703936,0.5296514259846085
Paul Onuachu,Southampton,ENG-Premier League,30,NGA,FW,1457.0,44.8,0.06,0.405,0.24708304735758407,0.06177076183939602,0.24708304735758407,0.0,0.24708304735758407,0.0,2.594371997254633,1.2971859986273164,0.9883321894303363,0.0,0.06177076183939602,0.24708304735758407,2.7796842827728208,1.2354152367879203
Paul Wanner,Heidenheim,Unknown,18,AUT,"MF,FW",1796.0,12.0,0.06,1.8599999999999999,0.15033407572383073,0.10022271714922049,0.10022271714922049,0.05011135857461024,0.15033407572383073,0.0,1.2026726057906458,0.9020044543429845,0.05011135857461024,2.706013363028953,0.15033407572383073,1.4532293986636973,1.2527839643652563,0.30066815144766146
Paulo Azzi,Cagliari,ITA-Serie A,30,BRA,MF,1376.0,23.3,0.0,0.645,0.0,0.0,0.0,0.0,0.19622093023255813,0.0,0.6540697674418604,0.45784883720930236,0.2616279069767442,4.6438953488372094,1.3735465116279069,1.3081395348837208,1.9622093023255816,0.3270348837209302
Paulo Dybala,Roma,ITA-Serie A,32-299,ARG,"MF,FW",6720.0,37.019999999999996,0.11399999999999999,2.036,0.4419642857142857,0.375,0.24107142857142858,0.20089285714285712,0.13392857142857142,0.0,0.5491071428571429,2.8125,0.26785714285714285,4.660714285714286,0.22767857142857145,0.41517857142857145,3.0803571428571432,1.1651785714285714
Paulo Otávio,Wolfsburg,Unknown,27,BRA,DF,2041.0,5.3,0.0,1.44,0.0,0.22048015678588925,0.0,0.0,0.308672219500245,0.0,1.1024007839294463,1.763841254287114,0.0,3.0426261636452723,1.190592846643802,2.028417442430181,0.8378245957863791,0.04409603135717785
Pavel Kadeřábek,Hoffenheim,Unknown,32,CZE,"MF,DF",5653.0,21.3,0.14,1.0666666666666667,0.09552450026534583,0.07960375022112152,0.09552450026534583,0.0,0.22289050061914029,0.0,0.9870865027419069,0.6049885016805236,0.11144525030957014,3.9324252609234036,0.9074827525207855,0.8597205023881126,0.6686715018574209,0.15920750044224305
Pavel Šulc,Lyon,FRA-Ligue 1,25-255,CZE,MF,1671.0,70.45,0.125,2.0700000000000003,0.59245960502693,0.26929982046678635,0.59245960502693,0.0,0.16157989228007183,0.0,1.6157989228007181,0.8078994614003591,0.32315978456014366,0.7540394973070017,0.32315978456014366,0.7540394973070017,2.423698384201077,1.0233393177737882
Paweł Dawidowicz,Hellas Verona,ITA-Serie A,29,POL,"DF,MF",5620.0,9.766666666666666,0.03,1.0666666666666667,0.01601423487544484,0.01601423487544484,0.01601423487544484,0.0,0.28825622775800713,0.03202846975088968,1.697508896797153,0.5284697508896797,0.01601423487544484,0.2402135231316726,1.0569395017793595,1.3131672597864767,0.3843416370106762,0.048042704626334524
Pedri,Barcelona,ESP-La Liga,23-289,ESP,MF,8721.0,41.2,0.21200000000000002,2.504,0.17543859649122806,0.18575851393188852,0.17543859649122806,0.0,0.10319917440660475,0.010319917440660475,0.3921568627450981,1.671826625386997,0.0825593395252838,1.1145510835913313,0.8359133126934984,1.1661506707946336,0.8875128998968008,0.3921568627450981
Pedro,Lazio,ITA-Serie A,38,ESP,"FW,MF",4798.0,42.675,0.17,1.705,0.3751563151313047,0.13130471029595664,0.30012505210504375,0.07503126302626094,0.2063359733222176,0.0,1.2380158399333054,1.8570237598999584,0.18757815756565235,2.79491454772822,0.2626094205919133,1.0504376823676531,2.138390996248437,0.9191329720716965
Pedro Bigas,Elche,ESP-La Liga,35-360,ESP,DF,4244.0,55.46666666666667,0.03333333333333333,0.62,0.02120640904806786,0.06361922714420358,0.02120640904806786,0.0,0.19085768143261073,0.06361922714420358,0.8906691800188502,0.7634307257304429,0.0,0.6786050895381716,1.3572101790763431,0.8906691800188502,0.6998114985862394,0.2544769085768143
Pedro Chirivella,Nantes,FRA-Ligue 1,27,ESP,MF,6970.0,30.53333333333333,0.02,0.9866666666666667,0.01291248206599713,0.05164992826398852,0.01291248206599713,0.0,0.15494978479196556,0.0,0.9167862266857963,0.7230989956958392,0.02582496413199426,0.7747489239598278,0.9684361549497849,1.0200860832137733,0.5294117647058824,0.1678622668579627
Pedro Díaz,Rayo Vallecano,ESP-La Liga,28-097,ESP,MF,3218.0,12.866666666666667,0.03,1.1966666666666665,0.0839030453697949,0.02796768178993163,0.0839030453697949,0.0,0.11187072715972653,0.0,0.8390304536979492,0.5873213175885643,0.0,2.321317588564326,0.47545059042883775,1.1746426351771286,2.1814791796146675,0.3915475450590429
Pedro Neto,Chelsea,ENG-Premier League,26-185,POR,MF,7542.0,31.6,0.098,1.516,0.1431980906921241,0.25059665871121717,0.1431980906921241,0.0,0.2028639618138425,0.011933174224343677,0.7517899761336515,1.1336515513126493,0.15513126491646778,6.217183770883055,0.31026252983293556,0.38186157517899766,1.9331742243436754,0.5608591885441527
Pedro Obiang,Sassuolo,ITA-Serie A,31,EQG,MF,1329.0,0.0,0.0,1.1099999999999999,0.0,0.06772009029345372,0.0,0.0,0.20316027088036115,0.0,1.6930022573363432,0.744920993227991,0.0,0.13544018058690743,1.0158013544018059,1.3544018058690745,0.6094808126410836,0.0
Pedro Pereira,Monza,ITA-Serie A,26,POR,"MF,DF",3506.0,23.1,0.04,0.765,0.025670279520821446,0.12835139760410724,0.025670279520821446,0.0,0.3337136337706788,0.0,1.5145464917284654,0.3080433542498574,0.025670279520821446,2.4386765544780373,0.6930975470621792,1.1038220193953223,0.41072447233314313,0.1540216771249287
Pedro Porro,Tottenham,ENG-Premier League,26-362,ESP,"MF,DF",9806.0,22.34,0.052000000000000005,1.154,0.08260248827248623,0.16520497654497246,0.08260248827248623,0.0,0.16520497654497246,0.0,0.9820518050173364,0.9636956965123394,0.03671221700999388,6.580664899041404,1.0371201305323272,1.6245156026922292,1.4317764633897614,0.3304099530899449
Pelly Ruddock Mpanzu,Luton Town,ENG-Premier League,30,COD,MF,1101.0,9.1,0.0,0.7,0.0,0.0,0.0,0.0,0.08174386920980926,0.0,0.7356948228882834,1.2261580381471389,0.0,0.8174386920980927,0.7356948228882834,0.40871934604904636,0.8991825613079019,0.08174386920980926
Pep Chavarría,Rayo Vallecano,ESP-La Liga,27,ESP,DF,6876.0,12.440000000000001,0.03,1.44,0.02617801047120419,0.07853403141361257,0.02617801047120419,0.0,0.2094240837696335,0.02617801047120419,1.0863874345549738,1.1256544502617802,0.13089005235602094,3.4031413612565444,0.9554973821989529,1.1518324607329842,0.5497382198952879,0.10471204188481675
Pepín,Monza,ITA-Serie A,26,EQG,MF,1364.0,15.0,0.0,1.28,0.0,0.13196480938416422,0.0,0.0,0.3958944281524927,0.0,1.3856304985337244,1.187683284457478,0.0,0.9897360703812317,0.9237536656891495,1.3196480938416424,0.9897360703812317,0.19794721407624635
Peque,Sevilla,ESP-La Liga,23-341,ESP,MF,2273.0,37.03333333333333,0.11666666666666665,1.3966666666666665,0.15838099428068633,0.07919049714034317,0.11878574571051473,0.03959524857017158,0.3563572371315442,0.0,1.702595688517378,3.1676198856137265,0.23757149142102946,1.6234051913770349,0.4355477342718874,0.5543334799824021,1.5838099428068633,0.5147382314122305
Pere Milla,Espanyol,ESP-La Liga,33-352,ESP,"FW,MF",4305.0,27.925,0.14,1.03,0.3344947735191638,0.041811846689895474,0.27177700348432055,0.0627177700348432,0.3554006968641115,0.020905923344947737,1.024390243902439,1.9651567944250872,0.5435540069686411,1.358885017421603,0.6062717770034843,1.024390243902439,2.21602787456446,0.7735191637630663
Perr Schuurs,Torino,ITA-Serie A,23,NED,DF,3096.0,10.7,0.07,1.2149999999999999,0.029069767441860465,0.05813953488372093,0.029069767441860465,0.0,0.20348837209302323,0.0,1.1337209302325582,0.11627906976744186,0.05813953488372093,0.11627906976744186,1.1627906976744184,1.0755813953488371,0.6104651162790697,0.05813953488372093
Pervis Estupiñán,Milan,ITA-Serie A,28-232,ECU,MF,7513.0,22.880000000000003,0.072,1.7579999999999998,0.05989617995474511,0.11979235990949022,0.05989617995474511,0.0,0.22760548382803142,0.011979235990949022,1.4494875549048316,0.8505257553573806,0.28750166378277653,3.713563157194197,1.2697990150405962,1.1979235990949022,0.9583388792759218,0.25156395580992946
Petar Stojanović,Empoli,ITA-Serie A,28,SVN,"DF,MF",1533.0,10.0,0.0,2.02,0.0,0.05870841487279843,0.0,0.0,0.1761252446183953,0.0,0.7045009784735812,0.8806262230919765,0.0,2.1135029354207435,0.6457925636007827,1.3502935420743638,0.5870841487279843,0.11741682974559686
Petar Sučić,Inter,ITA-Serie A,22-320,CRO,MF,1911.0,13.65,0.045,2.605,0.09419152276295134,0.09419152276295134,0.09419152276295134,0.0,0.23547880690737832,0.0,1.41287284144427,1.2715855572998431,0.0,2.1664050235478807,0.42386185243328095,1.2715855572998431,1.0361067503924648,0.282574568288854
Peter González,Getafe,ESP-La Liga,22,DOM,MF,1126.0,34.3,0.0,0.7,0.0,0.0,0.0,0.0,0.15985790408525755,0.0,1.5985790408525753,1.678507992895204,0.23978685612788633,2.5577264653641207,0.9591474245115453,0.7992895204262876,2.3179396092362343,0.7992895204262876
Phil Foden,Manchester City,ENG-Premier League,26-105,ENG,MF,8758.0,34.86,0.13599999999999998,2.238,0.4521580269467915,0.236355332267641,0.4521580269467915,0.0,0.10276318794245262,0.0,0.5240922585065083,1.644211007079242,0.17469741950216944,4.007764329755652,0.36994747659282945,0.5446448960949989,2.7335007992692395,1.0892897921899978
Phil Harres,Holstein Kiel,Unknown,22,GER,FW,1544.0,45.9,0.22,0.85,0.46632124352331605,0.05829015544041451,0.46632124352331605,0.0,0.17487046632124353,0.0,2.040155440414508,1.16580310880829,0.2914507772020725,0.34974093264248707,0.23316062176165803,0.5246113989637305,2.1567357512953365,0.9909326424870466
Philip Billing,Napoli,ITA-Serie A,28,DEN,MF,4543.0,36.025,0.10500000000000001,1.575,0.1981069777679947,0.059432093330398415,0.1981069777679947,0.0,0.1981069777679947,0.01981069777679947,1.2282632621615672,0.9707241910631742,0.059432093330398415,1.5452344265903588,1.168831168831169,1.4065595421527624,1.5650451243671584,0.5943209333039842
Philipp Förster,Bochum,Unknown,28,GER,MF,1694.0,26.0,0.09,0.9850000000000001,0.15938606847697756,0.371900826446281,0.15938606847697756,0.0,0.26564344746162927,0.0,1.806375442739079,1.168831168831169,0.0,5.419126328217237,0.6906729634002361,1.2750885478158205,1.2219598583234947,0.371900826446281
Philipp Hofmann,Bochum,Unknown,31,GER,FW,6479.0,38.03333333333333,0.10333333333333333,0.86,0.20836548850131195,0.09723722796727889,0.20836548850131195,0.0,0.13891032566754127,0.0,1.4029942892421672,1.3613211915419048,0.3333847816020991,0.23614755363482018,0.22225652106806607,0.38894891186911557,2.0141997221793484,0.7640067911714771
Philipp Lienhart,Freiburg,Unknown,30-061,AUT,DF,7993.0,19.6,0.092,1.8780000000000001,0.04503940948329789,0.0,0.04503940948329789,0.0,0.18015763793319156,0.011259852370824473,0.6755911422494683,0.7544101088452395,0.0788189665957713,0.29275616164143625,1.0922056799699738,0.6418115851369949,0.4503940948329788,0.10133867133742024
Philipp Max,Frankfurt,Unknown,29,GER,"MF,DF",2044.0,29.15,0.065,1.3599999999999999,0.04403131115459882,0.13209393346379647,0.04403131115459882,0.0,0.13209393346379647,0.0,0.5724070450097847,0.4843444227005871,0.13209393346379647,5.371819960861057,0.44031311154598823,1.2328767123287672,0.74853228962818,0.22015655577299412
Philipp Sander,Gladbach,Unknown,28-201,GER,MF,4025.0,25.46666666666667,0.04666666666666667,0.79,0.06708074534161491,0.0,0.06708074534161491,0.0,0.13416149068322983,0.0,1.0956521739130434,0.4695652173913044,0.0,1.2298136645962732,1.6770186335403727,1.431055900621118,1.0509316770186334,0.3577639751552795
Philipp Treu,Freiburg,Unknown,25-281,GER,DF,5179.0,17.2,0.02,1.7633333333333334,0.017377872176095772,0.06951148870438309,0.017377872176095772,0.0,0.06951148870438309,0.0,0.7124927592199266,1.3033404132071829,0.06951148870438309,1.6335199845530024,0.5387140374589688,1.285962541031087,0.608225526163352,0.15640084958486195
Phillip Tietz,Mainz 05,Unknown,29-063,GER,FW,6056.0,42.86,0.172,1.318,0.3418097754293263,0.11889035667107001,0.32694848084544254,0.014861294583883751,0.13375165125495375,0.0,1.7833553500660502,0.8173712021136064,0.7876486129458389,0.20805812417437253,0.2675033025099075,0.3715323645970938,2.407529722589168,0.9808454425363275
Phillipp Mwene,Mainz 05,Unknown,32-224,AUT,MF,6852.0,45.325,0.1725,1.4625,0.05253940455341506,0.11821366024518389,0.05253940455341506,0.0,0.22329246935201402,0.013134851138353765,1.0901926444833625,0.9851138353765324,0.10507880910683012,3.336252189141856,0.7224168126094571,0.9194395796847635,0.7486865148861647,0.23642732049036777
Piero Hincapié,Leverkusen,Unknown,23,ECU,DF,8526.0,33.15,0.09000000000000001,1.9333333333333333,0.05277973258268825,0.07389162561576354,0.05277973258268825,0.0,0.2638986629134412,0.03166783954961295,1.0767065446868402,1.0767065446868402,0.0211118930330753,1.0978184377199156,1.0978184377199156,1.298381421534131,0.6544686840253342,0.1900070372976777
Pierre Ekwah Elimby,Auxerre,FRA-Ligue 1,24-238,FRA,MF,2600.0,12.0,0.02,0.5,0.03461538461538462,0.0,0.03461538461538462,0.0,0.10384615384615385,0.0,1.4538461538461538,1.3153846153846154,0.0,0.17307692307692307,1.626923076923077,1.2115384615384617,0.8653846153846154,0.2076923076923077
Pierre Højbjerg,Marseille,FRA-Ligue 1,31-036,DEN,MF,10088.0,27.7,0.10400000000000001,1.6320000000000001,0.09813639968279143,0.12490087232355274,0.09813639968279143,0.0,0.1605868358445678,0.0,1.1508723235527358,1.2400872323552736,0.008921490880253766,0.535289452815226,1.2222442505947662,1.070578905630452,1.2044012688342585,0.33901665344964316
Pierre Kalulu,Juventus,ITA-Serie A,26-097,FRA,DF,8810.0,38.38,0.076,1.8920000000000001,0.04086265607264472,0.04086265607264472,0.04086265607264472,0.0,0.1021566401816118,0.02043132803632236,0.8785471055618614,0.6538024971623155,0.04086265607264472,1.583427922814983,0.8887627695800228,1.0522133938706015,0.3473325766174801,0.1021566401816118
Pierre Lees-Melou,Paris FC,FRA-Ligue 1,33-108,FRA,MF,9042.0,18.849999999999998,0.05333333333333334,1.4233333333333331,0.11944260119442601,0.09953550099535502,0.11944260119442601,0.0,0.3583278035832781,0.029860650298606503,1.532846715328467,1.6423357664233575,0.019907100199071003,1.1347047113470472,1.2641008626410086,2.050431320504313,1.5228931652289317,0.3981420039814201
Pierre-Emerick Aubameyang,Marseille,FRA-Ligue 1,36,GAB,FW,5578.0,61.2,0.13799999999999998,1.442,0.5163140910720688,0.24202223019003227,0.4517748296880602,0.0645392613840086,0.09680889207601291,0.0,0.5647185371100752,0.6292577984940839,0.5001792757260667,1.2585155969881678,0.30656149157404083,0.37110075295804945,3.323771961276443,1.6296163499462173
Pierrick Capelle,Angers,FRA-Ligue 1,38,FRA,MF,2562.0,23.5,0.0,0.88,0.0,0.1405152224824356,0.0,0.0,0.4918032786885246,0.0,2.037470725995316,0.7377049180327869,0.0351288056206089,2.3536299765807964,1.1592505854800936,1.826697892271663,1.1241217798594847,0.3161592505854801
Pietro Comuzzo,Torino,ITA-Serie A,21-202,ITA,DF,4182.0,30.0,0.2125,1.72,0.06456241032998565,0.0,0.06456241032998565,0.0,0.17216642754662842,0.0,1.1836441893830703,0.34433285509325684,0.0,0.08608321377331421,1.1621233859397417,0.860832137733142,0.34433285509325684,0.10760401721664276
Pietro Pellegri,Empoli,ITA-Serie A,23,ITA,FW,1635.0,43.6,0.22,1.3333333333333333,0.3302752293577982,0.055045871559633024,0.3302752293577982,0.0,0.4403669724770642,0.0,2.256880733944954,2.256880733944954,0.7706422018348624,0.6055045871559633,0.11009174311926605,0.27522935779816515,1.7064220183486238,0.7155963302752293
Piotr Zieliński,Inter,ITA-Serie A,32-113,POL,MF,7415.0,33.779999999999994,0.132,2.2079999999999997,0.18206338503034392,0.18206338503034392,0.1335131490222522,0.048550236008091704,0.0849629130141605,0.0,0.7646662171274443,1.0802427511800405,0.024275118004045852,3.0465273095077543,0.44908968307484826,0.679703304113284,1.6385704652730952,0.5583277140930546
Pol Lirola,Hellas Verona,ITA-Serie A,27,ESP,MF,3183.0,30.0,0.278,0.9199999999999999,0.11310084825636192,0.08482563619227144,0.11310084825636192,0.0,0.11310084825636192,0.02827521206409048,0.6786050895381716,0.7068803016022619,0.05655042412818096,2.5164938737040528,0.8765315739868049,1.0461828463713478,0.4524033930254477,0.1413760603204524
Pol Lozano,Espanyol,ESP-La Liga,26-339,ESP,MF,4152.0,13.6,0.03,1.1875,0.04335260115606936,0.04335260115606936,0.04335260115606936,0.0,0.5635838150289018,0.02167630057803468,2.6445086705202314,0.9320809248554914,0.0,1.0621387283236994,0.9754335260115606,1.170520231213873,0.5635838150289018,0.15173410404624277
Pontus Almqvist,Parma,ITA-Serie A,27-062,SWE,"FW,MF",3722.0,29.0,0.0225,0.715,0.07254164427727028,0.07254164427727028,0.07254164427727028,0.0,0.2659860290166577,0.0,1.2332079527135948,1.5717356260075228,0.09672219236969372,1.0881246641590543,0.967221923696937,1.184846856528748,1.7168189145620634,0.6528747984954326
Portu,Girona,ESP-La Liga,33,ESP,"FW,MF",4308.0,58.260000000000005,0.092,1.24,0.1671309192200557,0.20891364902506962,0.1671309192200557,0.0,0.35515320334261835,0.020891364902506964,1.3161559888579386,1.149025069637883,0.6267409470752089,3.23816155988858,0.5431754874651811,0.9610027855153204,1.128133704735376,0.5431754874651811
Prosper Peter,Angers,FRA-Ligue 1,19-032,NGA,FW,1373.0,36.96666666666667,0.07333333333333333,0.6900000000000001,0.3277494537509104,0.0,0.3277494537509104,0.0,0.06554989075018208,0.0,2.0975965040058266,2.0975965040058266,0.9832483612527312,0.0,0.26219956300072833,0.26219956300072833,1.7698470502549164,1.0487982520029133
Przemysław Frankowski,Rennes,FRA-Ligue 1,31-151,POL,DF,7889.0,34.339999999999996,0.19,1.8539999999999999,0.15971606033717836,0.11408290024084167,0.09126632019267335,0.068449740144505,0.1825326403853467,0.0,1.1750538724806694,0.5590062111801242,0.09126632019267335,6.137660032957283,1.0381543921916594,1.6199771834199517,1.0267461021675752,0.34224870072252506
Przemysław Wiśniewski,Spezia,ITA-Serie A,24,POL,DF,1003.0,50.0,0.17,0.73,0.08973080757726819,0.0,0.08973080757726819,0.0,0.2691924227318046,0.0,1.1665004985044867,0.6281156530408774,0.0,0.17946161515453637,1.2562313060817547,0.448654037886341,0.5383848454636092,0.2691924227318046
Quentin Merlin,Rennes,FRA-Ligue 1,24-117,FRA,DF,8056.0,22.25,0.025000000000000005,1.5266666666666666,0.033515392254220455,0.13406156901688182,0.033515392254220455,0.0,0.06703078450844091,0.0,0.7708540218470705,0.9719463753723933,0.12288977159880833,5.250744786494538,1.0836643495531282,1.2065541211519364,0.9607745779543198,0.27929493545183715
Quilindschy Hartman,Espanyol,ESP-La Liga,24-300,NED,DF,1830.0,16.65,0.0,0.76,0.0,0.2459016393442623,0.0,0.0,0.04918032786885246,0.0,0.7377049180327869,0.14754098360655737,0.04918032786885246,3.737704918032787,1.5737704918032787,1.5245901639344261,0.4426229508196722,0.14754098360655737
Quinten Timber,Marseille,FRA-Ligue 1,25-085,NED,MF,1223.0,6.666666666666667,0.0,1.5333333333333332,0.0,0.0,0.0,0.0,0.294358135731807,0.0,1.2510220768601799,1.6925592804578906,0.07358953393295176,0.7358953393295176,0.7358953393295176,1.3246116107931316,0.8094848732624694,0.1471790678659035
Rabby Nzingoula,Strasbourg,FRA-Ligue 1,19,FRA,MF,1873.0,43.86666666666667,0.016666666666666666,0.8266666666666667,0.04805125467164976,0.04805125467164976,0.04805125467164976,0.0,0.5766150560597971,0.04805125467164976,2.210357714895889,2.2584089695675384,0.09610250934329952,1.0571276027762946,1.6817939135077418,2.1623064602242392,1.009076348104645,0.33635878270154834
Radamel Falcao,Rayo Vallecano,ESP-La Liga,37,COL,FW,1023.0,32.5,0.08,0.99,0.26392961876832843,0.0,0.08797653958944282,0.17595307917888564,0.7038123167155426,0.0,2.6392961876832848,2.1114369501466275,1.5835777126099708,0.08797653958944282,0.4398826979472141,0.8797653958944281,3.343108504398827,1.0557184750733137
Rade Krunić,Milan,ITA-Serie A,29,BIH,MF,2344.0,10.7,0.0,1.915,0.0,0.03839590443686007,0.0,0.0,0.42235494880546076,0.0,0.9982935153583617,1.151877133105802,0.0,0.2687713310580205,0.9598976109215018,1.3438566552901023,0.6143344709897611,0.1151877133105802
Radu Drăgușin,Fiorentina,ITA-Serie A,24-219,ROU,DF,4178.0,8.7,0.024,1.016,0.0430828147438966,0.0430828147438966,0.0430828147438966,0.0,0.0861656294877932,0.0,0.861656294877932,0.7108664432742939,0.0430828147438966,0.1292484442316898,1.357108664432743,0.5385351842987075,0.6247008137865007,0.1077070368597415
Rafa Marín,Napoli,ITA-Serie A,24-114,ESP,DF,4824.0,23.275,0.05,1.68,0.01865671641791045,0.0,0.01865671641791045,0.0,0.16791044776119401,0.0,0.9888059701492538,0.5223880597014925,0.055970149253731345,0.0373134328358209,1.0261194029850746,0.8022388059701492,0.3917910447761194,0.09328358208955224
Rafa Mir,Elche,ESP-La Liga,28,ESP,"FW,MF",4245.0,39.425000000000004,0.10500000000000001,1.1,0.36042402826855124,0.04240282685512368,0.3392226148409894,0.02120141342756184,0.21201413427561835,0.0,1.7597173144876326,0.8056537102473499,0.6996466431095407,0.6996466431095407,0.2756183745583039,0.3392226148409894,3.371024734982332,1.3780918727915195
Rafael Borré,Werder Bremen,Unknown,27,COL,FW,2069.0,38.0,0.14,1.405,0.26099565007249875,0.08699855002416626,0.21749637506041564,0.04349927501208313,0.21749637506041564,0.0,1.739971000483325,0.8264862252295795,1.4354760753987432,1.4789753504108265,0.17399710004833252,1.0004833252779122,1.9574673755437408,0.7394876752054133
Rafael Leão,Milan,ITA-Serie A,26,POR,FW,9107.0,37.15,0.1375,1.79,0.4051828263972768,0.2767102229054573,0.3854178104754584,0.019765015921818382,0.2174151751400022,0.009882507960909191,0.830130668716372,1.660261337432744,0.42494784231909516,2.539804545953662,0.3261227627100033,0.3063577467881849,2.8856923245854835,1.0574283518172833
Rafael Ratão,Toulouse,FRA-Ligue 1,26,BRA,"FW,MF",1851.0,38.7,0.16,1.3,0.24311183144246354,0.19448946515397084,0.24311183144246354,0.0,0.09724473257698542,0.0,1.3614262560777959,1.6045380875202593,0.09724473257698542,2.5769854132901133,0.8752025931928687,1.701782820097245,1.5072933549432739,0.5834683954619124
Rafael Tolói,Atalanta,ITA-Serie A,33,ITA,DF,4217.0,10.333333333333334,0.023333333333333334,2.0433333333333334,0.042684372776855585,0.021342186388427793,0.042684372776855585,0.0,0.3201327958264169,0.021342186388427793,1.3018733696940954,0.5548968460991226,0.06402655916528338,0.7042921508181171,1.5793217927436567,1.2591889969172396,0.7469765235949727,0.19207967749585014
Rafel Obrador,Sassuolo,ITA-Serie A,22-198,ESP,DF,1157.0,14.3,0.07,1.69,0.07778738115816768,0.23336214347450301,0.07778738115816768,0.0,0.07778738115816768,0.0,0.5445116681071738,0.46672428694900603,0.23336214347450301,4.66724286949006,0.9334485738980121,0.7778738115816768,0.5445116681071738,0.15557476231633535
Rafik Belghali,Torino,ITA-Serie A,24-095,ALG,"DF,MF",1955.0,14.3,0.05,1.79,0.09207161125319692,0.04603580562659846,0.09207161125319692,0.0,0.2762148337595908,0.0,0.9207161125319694,0.4603580562659847,0.2762148337595908,2.9002557544757033,0.782608695652174,0.59846547314578,0.9667519181585678,0.2762148337595908
Rafik Messali,Toulouse,FRA-Ligue 1,23-135,FRA,DF,1088.0,0.0,0.0,0.9866666666666667,0.0,0.08272058823529412,0.0,0.0,0.16544117647058823,0.0,1.9025735294117647,1.6544117647058825,0.08272058823529412,2.3988970588235294,1.9852941176470589,1.3235294117647058,0.33088235294117646,0.0
Ragnar Ache,Köln,Unknown,28-044,GER,FW,1856.0,21.15,0.065,1.2650000000000001,0.3394396551724138,0.1939655172413793,0.3394396551724138,0.0,0.14547413793103448,0.0,0.872844827586207,1.6002155172413794,0.4849137931034483,0.04849137931034483,0.1939655172413793,0.3879310344827586,2.6670258620689657,1.066810344827586
Raheem Sterling,Arsenal,ENG-Premier League,29,ENG,"FW,MF",4368.0,27.866666666666664,0.10000000000000002,1.54,0.28846153846153844,0.18543956043956045,0.28846153846153844,0.0,0.24725274725274726,0.0,1.401098901098901,1.668956043956044,0.5151098901098901,2.5137362637362637,0.22664835164835168,0.47390109890109894,2.142857142857143,0.8035714285714285
Rahim Bonkano,Bologna,ITA-Serie A,24-252,NIG,DF,1848.0,0.0,0.0,0.64,0.0,0.0,0.0,0.0,0.09740259740259741,0.0,0.6331168831168832,0.4383116883116883,0.4383116883116883,3.4577922077922074,1.5097402597402598,0.974025974025974,0.2435064935064935,0.0
Ramon Hendriks,Stuttgart,Unknown,25-054,NED,DF,3282.0,6.666666666666667,0.0,1.5966666666666667,0.0,0.1096892138939671,0.0,0.0,0.16453382084095064,0.0,0.7952468007312614,1.1517367458866545,0.0,0.9323583180987203,1.0420475319926874,0.712979890310786,0.2742230347349177,0.027422303473491776
Ramy Bensebaini,Dortmund,Unknown,30,ALG,DF,7066.0,21.950000000000003,0.1225,1.815,0.1528446079818851,0.11463345598641381,0.10189640532125671,0.050948202660628356,0.29295216529861307,0.025474101330314178,1.248230965185395,1.4392867251627512,0.050948202660628356,1.248230965185395,1.1972827625247664,1.0699122558731955,1.1972827625247664,0.3056892159637702
Ramón Terrats,Getafe,ESP-La Liga,25-327,ESP,MF,4551.0,19.514285714285712,0.049999999999999996,1.3928571428571428,0.11865524060646011,0.11865524060646011,0.11865524060646011,0.0,0.15820698747528017,0.0,1.3843111404087014,1.8984838497033618,0.11865524060646011,2.5313117996044827,0.6921555702043507,1.067897165458141,1.4831905075807514,0.41529334212261043
Randal Kolo Muani,Frankfurt,Unknown,24,FRA,FW,7504.0,37.614285714285714,0.16428571428571428,1.5542857142857145,0.39578891257995735,0.22787846481876334,0.3478144989339019,0.04797441364605544,0.11993603411513859,0.01199360341151386,2.0509061833688698,1.8110341151385927,0.47974413646055436,0.7436034115138592,0.15591684434968017,0.5397121535181237,2.086886993603412,0.8755330490405118
Randy Nteka,Rayo Vallecano,ESP-La Liga,28-278,ANG,FW,3071.0,33.016666666666666,0.08166666666666667,1.125,0.20514490394008467,0.029306414848583526,0.17583848909150115,0.029306414848583526,0.3809833930315858,0.029306414848583526,2.842722240312602,1.7583848909150113,0.8498860306089222,0.2344513187886682,0.41028980788016933,0.7619667860631716,1.9049169651579292,0.732660371214588
Rani Khedira,Union Berlin,Unknown,32-226,TUN,"MF,FW",9958.0,19.28,0.074,1.172,0.0723036754368347,0.018075918859208676,0.0723036754368347,0.0,0.2440249045993171,0.009037959429604338,1.5726049407511549,0.5784294034946776,0.03615183771841735,0.5784294034946776,1.337617995581442,1.2201245229965858,0.5784294034946776,0.13556939144406507
Ransford Königsdörffer,Mainz 05,Unknown,24-362,GHA,"FW,MF",2375.0,41.9,0.29,1.56,0.22736842105263158,0.037894736842105266,0.22736842105263158,0.0,0.07578947368421053,0.0,1.0231578947368423,1.2505263157894737,1.0610526315789475,0.8715789473684211,0.22736842105263158,0.18947368421052632,2.5389473684210526,0.8715789473684211
Raoul Bellanova,Atalanta,ITA-Serie A,26-116,ITA,DF,7511.0,16.783333333333335,0.005,1.5433333333333332,0.011982425775529224,0.20370123818399682,0.011982425775529224,0.0,0.13180668353082145,0.0,0.46731460524563967,1.3180668353082148,0.07189455465317535,5.463986153641326,0.6350685661030488,0.6710158434296365,0.8148049527359873,0.16775396085740912
Raphaël Guerreiro,Bayern Munich,Unknown,31,POR,MF,5837.0,43.225,0.225,2.3075,0.2467020729826966,0.2775398321055337,0.2467020729826966,0.0,0.1233510364913483,0.0,0.3546342299126264,0.40089086859688194,0.046256638684255606,2.929587116669522,0.9097138941236936,0.9097138941236936,1.2951858831591572,0.5704985437724859
Raphaël Varane,Manchester Utd,ENG-Premier League,30,FRA,DF,3286.0,37.5,0.065,1.935,0.027388922702373707,0.0,0.027388922702373707,0.0,0.08216676810712112,0.0,0.547778454047474,0.16433353621424224,0.10955569080949483,0.027388922702373707,0.6299452221545953,0.547778454047474,0.4382227632379793,0.16433353621424224
Raphinha,Barcelona,ESP-La Liga,29-270,BRA,FW,7975.0,41.0,0.202,2.4939999999999998,0.5642633228840125,0.32727272727272727,0.48526645768025084,0.07899686520376176,0.24827586206896549,0.011285266457680252,0.7109717868338559,1.263949843260188,0.45141065830721006,6.240752351097179,0.49655172413793097,0.631974921630094,3.7241379310344827,1.3768025078369905
Rasmus Carstensen,Köln,Unknown,22,DEN,"DF,MF",1659.0,40.0,0.0,0.61,0.0,0.0,0.0,0.0,0.10849909584086799,0.054249547920433995,1.193490054249548,0.705244122965642,0.162748643761302,3.0379746835443036,1.030741410488246,1.35623869801085,0.5424954792043399,0.21699819168173598
Rasmus Højlund,Napoli,ITA-Serie A,23-218,DEN,FW,8973.0,52.9,0.252,1.452,0.3711133400200602,0.09027081243731194,0.36108324974924777,0.010030090270812437,0.06018054162487462,0.0,0.9729187562688064,1.4543630892678034,0.5817452357071213,0.24072216649949849,0.04012036108324975,0.11033099297893682,1.8856569709127384,0.9027081243731193
Rasmus Kristensen,Frankfurt,Unknown,28,DEN,"DF,MF",7755.0,36.275,0.16999999999999998,1.4075,0.12765957446808512,0.058027079303675046,0.12765957446808512,0.0,0.2205029013539652,0.01160541586073501,0.9632495164410058,0.41779497098646035,0.058027079303675046,1.9729206963249515,0.9052224371373307,1.4158607350096712,0.7079303675048356,0.25531914893617025
Rasmus Nicolaisen,Toulouse,FRA-Ligue 1,29-178,DEN,DF,9377.0,26.679999999999996,0.036,0.986,0.02879385731044044,0.02879385731044044,0.02879385731044044,0.0,0.17276314386264263,0.01919590487362696,1.0653727204862962,0.7774341473818919,0.01919590487362696,0.02879385731044044,1.3725071984643276,0.7102484803241974,0.5374853364615549,0.17276314386264263
Rassoul Ndiaye,Le Havre,FRA-Ligue 1,24-273,SEN,MF,4378.0,22.75,0.045,0.905,0.10278666057560529,0.08222932846048424,0.10278666057560529,0.0,0.16445865692096848,0.04111466423024212,0.9867519415258109,1.1512105984467793,0.16445865692096848,3.3097304705344905,0.698949291914116,1.5417999086340795,1.2951119232526267,0.32891731384193695
Rav van den Berg,Köln,Unknown,21,NED,DF,1131.0,0.0,0.0,0.93,0.0,0.07957559681697612,0.0,0.0,0.0,0.07957559681697612,0.7957559681697614,0.23872679045092837,0.07957559681697612,0.07957559681697612,1.1140583554376657,0.636604774535809,0.07957559681697612,0.0
Rayan,Bournemouth,ENG-Premier League,20-038,BRA,MF,1377.0,35.75,0.09,1.235,0.32679738562091504,0.13071895424836602,0.32679738562091504,0.0,0.06535947712418301,0.0,0.6535947712418301,0.3921568627450981,0.06535947712418301,1.7647058823529411,0.5882352941176471,0.45751633986928103,2.2875816993464055,0.7189542483660131
Rayan Aït-Nouri,Manchester City,ENG-Premier League,24,ALG,DF,7488.0,34.125,0.075,1.3,0.08413461538461539,0.1201923076923077,0.08413461538461539,0.0,0.2403846153846154,0.01201923076923077,1.0456730769230769,1.442307692307692,0.21634615384615385,2.1514423076923075,0.7692307692307693,1.6826923076923077,0.9495192307692308,0.3245192307692308
Rayan Cherki,Lyon,FRA-Ligue 1,20,FRA,"MF,FW",7592.0,36.0,0.134,1.982,0.2252370916754478,0.4386195995785037,0.2252370916754478,0.0,0.09483667017913593,0.0,0.7468387776606954,1.5766596417281349,0.11854583772391991,4.386195995785037,0.3082191780821918,0.6164383561643836,2.655426765015806,0.8653846153846154
Rayan Philippe,Paderborn 07,Unknown,25-322,FRA,FW,1332.0,47.0,0.043333333333333335,0.3333333333333333,0.33783783783783783,0.0,0.33783783783783783,0.0,0.13513513513513514,0.0,1.6891891891891893,0.6081081081081081,0.13513513513513514,2.22972972972973,0.2702702702702703,0.8783783783783784,2.77027027027027,1.1486486486486487
Rayan Raveloson,Auxerre,FRA-Ligue 1,27,MAD,"MF,DF",3155.0,24.25,0.065,1.155,0.0855784469096672,0.028526148969889066,0.0855784469096672,0.0,0.0855784469096672,0.0,0.8843106180665611,1.3407290015847861,0.028526148969889066,1.283676703645008,1.1410459587955626,0.8843106180665611,1.283676703645008,0.28526148969889065
Raúl,Osasuna,ESP-La Liga,25-311,ESP,FW,3356.0,44.175,0.13,1.2925,0.4558998808104887,0.0804529201430274,0.4558998808104887,0.0,0.21454112038140644,0.026817640047675805,1.0190703218116806,1.1531585220500595,0.6436233611442193,0.6168057210965435,0.34862932061978547,0.6436233611442193,2.762216924910608,1.3140643623361146
Raúl Albiol,Pisa,ITA-Serie A,39,ESP,DF,5838.0,16.675,0.0,1.32,0.0,0.030832476875642344,0.0,0.0,0.27749229188078106,0.0,0.8478931140801644,0.447070914696814,0.030832476875642344,0.030832476875642344,0.6628982528263104,0.6937307297019527,0.1695786228160329,0.030832476875642344
Raúl Asencio,Real Madrid,ESP-La Liga,22,ESP,DF,3378.0,30.95,0.07,2.325,0.05328596802841918,0.02664298401420959,0.05328596802841918,0.0,0.18650088809946713,0.0,0.7726465364120781,1.119005328596803,0.02664298401420959,0.02664298401420959,0.6927175843694494,0.7726465364120781,0.4529307282415631,0.13321492007104796
Raúl García,Athletic Club,ESP-La Liga,37,ESP,FW,1387.0,18.75,0.07,1.545,0.1946647440519106,0.1946647440519106,0.1946647440519106,0.0,0.4542177361211247,0.0,2.2062004325883198,1.8817591925018022,0.8435472242249459,1.2328767123287672,0.5191059841384282,0.9084354722422494,3.958183129055515,0.9733237202595529
Raúl Guti,Elche,ESP-La Liga,25,ESP,MF,1117.0,40.0,0.0,0.68,0.0,0.0,0.0,0.0,0.08057296329453895,0.0,0.6445837063563116,1.7726051924798567,0.08057296329453895,0.7251566696508506,0.6445837063563116,0.8863025962399284,1.6114592658907787,0.6445837063563116
Raúl Jiménez,Fulham,ENG-Premier League,34,MEX,FW,6924.0,36.4,0.10500000000000001,1.2275,0.36395147313691506,0.09098786828422877,0.2729636048526863,0.09098786828422877,0.1559792027729636,0.012998266897746967,1.5077989601386481,1.4298093587521663,0.7279029462738301,0.5329289428076257,0.28596187175043325,0.779896013864818,2.9896013864818025,1.0008665511265165
Raúl Moro,Osasuna,ESP-La Liga,23-279,ESP,MF,3016.0,11.866666666666667,0.03,0.6366666666666667,0.11936339522546419,0.20888594164456234,0.11936339522546419,0.0,0.05968169761273209,0.0,0.17904509283819628,0.6863395225464191,0.5072944297082228,5.281830238726791,0.32824933687002655,0.3879310344827586,1.5218832891246685,0.47745358090185674
Raúl Torrente,Le Mans,FRA-Ligue 1,24-364,ESP,DF,1310.0,0.0,0.0,0.675,0.0,0.0,0.0,0.0,0.2748091603053435,0.0,1.3740458015267174,0.549618320610687,0.06870229007633588,0.13740458015267176,0.8244274809160306,1.16793893129771,0.20610687022900764,0.0
Raúl de Tomás,Rayo Vallecano,ESP-La Liga,29,ESP,FW,2099.0,22.666666666666668,0.04,0.6166666666666667,0.21438780371605526,0.0857551214864221,0.12863268222963314,0.0857551214864221,0.3001429252024774,0.0,1.9723677941877082,2.1867555979037636,1.3720819437827536,0.6860409718913768,0.04287756074321105,0.38589804668889943,3.5159599809433066,1.2005717008099095
Reda Belahyane,Lazio,ITA-Serie A,22-101,MAR,MF,2908.0,23.8,0.0,1.2342857142857144,0.0,0.12379642365887208,0.0,0.0,0.21664374140302614,0.09284731774415404,1.6403026134800551,0.49518569463548834,0.0,0.12379642365887208,0.5880330123796423,1.547455295735901,0.3404401650618982,0.12379642365887208
Reda Khadra,Le Havre,FRA-Ligue 1,24,GER,FW,1675.0,34.06666666666667,0.013333333333333334,1.1466666666666667,0.05373134328358209,0.16119402985074627,0.05373134328358209,0.0,0.05373134328358209,0.0,0.9134328358208955,0.6985074626865672,0.05373134328358209,3.7074626865671645,0.0,0.7522388059701491,1.5582089552238805,0.8059701492537313
Reece Burke,Luton Town,ENG-Premier League,26,ENG,DF,1660.0,30.8,0.0,0.68,0.0,0.2168674698795181,0.0,0.0,0.27108433734939763,0.0,1.0843373493975905,0.6506024096385542,0.0,0.7048192771084338,1.1385542168674698,1.3012048192771084,0.7048192771084338,0.2168674698795181
Reece James,Chelsea,ENG-Premier League,26-276,ENG,MF,4892.0,27.68,0.048,1.564,0.07358953393295176,0.1471790678659035,0.07358953393295176,0.0,0.22076860179885527,0.03679476696647588,0.919869174161897,1.0486508585445626,0.12878168438266557,5.44562551103843,1.195829926410466,1.3062142273098938,1.1222403924775144,0.31275551921504496
Reinier,Frosinone,ITA-Serie A,21,BRA,"MF,FW",1706.0,41.45,0.17,1.1600000000000001,0.21101992966002342,0.1582649472450176,0.21101992966002342,0.0,0.21101992966002342,0.052754982415005855,1.1078546307151231,1.2661195779601409,0.1582649472450176,0.7385697538100822,0.7913247362250879,1.0550996483001172,1.2661195779601409,0.5275498241500586
Reinildo Mandava,Atlético Madrid,ESP-La Liga,30,MOZ,"DF,MF",5765.0,35.339999999999996,0.08,1.714,0.031222896790980052,0.031222896790980052,0.031222896790980052,0.0,0.2653946227233304,0.015611448395490026,1.5923677363399829,1.4674761491760624,0.031222896790980052,0.8742411101474414,1.4830875975715525,1.5767562879444927,0.24978317432784042,0.07805724197745013
Reiss Nelson,Brentford,ENG-Premier League,25,ENG,"FW,MF",1096.0,30.660000000000004,0.066,2.12,0.3284671532846715,0.3284671532846715,0.3284671532846715,0.0,0.16423357664233576,0.0,1.6423357664233575,1.8065693430656935,0.08211678832116788,4.352189781021898,0.4927007299270073,1.2317518248175183,2.70985401459854,1.2317518248175183
Remi Oudin,Lecce,ITA-Serie A,27,FRA,MF,3439.0,30.333333333333332,0.056666666666666664,0.93,0.15702239022971795,0.05234079674323931,0.15702239022971795,0.0,0.18319278860133761,0.0,0.7327711544053505,0.680430357662111,0.10468159348647862,7.563245129398081,1.360860715324222,0.7589415527769701,1.9627798778714742,0.5757487641756325
Remo Freuler,Bologna,ITA-Serie A,33,SUI,MF,10202.0,19.275,0.065,1.4775,0.02646539894138404,0.044108998235640066,0.02646539894138404,0.0,0.21172319153107233,0.0,1.1821211527151538,0.608704175651833,0.01764359929425603,0.4499117820035287,1.1115467555381298,1.296804548127818,0.4146245834150166,0.08821799647128013
Renan Lodi,Marseille,FRA-Ligue 1,25,BRA,"DF,MF",3449.0,16.65,0.0,1.375,0.0,0.02609452015076834,0.0,0.0,0.3392287619599884,0.0,1.4351986082922585,1.5395766888953322,0.07828356045230501,3.7837054218614092,1.2786314873876485,1.5134821687445639,0.5479849231661351,0.05218904030153668
Renato Tapia,Leganés,ESP-La Liga,29,PER,"MF,DF",5212.0,22.733333333333334,0.023333333333333334,1.09,0.017267843438219493,0.0,0.017267843438219493,0.0,0.36262471220260933,0.03453568687643899,1.5886415963161933,1.329623944742901,0.017267843438219493,0.5525709900230238,1.2087490406753645,1.5886415963161933,0.8288564850345357,0.17267843438219493
Renato Veiga,Augsburg,Unknown,19,POR,DF,4754.0,21.66,0.0,1.512,0.0,0.018931426167437947,0.0,0.0,0.22717711400925536,0.018931426167437947,1.022297013041649,0.2650399663441313,0.09465713083718974,0.18931426167437948,1.1358855700462769,0.6247370635254523,0.6436684896928901,0.17038283550694153
Renaud Ripart,Troyes,FRA-Ligue 1,33-180,FRA,FW,1559.0,36.7,0.115,1.03,0.28864656831302116,0.05772931366260423,0.23091725465041693,0.05772931366260423,0.23091725465041693,0.0,1.5586914688903142,1.7896087235407314,0.3463758819756254,1.3855035279025016,0.5195638229634381,1.6164207825529187,2.713277742142399,0.981398332264272
Riad Nouri,Ajaccio,FRA-Ligue 1,37,FRA,MF,1693.0,29.4,0.06,0.76,0.05316007088009451,0.05316007088009451,0.05316007088009451,0.0,0.15948021264028353,0.0,0.8505611340815121,0.7974010632014177,0.37212049616066156,4.518606024808033,0.6910809214412286,0.6379208505611341,0.9037212049616067,0.2658003544004725
Ricard Sánchez,Granada,ESP-La Liga,23,ESP,DF,2295.0,35.7,0.21,0.42,0.11764705882352941,0.0,0.11764705882352941,0.0,0.3137254901960784,0.0,1.0588235294117647,0.823529411764706,0.19607843137254904,3.2549019607843137,0.5098039215686274,0.7058823529411764,0.5490196078431372,0.19607843137254904
Ricardo Rodríguez,Torino,ITA-Serie A,30,SUI,"DF,MF",8263.0,18.65,0.0225,1.6275,0.010891927871233208,0.04356771148493283,0.010891927871233208,0.0,0.07624349509863246,0.0,0.7951107346000242,0.30497398039452983,0.010891927871233208,1.6991407479123806,0.8822461575698899,0.9802735084109887,0.32675783613699627,0.07624349509863246
Riccardo Calafiori,Bologna,ITA-Serie A,21,ITA,DF,5268.0,36.325,0.0875,2.35,0.08542141230068337,0.17084282460136674,0.08542141230068337,0.0,0.22209567198177677,0.0,1.3325740318906607,0.7517084282460137,0.17084282460136674,0.7175398633257404,1.2471526195899774,1.1788154897494305,1.0763097949886105,0.3587699316628702
Riccardo Marchizza,Frosinone,ITA-Serie A,25,ITA,DF,1431.0,18.75,0.0,1.54,0.0,0.31446540880503143,0.0,0.0,0.12578616352201258,0.0,0.8176100628930817,0.18867924528301888,0.06289308176100629,2.5786163522012577,0.5660377358490566,0.5031446540880503,0.5031446540880503,0.18867924528301888
Riccardo Orsolini,Bologna,ITA-Serie A,29-229,ITA,MF,7984.0,30.02,0.122,1.254,0.5185370741482965,0.12399799599198398,0.38326653306613223,0.13527054108216433,0.15781563126252504,0.02254509018036072,1.1610721442885772,1.9726953907815632,0.7101703406813626,3.539579158316633,0.3607214428857715,0.6988977955911824,3.471943887775551,1.285070140280561
Riccardo Saponara,Hellas Verona,ITA-Serie A,31,ITA,"MF,FW",1550.0,28.9,0.055,1.315,0.23225806451612904,0.17419354838709677,0.23225806451612904,0.0,0.23225806451612904,0.0,0.8709677419354839,1.4516129032258065,0.40645161290322585,2.264516129032258,0.2903225806451613,0.34838709677419355,2.4387096774193546,0.8709677419354839
Riccardo Sottil,Lecce,ITA-Serie A,26,ITA,"FW,MF",3958.0,23.720000000000002,0.032,1.3880000000000001,0.09095502779181405,0.1819100555836281,0.09095502779181405,0.0,0.09095502779181405,0.0,0.6821627084386054,2.8196058615462354,0.3865588681152097,5.093481556341587,0.20464881253158163,0.3410813542193027,2.2511369378473978,0.6821627084386054
Richarlison,Tottenham,ENG-Premier League,29-123,BRA,FW,5036.0,35.339999999999996,0.128,1.106,0.48252581413820494,0.21445591739475775,0.48252581413820494,0.0,0.23232724384432088,0.0,1.1616362192216045,1.7692613185067516,0.607625099285147,1.0007942811755361,0.35742652899126287,0.8220810166799046,2.966640190627482,1.2867355043685464
Rick Karsdorp,Roma,ITA-Serie A,28,NED,"MF,DF",1902.0,6.25,0.0,1.8,0.0,0.0946372239747634,0.0,0.0,0.0946372239747634,0.0,0.6151419558359621,0.42586750788643535,0.0473186119873817,1.9873817034700316,0.7570977917981072,1.4668769716088328,0.47318611987381703,0.0473186119873817
Rico Henry,Brentford,ENG-Premier League,29-064,JAM,"DF,MF",5069.0,3.6399999999999997,0.0,1.47,0.0,0.07101992503452358,0.0,0.0,0.12428486881041625,0.0,0.9410140067074374,1.0830538567764845,0.10652988755178537,2.2726376011047544,0.7812191753797594,0.852239100414283,0.514894456500296,0.07101992503452358
Rico Lewis,Manchester City,ENG-Premier League,21-293,ENG,DF,4068.0,48.0,0.1,2.218,0.0663716814159292,0.0663716814159292,0.0663716814159292,0.0,0.19911504424778761,0.022123893805309734,0.7743362831858408,1.8141592920353984,0.0,0.37610619469026546,0.6858407079646018,0.84070796460177,0.5309734513274336,0.19911504424778761
Ridgeciano Haps,Venezia,ITA-Serie A,33-090,SUR,MF,2308.0,40.0,0.023333333333333334,0.6066666666666667,0.0389948006932409,0.0779896013864818,0.0389948006932409,0.0,0.1559792027729636,0.0,0.7019064124783362,1.4038128249566724,0.0779896013864818,1.8717504332755635,0.6629116117850954,0.9358752166377817,0.779896013864818,0.1559792027729636
Ridle Baku,RB Leipzig,Unknown,28-155,GER,DF,9704.0,33.15,0.15333333333333335,1.445,0.12984336356141798,0.09274525968672712,0.12984336356141798,0.0,0.15766694146743612,0.0,0.9274525968672712,1.066570486397362,0.1391178895300907,2.411376751854905,0.9460016488046167,1.1500412201154164,1.159315746084089,0.37098103874690846
Ritsu Doan,Frankfurt,Unknown,28-086,JPN,MF,9982.0,34.62,0.11200000000000002,1.2,0.24343818873973153,0.1622921258264877,0.24343818873973153,0.0,0.10819475055099177,0.0,0.9737527549589261,1.6139050290522943,0.17130835503907033,2.5515928671608896,0.49589260669204566,1.081947505509918,1.776197154878782,0.7573632538569425
Riyad Mahrez,Manchester City,ENG-Premier League,31,ALG,"MF,FW",1920.0,30.2,0.12,2.5,0.234375,0.46875,0.1875,0.046875,0.09375,0.0,0.796875,1.921875,0.328125,4.5,0.421875,0.609375,2.015625,0.609375
Robert Andrich,Leverkusen,Unknown,31-353,GER,"DF,MF",8260.0,23.580000000000002,0.10200000000000001,2.248,0.1089588377723971,0.06537530266343825,0.1089588377723971,0.0,0.261501210653753,0.010895883777239709,1.2857142857142856,0.8062953995157386,0.0,0.4685230024213075,1.3184019370460047,1.0569007263922519,0.937046004842615,0.28329297820823246
Robert Gumny,Augsburg,Unknown,26,POL,MF,2767.0,38.86666666666667,0.03666666666666667,0.8999999999999999,0.03252620166245031,0.06505240332490062,0.03252620166245031,0.0,0.32526201662450305,0.03252620166245031,1.4311528731478136,0.8782074448861582,0.03252620166245031,1.3010480664980122,1.0733646548608602,1.0733646548608602,0.5204192265992049,0.19515720997470185
Robert Lewandowski,Barcelona,ESP-La Liga,36,POL,FW,9928.0,44.225,0.20500000000000002,2.29,0.7524174053182917,0.17224012892828364,0.6798952457695406,0.072522159548751,0.10878323932312652,0.009065269943593876,0.951853344077357,1.459508460918614,0.72522159548751,0.38980660757453667,0.16317485898468978,0.20850120870265915,3.6804995970991135,1.6136180499597097
Robert Skov,Union Berlin,Unknown,29,DEN,"DF,MF",3681.0,22.825,0.07,1.01,0.19559902200488996,0.19559902200488996,0.12224938875305624,0.07334963325183373,0.09779951100244498,0.0,1.2469437652811735,1.3202933985330074,0.07334963325183373,5.427872860635697,0.7090464547677261,1.0268948655256724,2.224938875305624,0.6601466992665037
Roberto Firmino,Liverpool,ENG-Premier League,30,BRA,FW,1213.0,64.1,0.28,1.64,0.8161582852431987,0.2967848309975268,0.8161582852431987,0.0,0.0,0.0,0.6677658697444353,0.4451772464962902,0.37098103874690846,0.8903544929925804,0.5193734542456719,0.964550700741962,2.893652102225886,1.8549051937345424
Roberto Férnandez,Espanyol,ESP-La Liga,24-069,ESP,FW,4231.0,38.4,0.24666666666666667,1.1933333333333334,0.34034507208697706,0.0638147010163082,0.31907350508154103,0.021271567005436066,0.08508626802174427,0.0,1.552824391396833,1.6804537934294492,0.38288820609784924,0.2552588040652328,0.21271567005436068,0.23398723705979674,1.89316946348381,0.7445048451902623
Roberto Gagliardini,Cagliari,ITA-Serie A,32-156,ITA,MF,5612.0,11.5,0.02,1.542,0.03207412687099073,0.03207412687099073,0.03207412687099073,0.0,0.3207412687099074,0.016037063435495366,1.5555951532430505,1.1546685673556665,0.016037063435495366,0.5292230933713471,1.5074839629365644,1.2027797576621526,1.0744832501781896,0.22451888809693515
Roberto Navarro,Athletic Club,ESP-La Liga,24-151,ESP,MF,4993.0,45.519999999999996,0.176,1.468,0.18025235329461245,0.036050470658922494,0.18025235329461245,0.0,0.1261766473062287,0.018025235329461247,1.0094131784498297,1.2797917083917485,0.2703785299419187,4.001602243140397,0.8471860604846785,1.2076907670739034,1.5321450030042059,0.5948327658722211
Roberto Pereyra,Udinese,ITA-Serie A,32,ARG,"FW,MF",4678.0,36.3,0.13,1.07,0.1731509191962377,0.19238991021804192,0.1539119281744335,0.019238991021804187,0.2501068832834545,0.0,1.0389055151774262,1.519880290722531,0.1539119281744335,1.8469431380932022,0.4424967935014964,0.615647712697734,1.3467293715262934,0.500213766566909
Roberto Piccoli,Bologna,ITA-Serie A,25-226,ITA,FW,7132.0,32.957142857142856,0.0842857142857143,0.6900000000000001,0.2776219854178351,0.025238362310712283,0.2523836231071228,0.025238362310712283,0.16404935501962983,0.0,1.6909702748177229,1.4890633763320247,0.7697700504767246,0.2776219854178351,0.15143017386427368,0.2523836231071228,2.8519349411104877,0.984296130117779
Roberto Soriano,Bologna,ITA-Serie A,31,ITA,MF,1326.0,15.4,0.08,1.59,0.06787330316742082,0.20361990950226247,0.06787330316742082,0.0,0.06787330316742082,0.0,1.3574660633484164,2.239819004524887,0.13574660633484165,0.746606334841629,0.5429864253393666,1.1538461538461537,0.8823529411764706,0.13574660633484165
Robin Fellhauer,Augsburg,Unknown,28-232,GER,MF,2934.0,35.0,0.15000000000000002,2.13,0.12269938650306748,0.06134969325153374,0.12269938650306748,0.0,0.06134969325153374,0.0,0.7668711656441718,1.0122699386503067,0.2147239263803681,2.914110429447853,0.736196319018405,1.3190184049079754,1.0736196319018405,0.3374233128834356
Robin Gosens,Schalke 04,Unknown,32-067,GER,DF,8052.0,20.7,0.11666666666666665,1.2183333333333335,0.19001490312965724,0.10059612518628912,0.19001490312965724,0.0,0.22354694485842028,0.011177347242921014,1.1177347242921014,0.8494783904619971,0.35767511177347244,2.391952309985097,1.1400894187779433,1.3412816691505216,1.1400894187779433,0.3353204172876304
Robin Hack,Gladbach,Unknown,28-014,GER,MF,3925.0,32.25,0.0975,0.9275,0.34394904458598724,0.20636942675159234,0.34394904458598724,0.0,0.16050955414012738,0.0,0.940127388535032,1.0547770700636943,0.45859872611464964,2.843312101910828,0.5732484076433121,0.7337579617834394,2.591082802547771,1.1464968152866242
Robin Hranáč,Hoffenheim,Unknown,26-224,CZE,DF,2520.0,12.5,0.043333333333333335,0.6566666666666666,0.03571428571428571,0.0,0.03571428571428571,0.0,0.17857142857142855,0.0,1.1071428571428572,0.3571428571428571,0.0,0.2142857142857143,0.9285714285714286,0.6071428571428572,0.3214285714285714,0.10714285714285715
Robin Knoche,Union Berlin,Unknown,31,GER,DF,4790.0,35.0,0.165,1.51,0.05636743215031315,0.05636743215031315,0.03757828810020877,0.018789144050104387,0.0939457202505219,0.0,0.4509394572025052,0.6388308977035491,0.0,0.16910229645093947,0.9206680584551148,1.033402922755741,0.33820459290187893,0.1127348643006263
Robin Koch,Frankfurt,Unknown,30-055,GER,DF,11512.0,35.92,0.092,1.212,0.06254343293954134,0.007817929117442668,0.06254343293954134,0.0,0.17981236970118136,0.007817929117442668,0.8599722029186935,0.43780403057678946,0.015635858234885336,0.07817929117442668,1.1883252258512855,0.6957956914523975,0.5941626129256428,0.1719944405837387
Robin Le Normand,Atlético Madrid,ESP-La Liga,29-303,ESP,DF,9370.0,23.560000000000002,0.096,1.8259999999999998,0.0384204909284952,0.0096051227321238,0.0384204909284952,0.0,0.3073639274279616,0.0096051227321238,1.3159018143009604,0.8836712913553896,0.0672358591248666,0.048025613660619,0.9028815368196371,0.816435432230523,0.35538954108858056,0.1056563500533618
Rocco Reitz,RB Leipzig,Unknown,24-104,GER,MF,6678.0,30.28,0.154,1.266,0.12129380053908356,0.1078167115902965,0.12129380053908356,0.0,0.14824797843665768,0.013477088948787063,1.078167115902965,1.8867924528301887,0.1078167115902965,1.6576819407008085,1.9272237196765498,1.3881401617250675,1.4285714285714284,0.48517520215633425
Rodri,Barcelona,ESP-La Liga,30-080,ESP,MF,10312.0,31.2625,0.045,1.9837500000000001,0.11346004654771141,0.15709852598913887,0.11346004654771141,0.0,0.1483708301008534,0.008727695888285493,1.0211404189294027,1.3789759503491077,0.13964313421256788,0.9775019394879753,0.7854926299456944,1.1782389449185415,1.4313421256788208,0.45384018619084565
Rodrigo,Leeds United,ENG-Premier League,31,ESP,"FW,MF",1935.0,40.3,0.19,0.87,0.6046511627906976,0.046511627906976744,0.5581395348837209,0.046511627906976744,0.27906976744186046,0.0,1.3488372093023255,0.5116279069767442,0.46511627906976744,0.9767441860465116,0.27906976744186046,0.41860465116279066,3.1162790697674416,1.255813953488372
Rodrigo Becão,Udinese,ITA-Serie A,26,BRA,DF,2484.0,26.3,0.11,1.5,0.07246376811594203,0.036231884057971016,0.07246376811594203,0.0,0.39855072463768115,0.036231884057971016,1.3768115942028987,1.1594202898550725,0.21739130434782608,0.6884057971014493,0.8333333333333333,1.4492753623188404,0.6884057971014493,0.18115942028985504
Rodrigo Bentancur,Tottenham,ENG-Premier League,29-077,URU,MF,6258.0,27.639999999999997,0.11200000000000002,1.208,0.12943432406519656,0.05752636625119847,0.12943432406519656,0.0,0.4458293384467881,0.0,1.4956855225311603,0.6184084372003835,0.028763183125599234,0.5321188878235859,1.6251198465963566,1.538830297219559,0.9923298178331735,0.3307766059443912
Rodrigo De Paul,Atlético Madrid,ESP-La Liga,30,ARG,MF,6104.0,28.3,0.12,1.9933333333333332,0.11795543905635648,0.25065530799475755,0.11795543905635648,0.0,0.28014416775884665,0.0,1.1500655307994758,2.314875491480996,0.01474442988204456,2.1969200524246397,0.3538663171690694,0.9731323722149411,1.0321100917431194,0.3096330275229358
Rodrigo Ely,Almería,ESP-La Liga,28,BRA,DF,3155.0,10.5,0.0,1.03,0.0,0.028526148969889066,0.0,0.0,0.28526148969889065,0.028526148969889066,0.7131537242472267,0.39936608557844694,0.05705229793977813,0.11410459587955626,0.8557844690966719,0.5990491283676704,0.5419968304278923,0.05705229793977813
Rodrigo Gomes,Wolves,ENG-Premier League,22,POR,"MF,FW",1770.0,36.45,0.21999999999999997,0.895,0.2542372881355932,0.0,0.2542372881355932,0.0,0.0,0.0,0.5084745762711864,0.711864406779661,0.15254237288135591,2.389830508474576,0.864406779661017,1.6271186440677967,1.3728813559322035,0.45762711864406774
Rodrigo Mendoza,Atlético Madrid,ESP-La Liga,21-179,ESP,MF,1335.0,37.166666666666664,0.03,1.5899999999999999,0.06741573033707865,0.06741573033707865,0.06741573033707865,0.0,0.40449438202247195,0.0,2.089887640449438,1.6179775280898878,0.1348314606741573,1.348314606741573,0.33707865168539325,0.9438202247191012,1.4831460674157304,0.4719101123595506
Rodrigo Muniz,Fulham,ENG-Premier League,25-129,BRA,FW,3574.0,41.7,0.0875,0.9924999999999999,0.4532736429770565,0.07554560716284275,0.4532736429770565,0.0,0.10072747621712368,0.0,1.4353665360940124,2.0900951315053162,0.302182428651371,0.12590934527140457,0.302182428651371,0.3273642977056519,3.7269166200335757,1.3346390598768887
Rodrigo Riquelme,Real Betis,ESP-La Liga,26-161,ESP,MF,5254.0,43.2,0.13799999999999998,1.8780000000000001,0.17129805862200229,0.1884278644842025,0.17129805862200229,0.0,0.06851922344880092,0.0,0.9592691282832128,1.5245527217358206,0.3254663113818044,3.545869813475447,0.5652835934526075,0.75371145793681,2.2953939855348304,0.890749904834412
Rodrigo Zalazar,Schalke 04,Unknown,22,URU,"MF,FW",1321.0,36.8,0.03,1.09,0.06813020439061317,0.408781226343679,0.06813020439061317,0.0,0.27252081756245267,0.0,1.4988644965934899,2.4526873580620743,0.27252081756245267,7.834973504920514,0.408781226343679,0.5450416351249053,2.5889477668433005,0.9538228614685844
Rodrygo,Real Madrid,ESP-La Liga,24,BRA,"MF,FW",7371.0,37.95,0.0875,2.2125,0.31746031746031744,0.25641025641025644,0.3052503052503053,0.01221001221001221,0.10989010989010989,0.0,0.5006105006105006,1.8925518925518927,0.29304029304029305,2.1245421245421245,0.3540903540903541,0.5616605616605617,3.2478632478632474,1.208791208791209
Roger Ibanez,Roma,ITA-Serie A,23,BRA,DF,2796.0,37.9,0.1,1.45,0.09656652360515021,0.0,0.09656652360515021,0.0,0.3540772532188841,0.032188841201716736,1.4163090128755365,1.5450643776824033,0.0,0.032188841201716736,2.1566523605150216,1.1266094420600858,0.9334763948497855,0.3540772532188841
Roger Martí,Cádiz,ESP-La Liga,32,ESP,FW,2653.0,29.899999999999995,0.043333333333333335,0.9366666666666665,0.10177157934413872,0.1356954391255183,0.10177157934413872,0.0,0.20354315868827744,0.0,2.5782133433848475,1.831888428194497,0.712401055408971,0.47493403693931396,0.4070863173765549,0.44101017715793445,1.831888428194497,0.5767056162834527
Rogério,Wolfsburg,Unknown,25,BRA,"DF,MF",3902.0,41.65,0.125,0.955,0.023065094823167605,0.06919528446950282,0.023065094823167605,0.0,0.11532547411583802,0.023065094823167605,0.8534085084572014,1.1532547411583804,0.0,3.1829830855971295,0.9917990773962071,0.645822655048693,0.4382368016401845,0.16145566376217324
Roland Sallai,Freiburg,Unknown,27,HUN,"DF,FW",2888.0,33.86666666666667,0.02666666666666667,1.5566666666666666,0.12465373961218837,0.15581717451523544,0.12465373961218837,0.0,0.37396121883656513,0.0,2.1814404432132966,2.2749307479224377,0.4362880886426593,3.552631578947368,0.24930747922437674,0.5609418282548477,2.835872576177285,0.9660664819944598
Rolando Mandragora,Torino,ITA-Serie A,29-073,ITA,MF,8017.0,47.36666666666667,0.11666666666666665,1.4483333333333333,0.1908444555319945,0.1459398777597605,0.16839216664587753,0.022452288886117003,0.30310589996257953,0.0,1.324685044280903,1.5716602220281901,0.0336784333291755,2.514656355245104,0.628664088811276,0.7746039665710365,1.953349133092179,0.583759511039042
Romain Del Castillo,Brest,FRA-Ligue 1,30-165,FRA,MF,7939.0,56.9,0.388,1.316,0.3400932107318302,0.23806524751228114,0.14737372465045975,0.19271948608137046,0.09069152286182139,0.011336440357727674,0.9409245496913968,1.6324474115127852,0.12470084393500441,7.6067514800352685,0.6348406600327497,1.2810177604232271,1.4737372465045975,0.6688499811059327
Romain Faivre,Auxerre,FRA-Ligue 1,28-058,FRA,FW,4670.0,36.6,0.07857142857142858,0.9,0.2505353319057816,0.19271948608137046,0.23126338329764454,0.019271948608137045,0.07708779443254818,0.0,0.7323340471092078,2.3704496788008567,0.15417558886509636,2.524625267665953,0.2890792291220557,0.6167023554603854,1.7537473233404712,0.7708779443254818
Romain Hamouma,Ajaccio,FRA-Ligue 1,35,FRA,FW,1079.0,40.0,0.13,0.63,0.16682113067655235,0.16682113067655235,0.16682113067655235,0.0,0.4170528266913809,0.16682113067655235,1.5013901760889714,1.2511584800741427,0.3336422613531047,4.5875810936051895,0.16682113067655235,0.3336422613531047,1.2511584800741427,0.5004633920296571
Romain Perraud,Lille,FRA-Ligue 1,28-353,FRA,DF,6658.0,16.28,0.052000000000000005,1.6,0.09462300991288675,0.12165815560228298,0.09462300991288675,0.0,0.27035145689396217,0.027035145689396217,1.148993691799339,1.5410033042955844,0.13517572844698109,4.095824571943527,0.9732652448182638,1.2571342745569238,1.1625112646440372,0.3109041754280565
Roman Yaremchuk,Lyon,FRA-Ligue 1,29,UKR,FW,1489.0,43.75,0.21000000000000002,1.26,0.4231027535258563,0.06044325050369376,0.4231027535258563,0.0,0.18132975151108124,0.0,0.8462055070517126,1.0275352585627937,1.2088650100738751,0.24177300201477503,0.06044325050369376,0.3022162525184688,2.0550705171255874,0.9066487575554063
Romano Floriani,Lazio,ITA-Serie A,23-226,ITA,DF,1409.0,10.0,0.0,1.875,0.0,0.063875088715401,0.0,0.0,0.19162526614620298,0.0,1.660752306600426,0.38325053229240597,0.19162526614620298,2.235628105039035,0.5748757984386089,1.085876508161817,0.38325053229240597,0.063875088715401
Romano Schmid,Werder Bremen,Unknown,25,AUT,"MF,FW",10141.0,21.7,0.068,1.374,0.12424810176511192,0.18637215264766788,0.08874864411793709,0.03549945764717483,0.15974755941228674,0.0,0.9052361700029583,1.3489793905926437,0.11537323735331821,3.3901982053051967,0.38161916970712945,0.7987377970614338,1.428853170298787,0.425993491766098
Romelu Lukaku,Napoli,ITA-Serie A,32,BEL,FW,7188.0,43.425,0.28,1.925,0.47579298831385647,0.23789649415692823,0.41318864774624375,0.06260434056761269,0.13772954924874792,0.012520868113522538,1.1018363939899833,0.7387312186978298,0.7762938230383974,0.5258764607679466,0.012520868113522538,0.11268781302170283,2.278797996661102,0.9390651085141903
Rominigue Kouamé,Troyes,FRA-Ligue 1,25,MLI,MF,3482.0,12.5,0.02,0.765,0.025847214244686962,0.025847214244686962,0.025847214244686962,0.0,0.28431935669155656,0.0,1.6283744974152785,1.4732912119471566,0.025847214244686962,0.1292360712234348,1.6025272831705917,0.9563469270534176,0.749569213095922,0.15508328546812178
Roméo Lavia,Chelsea,ENG-Premier League,22-247,BEL,MF,3623.0,25.0,0.11599999999999999,1.714,0.04968258349434171,0.024841291747170854,0.04968258349434171,0.0,0.34777808446039193,0.0,1.341429754347226,1.714049130554789,0.0,0.07452387524151255,1.4159536295887385,1.4407949213359095,0.4719845431962462,0.12420645873585426
Ronald Araújo,Barcelona,ESP-La Liga,26,URU,DF,5747.0,27.28,0.10800000000000001,2.262,0.07830172263789803,0.07830172263789803,0.07830172263789803,0.0,0.2662258569688533,0.015660344527579608,1.0805637724029928,0.516791369410127,0.015660344527579608,0.3132068905515921,0.6264137811031842,1.002262049765095,0.8926396380720376,0.2662258569688533
Ronaël Pierre-Gabriel,Nantes,FRA-Ligue 1,25,FRA,"DF,MF",1487.0,50.0,0.16666666666666666,0.9866666666666667,0.0605245460659045,0.0605245460659045,0.0605245460659045,0.0,0.484196368527236,0.0605245460659045,1.21049092131809,0.968392737054472,0.121049092131809,2.299932750504371,1.4525891055817082,2.299932750504371,0.6657700067249496,0.18157363819771352
Rony Lopes,Troyes,FRA-Ligue 1,26,POR,"MF,FW",2346.0,35.1,0.12,0.69,0.26854219948849106,0.1918158567774936,0.26854219948849106,0.0,0.07672634271099744,0.0,0.7289002557544757,1.227621483375959,0.03836317135549872,4.143222506393862,0.3452685421994885,0.49872122762148335,2.186700767263427,0.7672634271099744
Roque Mesa,Valladolid,ESP-La Liga,33,ESP,MF,1617.0,38.5,0.08,1.13,0.11131725417439704,0.05565862708719852,0.11131725417439704,0.0,0.6122448979591837,0.05565862708719852,2.1150278293135436,1.391465677179963,0.05565862708719852,0.6679035250463822,0.7235621521335807,0.9461966604823747,1.4471243042671613,0.5565862708719852
Ross Barkley,Nice,FRA-Ligue 1,28,ENG,"MF,FW",5256.0,30.560000000000002,0.11000000000000001,1.202,0.2568493150684931,0.136986301369863,0.2568493150684931,0.0,0.18835616438356162,0.0,0.958904109589041,1.1643835616438356,0.017123287671232876,1.5753424657534245,0.7534246575342465,0.7876712328767123,2.4657534246575343,0.8390410958904109
Ruan,Sassuolo,ITA-Serie A,24,BRA,DF,3227.0,24.3,0.0,0.91,0.0,0.0,0.0,0.0,0.557793616361946,0.11155872327238922,1.394484040904865,0.72513170127053,0.0,0.05577936163619461,1.282925317632476,1.1713665943600868,0.33467616981716763,0.08366904245429191
Ruben Aguilar,Lens,FRA-Ligue 1,33-137,FRA,MF,6036.0,26.74,0.064,1.504,0.05964214711729622,0.10437375745526839,0.05964214711729622,0.0,0.25347912524850896,0.014910536779324055,1.2077534791252484,0.9691848906560636,0.22365805168986083,3.757455268389662,1.1928429423459244,1.2823061630218688,0.6113320079522863,0.17892644135188865
Ruben Loftus-Cheek,Milan,ITA-Serie A,30-230,ENG,MF,5917.0,19.84,0.05,1.9280000000000002,0.13689369612979552,0.04563123204326517,0.13689369612979552,0.0,0.18252492817306068,0.0,1.4601994253844854,1.9165117458171372,0.04563123204326517,0.7605205340544194,0.4867331417948284,0.7453101233733311,1.399357782660132,0.36504985634612136
Ruben Vargas,Augsburg,Unknown,25,SUI,MF,5683.0,20.55,0.06833333333333334,1.255,0.19004047158191095,0.25338729544254796,0.17420376561675172,0.015836705965159247,0.19004047158191095,0.0,1.2352630652824212,1.156079535456625,0.4909378849199367,3.9908499032201306,0.34840753123350343,0.6493049445715291,2.185465423191976,0.5859581207108921
Rubén,Espanyol,ESP-La Liga,24,ESP,"DF,MF",1700.0,6.25,0.0,0.925,0.0,0.15882352941176472,0.0,0.0,0.15882352941176472,0.0,1.535294117647059,1.0058823529411764,0.10588235294117646,4.447058823529411,1.4294117647058822,1.3764705882352941,0.9,0.05294117647058823
Rubén Alcaraz,Cádiz,ESP-La Liga,32,ESP,MF,5177.0,22.8,0.075,1.09,0.10430751400424956,0.017384585667374927,0.034769171334749854,0.06953834266949971,0.4346146416843732,0.017384585667374927,2.2426115510913656,1.8079969094069925,0.017384585667374927,1.3907668533899942,0.8518446977013715,1.686304809735368,1.4255360247247442,0.3303071276801236
Rubén Duarte,Alavés,ESP-La Liga,27,ESP,DF,1878.0,33.3,0.13,1.07,0.09584664536741215,0.047923322683706075,0.09584664536741215,0.0,0.3354632587859425,0.0,1.4856230031948883,1.4856230031948883,0.0,3.402555910543131,0.9584664536741214,0.8146964856230032,0.7188498402555911,0.23961661341853036
Rubén García,Osasuna,ESP-La Liga,33-058,ESP,MF,7556.0,35.0,0.092,1.302,0.142932768660667,0.16675489677077818,0.142932768660667,0.0,0.13102170460561144,0.0,1.3340391741662254,1.2268395976707251,0.21439915299100054,5.729221810481737,0.6789306511381683,1.1315510852302806,1.3102170460561144,0.4287983059820011
Rubén Peña,Osasuna,ESP-La Liga,33,ESP,"FW,DF",4140.0,25.366666666666664,0.0,1.3566666666666667,0.0,0.06521739130434782,0.0,0.0,0.13043478260869565,0.021739130434782608,1.4565217391304346,0.9565217391304348,0.13043478260869565,4.717391304347826,1.1739130434782608,1.065217391304348,0.8478260869565218,0.21739130434782608
Rubén Sobrino,Cádiz,ESP-La Liga,31,ESP,"MF,FW",4111.0,25.35,0.045,1.0899999999999999,0.06567745074191195,0.06567745074191195,0.06567745074191195,0.0,0.41595718803210896,0.021892483580637313,2.1016784237411823,1.8608611043541718,0.3064947701289224,0.766236925322306,0.8975918268061299,1.4667963999027,1.1821941133544152,0.3283872537095597
Rudy Matondo,Paris FC,FRA-Ligue 1,18-181,FRA,MF,1540.0,38.9,0.055,1.4625,0.11688311688311688,0.0,0.11688311688311688,0.0,0.35064935064935066,0.05844155844155844,1.9285714285714286,1.5194805194805194,0.05844155844155844,0.7597402597402597,0.7012987012987013,1.461038961038961,0.8181818181818181,0.35064935064935066
Ruslan Malinovskyi,Genoa,ITA-Serie A,32,UKR,MF,5942.0,29.22,0.05800000000000001,1.402,0.18175698418041064,0.13631773813530798,0.13631773813530798,0.04543924604510266,0.37866038370918886,0.0,1.7418377650622687,1.1662739818243015,0.030292830696735107,2.2871087176035005,0.4543924604510266,1.1056883204308314,2.3628407943453382,0.6664422753281724
Ryan Christie,Bournemouth,ENG-Premier League,31-200,SCO,"FW,MF",7857.0,25.18,0.033999999999999996,1.3199999999999998,0.0572737686139748,0.10309278350515465,0.0572737686139748,0.0,0.2290950744558992,0.011454753722794959,1.6036655211912942,1.5578465063001146,0.09163802978235967,1.9358533791523485,1.3516609392898051,1.3631156930126003,1.5349369988545245,0.4810996563573883
Ryan Gravenberch,Bayern Munich,Unknown,21,NED,MF,7983.0,20.216666666666665,0.028333333333333335,2.16,0.06764374295377677,0.09019165727170238,0.06764374295377677,0.0,0.14656144306651633,0.011273957158962797,1.319052987598647,1.3528748590755355,0.0,0.29312288613303267,1.4317925591882752,1.04847801578354,1.059751972942503,0.3269447576099211
Ryan Manning,Southampton,ENG-Premier League,28,IRL,"DF,MF",1462.0,12.5,0.0,0.29,0.0,0.06155950752393981,0.0,0.0,0.12311901504787962,0.0,1.1696306429548564,2.0314637482900135,0.0,5.170998632010944,1.0465116279069768,1.1080711354309165,0.49247606019151846,0.06155950752393981
Ryan Sessegnon,Fulham,ENG-Premier League,26-115,ENG,"DF,FW",3269.0,37.175,0.1475,1.135,0.24778219639033344,0.08259406546344447,0.24778219639033344,0.0,0.13765677577240745,0.0,1.8721321505047415,0.35790761700825946,0.3028449066992964,2.94585500152952,0.9635974304068522,1.459161823187519,1.4040991128785563,0.5230957479351483
Ryan Yates,Nottingham,ENG-Premier League,27,ENG,MF,6361.0,22.65,0.0225,1.295,0.04244615626473825,0.0848923125294765,0.04244615626473825,0.0,0.339569250117906,0.0,2.433579625844993,2.41943090709008,0.1414871875491275,0.38201540638264425,0.9196667190693287,1.2309385316774093,1.414871875491275,0.32542053136299326
Rémy Cabella,Nantes,FRA-Ligue 1,35,FRA,"MF,FW",5585.0,44.025,0.12,1.4725000000000001,0.1933751119068935,0.22560429722470904,0.17726051924798567,0.01611459265890779,0.08057296329453895,0.0,1.0313339301700986,1.82094897045658,0.1450313339301701,4.979409131602507,0.531781557743957,1.6275738585496866,1.8370635631154881,0.7896150402864817
Rémy Labeau Lascary,Auxerre,FRA-Ligue 1,23-191,GLP,"MF,FW",2085.0,43.3,0.10750000000000001,1.1425,0.34532374100719426,0.08633093525179857,0.34532374100719426,0.0,0.302158273381295,0.0,2.460431654676259,1.2517985611510791,0.8201438848920863,1.5107913669064748,0.302158273381295,1.079136690647482,2.5035971223021583,1.1223021582733812
Rômulo,RB Leipzig,Unknown,23,BRA,FW,2188.0,42.9,0.14,1.93,0.3702010968921389,0.16453382084095064,0.3702010968921389,0.0,0.12340036563071298,0.0,0.8226691042047533,0.8226691042047533,0.3290676416819013,0.0,0.4524680073126143,0.7815356489945156,2.591407678244973,1.110603290676417
Rúben Dias,Manchester City,ENG-Premier League,29-119,POR,DF,9239.0,46.660000000000004,0.04,2.436,0.019482627990042214,0.0,0.019482627990042214,0.0,0.09741313995021106,0.0,0.6721506656564563,0.38965255980084423,0.0,0.2532741638705488,0.8864595735469206,0.5162896417361186,0.6039614676913085,0.21430890789046433
Rúben Neves,Wolves,ENG-Premier League,25,POR,MF,3019.0,23.9,0.09,1.0,0.17886717456111298,0.029811195760185493,0.08943358728055649,0.08943358728055649,0.35773434912222596,0.0,1.1328254388870487,0.5664127194435243,0.029811195760185493,1.6098045710500164,1.460748592249089,1.1924478304074198,1.9973501159324278,0.4769791321629679
Răzvan Marin,Cagliari,ITA-Serie A,28,ROU,MF,5762.0,30.53333333333333,0.06333333333333334,0.9533333333333333,0.07809788267962513,0.14057618882332523,0.046858729607775075,0.031239153071850052,0.21867407150295037,0.0,1.2808052759458521,0.8122179798681014,0.031239153071850052,4.888927455744533,0.3592502603262756,0.9371745921555015,1.4370010413051024,0.4217285664699757
Saba Goglichidze,Udinese,ITA-Serie A,21,GEO,DF,2963.0,16.65,0.0,1.385,0.0,0.030374620317246033,0.0,0.0,0.15187310158623019,0.030374620317246033,0.9719878501518731,1.1542355720553492,0.030374620317246033,0.21262234222072224,1.2453594330070874,1.4883563955450556,0.2733715828552143,0.030374620317246033
Sacha Boey,Bayern Munich,Unknown,24,FRA,DF,1165.0,11.1,0.0,2.1933333333333334,0.0,0.15450643776824033,0.0,0.0,0.23175965665236054,0.0,1.776824034334764,1.390557939914163,0.0,1.390557939914163,0.7725321888412017,0.7725321888412017,0.7725321888412017,0.07725321888412016
Sada Thioub,Angers,FRA-Ligue 1,27,SEN,"DF,MF",1060.0,11.1,0.11,0.48,0.08490566037735849,0.16981132075471697,0.08490566037735849,0.0,0.25471698113207547,0.0,1.1886792452830188,0.5094339622641509,0.0,3.2264150943396226,0.5943396226415094,0.8490566037735848,0.7641509433962264,0.08490566037735849
Sadibou Sané,Monaco,FRA-Ligue 1,22-092,SEN,DF,3056.0,17.766666666666666,0.11,1.42,0.05890052356020943,0.029450261780104715,0.05890052356020943,0.0,0.17670157068062825,0.05890052356020943,1.0013089005235603,0.5890052356020943,0.029450261780104715,0.3534031413612565,1.413612565445026,1.413612565445026,0.3239528795811518,0.08835078534031413
Sadio Mané,Bayern Munich,Unknown,30,SEN,"MF,FW",1425.0,40.7,0.13,2.2,0.4421052631578948,0.3157894736842105,0.37894736842105264,0.06315789473684211,0.12631578947368421,0.0,1.0105263157894737,1.5157894736842106,1.3894736842105264,1.3894736842105264,0.0,0.3157894736842105,3.410526315789474,1.3894736842105264
Sael Kumbedi,Wolfsburg,Unknown,20,FRA,"DF,MF",5064.0,27.78,0.0,1.686,0.0,0.14218009478672985,0.0,0.0,0.2843601895734597,0.0,1.8127962085308056,1.1196682464454977,0.1777251184834123,2.061611374407583,0.8175355450236966,1.6883886255924172,0.4443127962085308,0.14218009478672985
Said El Mala,Köln,Unknown,20-015,GER,FW,2020.0,45.25,0.175,1.97,0.6237623762376238,0.1782178217821782,0.5792079207920792,0.04455445544554455,0.1782178217821782,0.0,0.7128712871287128,1.0693069306930694,0.8019801980198019,1.8267326732673268,0.3564356435643564,0.6237623762376238,3.5643564356435644,1.4702970297029703
Saidou Sow,Strasbourg,FRA-Ligue 1,22,GUI,DF,2536.0,43.9,0.06666666666666667,1.3066666666666666,0.03548895899053628,0.07097791798107256,0.03548895899053628,0.0,0.17744479495268137,0.0,0.7807570977917981,0.7097791798107255,0.03548895899053628,0.0,1.4550473186119874,0.9582018927444794,0.42586750788643535,0.17744479495268137
Saidy Janko,Bochum,Unknown,26,GAM,DF,1134.0,0.0,0.0,1.05,0.0,0.0,0.0,0.0,0.07936507936507936,0.0,1.5873015873015872,0.6349206349206349,0.0,1.746031746031746,0.7142857142857142,1.1904761904761905,0.07936507936507936,0.0
Salih Özcan,Dortmund,Unknown,27,TUR,MF,3585.0,14.66,0.0,2.0300000000000002,0.0,0.02510460251046025,0.0,0.0,0.22594142259414227,0.0,1.6317991631799162,1.506276150627615,0.07531380753138076,0.4267782426778243,1.506276150627615,1.0292887029288702,0.37656903765690375,0.07531380753138076
Salis Abdul Samed,Nice,FRA-Ligue 1,25,GHA,MF,5324.0,10.266666666666667,0.02666666666666667,1.68,0.0169045830202855,0.0169045830202855,0.0169045830202855,0.0,0.1859504132231405,0.0169045830202855,2.096168294515402,1.0987978963185576,0.0,0.2535687453042825,0.9635612321562734,0.8621337340345604,0.3211870773854245,0.067618332081142
Salomón Rondón,Oviedo,ESP-La Liga,35,VEN,FW,1141.0,22.9,0.04,0.9149999999999999,0.15775635407537247,0.0,0.15775635407537247,0.0,0.15775635407537247,0.0,1.1831726555652935,1.6564417177914113,1.1042944785276074,0.15775635407537247,0.07887817703768624,0.0,2.208588957055215,0.4732690622261175
Salvatore Esposito,Spezia,ITA-Serie A,21,ITA,MF,971.0,14.3,0.07,0.44,0.09268795056642636,0.0,0.09268795056642636,0.0,0.46343975283213185,0.09268795056642636,1.01956745623069,2.317198764160659,0.1853759011328527,4.912461380020598,1.1122554067971164,1.1122554067971164,1.297631307929969,0.1853759011328527
Sam Beukema,Napoli,ITA-Serie A,26,NED,DF,7240.0,36.666666666666664,0.11,1.8933333333333333,0.03729281767955801,0.024861878453038676,0.03729281767955801,0.0,0.11187845303867403,0.012430939226519338,0.919889502762431,0.6464088397790055,0.04972375690607735,0.1988950276243094,0.7582872928176796,0.7085635359116021,0.43508287292817677,0.14917127071823205
Sam Lammers,Sampdoria,ITA-Serie A,25,NED,FW,1983.0,32.05,0.04,0.84,0.09077155824508322,0.09077155824508322,0.09077155824508322,0.0,0.04538577912254161,0.0,1.13464447806354,1.4069591527987897,0.09077155824508322,0.2723146747352496,0.3630862329803329,0.7715582450832073,2.3146747352496218,0.7261724659606658
Sam Morsy,Ipswich Town,ENG-Premier League,32,EGY,MF,2751.0,23.1,0.08,0.64,0.032715376226826604,0.032715376226826604,0.032715376226826604,0.0,0.3271537622682661,0.0,1.5703380588876772,0.8833151581243185,0.0,0.49073064340239914,0.9160305343511451,1.2758996728462377,0.4252998909487459,0.09814612868047982
Sambou Soumano,Lorient,FRA-Ligue 1,24,SEN,FW,941.0,35.7,0.14,1.23,0.38257173219978746,0.19128586609989373,0.38257173219978746,0.0,0.19128586609989373,0.0,1.5302869287991498,1.7215727948990438,0.9564293304994687,0.0,0.38257173219978746,0.38257173219978746,2.6780021253985122,0.9564293304994687
Samir Chergui,Paris FC,FRA-Ligue 1,27-216,ALG,DF,1334.0,65.4,0.54,2.165,0.13493253373313344,0.0,0.13493253373313344,0.0,0.06746626686656672,0.0,1.1469265367316341,0.2698650674662669,0.06746626686656672,0.4047976011994003,1.0794602698650675,0.8095952023988006,0.9445277361319341,0.3373313343328336
Samir El Mourabet,Strasbourg,FRA-Ligue 1,20-339,MAR,MF,2186.0,4.15,0.04,0.79,0.04117108874656908,0.08234217749313816,0.04117108874656908,0.0,0.16468435498627632,0.04117108874656908,1.029277218664227,1.070448307410796,0.12351326623970722,0.8645928636779505,1.152790484903934,1.5233302836230558,0.4940530649588289,0.04117108874656908
Sammie Szmodics,Ipswich Town,ENG-Premier League,28,IRL,MF,992.0,57.1,0.19,0.65,0.3629032258064516,0.0,0.3629032258064516,0.0,0.1814516129032258,0.0,0.8165322580645162,0.7258064516129032,0.7258064516129032,1.2701612903225805,0.4536290322580645,1.0887096774193548,1.9052419354838708,1.0887096774193548
Samson Baidoo,Lens,FRA-Ligue 1,21,AUT,DF,1827.0,25.0,0.13,2.22,0.09852216748768473,0.04926108374384237,0.09852216748768473,0.0,0.09852216748768473,0.0,0.9852216748768473,0.24630541871921183,0.04926108374384237,0.0,1.2315270935960592,1.1330049261083743,0.7881773399014779,0.19704433497536947
Samu Castillejo,Sassuolo,ITA-Serie A,28,ESP,"MF,FW",1898.0,31.5,0.055,0.7949999999999999,0.18967334035827185,0.0,0.18967334035827185,0.0,0.4267650158061117,0.0,2.0389884088514227,2.750263435194942,0.3793466807165437,5.690200210748157,0.4267650158061117,1.0906217070600632,2.0389884088514227,0.6164383561643836
Samu Costa,Mallorca,ESP-La Liga,24,POR,MF,9638.0,29.075,0.07,1.1175,0.08404233243411496,0.06536625855986719,0.08404233243411496,0.0,0.31749325586221205,0.009338036937123885,2.2317908279726084,2.101058310852874,0.16808466486822993,0.7750570657812824,1.213944801826105,1.5781282423739365,1.0365221000207512,0.31749325586221205
Samu Omorodion,Granada,ESP-La Liga,19,ESP,FW,1998.0,52.900000000000006,0.23,0.575,0.40540540540540543,0.04504504504504504,0.40540540540540543,0.0,0.2702702702702703,0.0,1.3963963963963966,1.4864864864864864,0.7207207207207207,0.09009009009009009,0.04504504504504504,0.18018018018018017,3.0180180180180183,1.2162162162162162
Samuel Amo-Ameyaw,Strasbourg,FRA-Ligue 1,20-054,ENG,MF,1510.0,37.44,0.148,1.258,0.3576158940397351,0.11920529801324503,0.3576158940397351,0.0,0.23841059602649006,0.0,1.2516556291390728,2.0860927152317883,0.17880794701986755,3.754966887417219,0.4768211920529801,0.8940397350993378,1.9072847682119205,0.9536423841059603
Samuel Chukwueze,Milan,ITA-Serie A,27-111,NGA,MF,5596.0,29.433333333333337,0.05833333333333333,1.4616666666666667,0.20907791279485344,0.2573266619013581,0.20907791279485344,0.0,0.032165832737669764,0.0,0.546819156540386,1.1579699785561115,0.38598999285203717,2.4928520371694067,0.4181558255897069,0.5950679056468907,2.380271622587563,0.675482487491065
Samuel Essende,Augsburg,Unknown,27,COD,"MF,FW",2050.0,26.5,0.11,1.255,0.35121951219512193,0.08780487804878048,0.35121951219512193,0.0,0.2634146341463415,0.08780487804878048,2.721951219512195,2.107317073170732,0.7902439024390244,0.35121951219512193,0.08780487804878048,0.35121951219512193,2.6780487804878046,0.7463414634146341
Samuel Gigot,Lazio,ITA-Serie A,30,FRA,DF,4288.0,49.13333333333333,0.27666666666666667,1.96,0.14692164179104478,0.041977611940298504,0.14692164179104478,0.0,0.29384328358208955,0.06296641791044776,1.5321828358208955,0.7765858208955224,0.06296641791044776,0.1259328358208955,1.7840485074626866,1.0284514925373134,0.7346082089552238,0.3148320895522388
Samuel Iling-Junior,Pisa,ITA-Serie A,21,ENG,MF,1356.0,23.6,0.1525,1.35,0.19911504424778761,0.19911504424778761,0.19911504424778761,0.0,0.1327433628318584,0.0,1.7920353982300885,0.5309734513274336,0.0663716814159292,4.778761061946903,0.6637168141592921,1.261061946902655,1.1283185840707965,0.39823008849557523
Samuel Lino,Atlético Madrid,ESP-La Liga,24,BRA,MF,6519.0,37.766666666666666,0.06666666666666667,1.7033333333333334,0.17947537965945695,0.13805798435342842,0.17947537965945695,0.0,0.11044638748274276,0.0,1.063046479521399,2.015646571560055,0.3727565577542568,2.2365393465255408,0.5660377358490566,1.3115508513575702,2.6921306948918544,0.9940174873446848
Samuel Mbangula,Werder Bremen,Unknown,21,BEL,"MF,FW",1885.0,34.233333333333334,0.17,1.1666666666666667,0.286472148541114,0.23872679045092837,0.286472148541114,0.0,0.04774535809018567,0.0,0.47745358090185674,1.7665782493368702,0.1909814323607427,1.9575596816976129,0.286472148541114,0.9549071618037135,1.2413793103448276,0.6206896551724138
Samuel Moutoussamy,Nantes,FRA-Ligue 1,26,COD,MF,3506.0,28.0,0.035,1.0,0.025670279520821446,0.05134055904164289,0.025670279520821446,0.0,0.2567027952082145,0.0,1.3861950941243584,0.6930975470621792,0.025670279520821446,0.28237307472903594,0.7957786651454649,1.3861950941243584,0.9498003422703936,0.2567027952082145
Samuel Umtiti,Lecce,ITA-Serie A,28,FRA,DF,2298.0,0.0,0.0,1.435,0.0,0.0,0.0,0.0,0.3133159268929504,0.0,1.3707571801566578,1.0966057441253265,0.0,0.0783289817232376,1.0574412532637076,1.4099216710182767,0.4699738903394256,0.0
Samuele Angori,Pisa,ITA-Serie A,21,ITA,MF,2599.0,21.4,0.0,0.37,0.0,0.06925740669488265,0.0,0.0,0.06925740669488265,0.0,0.5886879569065024,1.8699499807618314,0.10388611004232397,5.7137360523278184,0.7964601769911505,0.8657175836860331,0.4848018468641785,0.10388611004232397
Samuele Birindelli,Monza,ITA-Serie A,27-053,ITA,MF,5144.0,49.5,0.05,0.8175,0.052488335925349926,0.052488335925349926,0.052488335925349926,0.0,0.2974339035769829,0.0,1.1022550544323484,1.1022550544323484,0.2099533437013997,3.4817262830482116,0.7698289269051322,0.9622861586314152,0.9972783825816485,0.43740279937791604
Samuele Ricci,Como,ITA-Serie A,25-020,ITA,MF,8613.0,43.019999999999996,0.048,1.8679999999999999,0.052246603970741906,0.08359456635318704,0.052246603970741906,0.0,0.2612330198537095,0.02089864158829676,1.1912225705329154,2.1630094043887147,0.04179728317659352,1.5047021943573669,0.8463949843260189,0.7314524555903866,0.9613375130616509,0.2716823406478579
Sander Berge,Fulham,ENG-Premier League,28-208,NOR,MF,8318.0,16.674999999999997,0.01,0.89,0.010819908631882664,0.032459725895647995,0.010819908631882664,0.0,0.22721808126953594,0.010819908631882664,1.1469103149795625,0.4652560711709546,0.021639817263765328,0.31377735032459725,0.7682135128636692,1.2983890358259198,0.4652560711709546,0.07573936042317865
Sandi Lovrić,Udinese,ITA-Serie A,27,SVN,MF,7100.0,32.22,0.026000000000000002,0.9,0.10140845070422536,0.1647887323943662,0.10140845070422536,0.0,0.15211267605633805,0.01267605633802817,1.508450704225352,1.1915492957746479,0.02535211267605634,3.6126760563380285,0.976056338028169,0.9,2.129577464788732,0.5577464788732395
Sandro Ramírez,Las Palmas,ESP-La Liga,29,ESP,"MF,FW",3842.0,38.45,0.095,0.84,0.2342529932326913,0.14055179593961478,0.2108276939094222,0.02342529932326913,0.2108276939094222,0.0,1.07756376887038,1.8505986465382613,0.49193128578865175,4.895887558563248,0.5153565851119208,0.5622071837584591,2.4362311296199897,0.9370119729307652
Sandro Tonali,Milan,ITA-Serie A,22,ITA,MF,8569.0,39.94,0.1,1.362,0.07352083090208893,0.11553273427471115,0.07352083090208893,0.0,0.1890535651768001,0.0,1.1133154393744895,1.3968957871396896,0.1050297584315556,3.077371922044579,0.9242618741976892,1.1448243669039562,1.1553273427471118,0.38861010619675573
Sanjin Prcić,Strasbourg,FRA-Ligue 1,29,BIH,MF,1721.0,12.5,0.02,1.4849999999999999,0.05229517722254503,0.05229517722254503,0.05229517722254503,0.0,0.1568855316676351,0.05229517722254503,0.8367228355607205,1.0459035444509006,0.05229517722254503,1.464264962231261,1.4119697850087158,0.6798373038930854,1.516560139453806,0.3660662405578152
Santi Cazorla,Oviedo,ESP-La Liga,40,ESP,MF,940.0,14.3,0.0,0.68,0.0,0.09574468085106383,0.0,0.0,0.19148936170212766,0.09574468085106383,0.5744680851063829,1.819148936170213,0.0,6.797872340425532,0.3829787234042553,0.9574468085106382,0.6702127659574468,0.09574468085106383
Santi Comesaña,Villarreal,ESP-La Liga,29-340,ESP,MF,9299.0,23.119999999999997,0.09,1.4060000000000001,0.11614152059361223,0.09678460049467685,0.11614152059361223,0.0,0.2613184213356275,0.029035380148403057,1.655016668458974,1.0259167652435746,0.09678460049467685,0.47424454242391656,1.0646306054414454,1.4130551672222817,1.04527368534251,0.28067534143456285
Santiago Bueno,Girona,ESP-La Liga,23,URU,DF,8072.0,35.775,0.075,1.0825,0.03344895936570862,0.022299306243805748,0.03344895936570862,0.0,0.15609514370664024,0.011149653121902874,1.137264618434093,0.6355302279484638,0.044598612487611496,0.12264618434093161,0.9031219028741329,1.0480673934588702,0.32333994053518333,0.14494549058473735
Santiago Castro,Roma,ITA-Serie A,21-357,ARG,FW,4970.0,26.974999999999998,0.095,1.8925,0.289738430583501,0.1267605633802817,0.289738430583501,0.0,0.19919517102615691,0.0,1.738430583501006,2.028169014084507,0.380281690140845,0.289738430583501,0.09054325955734407,0.3440643863179074,2.517102615694165,0.7967806841046277
Santiago Colombatto,Oviedo,ESP-La Liga,28,ARG,MF,2064.0,13.3,0.0,0.75,0.0,0.0436046511627907,0.0,0.0,0.2616279069767442,0.0,1.9186046511627908,1.7877906976744187,0.0436046511627907,2.921511627906977,0.6104651162790697,0.9593023255813954,0.6540697674418604,0.0872093023255814
Santiago Giménez,Milan,ITA-Serie A,24,MEX,FW,1561.0,38.4,0.11,1.63,0.2882767456758488,0.1729660474055093,0.2882767456758488,0.0,0.2882767456758488,0.05765534913516976,1.2107623318385652,1.0954516335682254,0.8071748878923767,0.1729660474055093,0.11531069827033952,0.46124279308135807,2.8827674567584882,1.0954516335682254
Santiago Hidalgo,Toulouse,FRA-Ligue 1,21-205,ARG,"MF,FW",1445.0,50.95,0.06,0.89,0.2491349480968858,0.3737024221453287,0.2491349480968858,0.0,0.31141868512110726,0.0,2.8027681660899653,2.055363321799308,0.5605536332179931,0.8719723183391003,0.5605536332179931,1.3079584775086506,2.5536332179930796,1.1211072664359862
Santiago Mouriño,Villarreal,ESP-La Liga,24-209,URU,DF,4464.0,33.6,0.023333333333333334,1.2266666666666668,0.020161290322580645,0.06048387096774194,0.020161290322580645,0.0,0.4032258064516129,0.020161290322580645,1.8548387096774195,1.2701612903225805,0.06048387096774194,0.24193548387096775,1.1491935483870968,2.0161290322580645,0.6048387096774194,0.16129032258064516
Santiago Pierotti,Lecce,ITA-Serie A,25-160,ARG,"FW,MF",4975.0,38.925,0.04,0.94,0.09045226130653267,0.1085427135678392,0.09045226130653267,0.0,0.18090452261306533,0.018090452261306532,2.4964824120603017,0.7055276381909548,0.34371859296482415,0.7959798994974874,0.6331658291457287,1.5919597989949748,1.3567839195979898,0.36180904522613067
Sardar Azmoun,Leverkusen,Unknown,27,IRN,"FW,MF",1512.0,39.75,0.165,1.415,0.41666666666666663,0.05952380952380952,0.41666666666666663,0.0,0.2976190476190476,0.0,1.488095238095238,0.7142857142857142,0.5952380952380952,0.11904761904761904,0.2976190476190476,0.47619047619047616,2.619047619047619,1.0119047619047619
Sargis Adamyan,Köln,Unknown,30,ARM,"FW,MF",1445.0,51.150000000000006,0.04,0.965,0.1245674740484429,0.2491349480968858,0.1245674740484429,0.0,0.31141868512110726,0.0,2.179930795847751,1.1833910034602075,0.7474048442906575,1.0588235294117647,0.5605536332179931,1.0588235294117647,3.238754325259516,1.619377162629758
Sascha Britschgi,Parma,ITA-Serie A,20-014,SUI,MF,2254.0,11.55,0.0,0.905,0.0,0.07985803016858918,0.0,0.0,0.2795031055900621,0.03992901508429459,0.7985803016858918,0.9982253771073647,0.0,1.91659272404614,0.3194321206743567,0.7985803016858918,0.5190771960958297,0.11978704525288375
Saud Abdulhamid,Roma,ITA-Serie A,25,KSA,MF,1618.0,45.833333333333336,0.4166666666666667,2.1133333333333333,0.16687268232385663,0.27812113720642767,0.16687268232385663,0.0,0.22249690976514214,0.055624227441285534,1.6131025957972804,1.1124845488257107,0.055624227441285534,3.003708281829419,0.723114956736712,1.3906056860321385,0.5562422744128553,0.22249690976514214
Saîf-Eddine Khaoui,Clermont Foot,FRA-Ligue 1,27,TUN,MF,2027.0,48.9,0.15,1.56,0.3108041440552541,0.1332017760236803,0.3108041440552541,0.0,0.17760236803157378,0.0,1.110014800197336,1.6428219042920573,0.3108041440552541,2.5752343364578194,1.4208189442525903,1.2432165762210163,2.086827824370992,1.021213616181549
Saïd Benrahma,Lyon,FRA-Ligue 1,28,ALG,"FW,MF",4194.0,32.025,0.065,1.5750000000000002,0.21459227467811157,0.21459227467811157,0.12875536480686695,0.08583690987124463,0.06437768240343347,0.0,0.6223175965665235,0.7939914163090128,0.45064377682403434,4.506437768240343,0.38626609442060084,0.6437768240343348,2.875536480686695,0.9871244635193133
Saúl Coco,Torino,ITA-Serie A,27-213,EQG,DF,8447.0,31.675,0.05500000000000001,1.105,0.042618681188587665,0.010654670297146916,0.042618681188587665,0.0,0.2024387356457914,0.010654670297146916,1.2998697762519238,0.8204096128803126,0.0,0.08523736237717533,1.022848348526104,0.894992304960341,0.6073162069373742,0.15982005445720374
Saúl Ñíguez,Sevilla,ESP-La Liga,29,ESP,MF,4027.0,29.766666666666666,0.07333333333333333,1.7733333333333334,0.11174571641420412,0.24584057611124907,0.11174571641420412,0.0,0.5810777253538615,0.04469828656568165,2.681897193940899,0.6704742984852248,0.11174571641420412,1.0727588775763597,1.028060591010678,2.1902160417184007,1.765582319344425,0.49168115222249814
Saša Lukić,Torino,ITA-Serie A,25,SRB,MF,7059.0,19.683333333333334,0.045000000000000005,1.1716666666666666,0.0509987250318742,0.06374840628984275,0.03824904377390565,0.01274968125796855,0.3824904377390565,0.0,2.422439439014025,1.0327241818954527,0.0254993625159371,2.154696132596685,0.9944751381215469,1.364215894602635,0.9052273693157671,0.21674458138546537
Scott McKenna,Las Palmas,ESP-La Liga,27,SCO,DF,4453.0,0.0,0.0,1.1066666666666667,0.0,0.0,0.0,0.0,0.181899842802605,0.020211093644733887,0.48506624747361327,0.2627442173815405,0.020211093644733887,0.08084437457893555,0.4648551538288794,0.42443296653941165,0.2829553110262744,0.0
Scott McTominay,Napoli,ITA-Serie A,29-276,SCO,MF,8954.0,36.083333333333336,0.08333333333333333,1.8416666666666668,0.3015412106321197,0.0804109895018986,0.3015412106321197,0.0,0.14071923162832253,0.0,1.2765244583426403,1.7087335269153452,0.1608219790037972,0.3015412106321197,0.7236989055170873,0.7940585213312487,2.382175563993746,0.9347777529595711
Sead Kolašinac,Atalanta,ITA-Serie A,33-082,BIH,DF,7676.0,21.880000000000003,0.052000000000000005,1.8820000000000001,0.05862428348097968,0.035174570088587806,0.05862428348097968,0.0,0.1993225638353309,0.0,1.5242313705054715,0.7855653986451278,0.10552371026576342,0.4924439812402293,1.1724856696195936,1.3014590932777488,0.5627931214174049,0.1993225638353309
Sean Longstaff,Leeds United,ENG-Premier League,28-315,ENG,MF,7083.0,19.9,0.062,1.936,0.11435832274459976,0.10165184243964423,0.11435832274459976,0.0,0.16518424396442186,0.0,0.9529860228716645,1.2071156289707752,0.10165184243964423,1.4485387547649302,0.6480304955527318,1.1944091486658195,1.2198221092757306,0.34307496823379924
Sebastiaan Bornauw,Hamburger SV,Unknown,27-172,BEL,DF,4756.0,30.5,0.1,1.122,0.0567703952901598,0.01892346509671993,0.0567703952901598,0.0,0.3027754415475189,0.0,1.400336417157275,0.3027754415475189,0.03784693019343986,0.13246425567703954,1.400336417157275,0.7758620689655172,0.43523969722455846,0.18923465096719932
Sebastian Nanasi,Strasbourg,FRA-Ligue 1,24-117,SWE,"FW,MF",3386.0,44.699999999999996,0.19333333333333333,1.8,0.3455404607206143,0.21264028352037803,0.3455404607206143,0.0,0.026580035440047254,0.0,0.5050206733608978,0.531600708800945,0.05316007088009451,2.525103366804489,0.31896042528056706,0.5050206733608978,1.3290017720023628,0.6379208505611341
Sebastian Otoa,Genoa,ITA-Serie A,22-120,DEN,DF,1033.0,22.233333333333334,0.0,0.8033333333333333,0.0,0.0,0.0,0.0,0.17424975798644723,0.08712487899322362,0.8712487899322362,1.132623426911907,0.17424975798644723,0.08712487899322362,1.0454985479186836,0.9583736689254598,0.2613746369796709,0.17424975798644723
Sebastian Polter,Darmstadt 98,Unknown,32,GER,FW,1076.0,44.15,0.085,0.585,0.16728624535315983,0.33457249070631967,0.16728624535315983,0.0,0.25092936802973975,0.0,2.7602230483271377,1.7565055762081785,0.33457249070631967,0.5018587360594795,0.08364312267657992,0.25092936802973975,1.8401486988847584,0.8364312267657993
Sebastian Rode,Frankfurt,Unknown,32,GER,MF,1475.0,22.2,0.22,1.43,0.2440677966101695,0.061016949152542375,0.2440677966101695,0.0,0.36610169491525424,0.0,1.3423728813559324,1.0983050847457627,0.0,0.5491525423728814,0.976271186440678,1.647457627118644,0.5491525423728814,0.2440677966101695
Sebastian Sebulonsen,Köln,Unknown,25,NOR,"DF,MF",2498.0,16.1,0.0,1.0,0.0,0.0,0.0,0.0,0.1801441152922338,0.0,0.39631705364291436,0.32425940752602084,0.14411529223378702,2.413931144915933,0.6124899919935949,0.9367493995196157,1.1168935148118495,0.1801441152922338
Sebastian Szymański,Rennes,FRA-Ligue 1,27-123,POL,MF,988.0,37.5,0.20500000000000002,2.04,0.18218623481781376,0.3643724696356275,0.18218623481781376,0.0,0.18218623481781376,0.0,1.1842105263157894,1.2753036437246963,0.3643724696356275,6.194331983805668,0.45546558704453444,1.2753036437246963,1.3663967611336032,0.5465587044534413
Sebastian Walukiewicz,Sassuolo,ITA-Serie A,25,POL,DF,7351.0,23.34,0.0,1.3800000000000001,0.0,0.012243232213304311,0.0,0.0,0.23262141205278192,0.0,1.1753502924772141,0.3550537341858251,0.048972928853217246,0.8937559515712148,0.7835668616514759,1.0896476669840838,0.23262141205278192,0.048972928853217246
Sebastiano Esposito,Cagliari,ITA-Serie A,23,ITA,"FW,MF",5006.0,31.25,0.125,0.98,0.2696763883339992,0.08989212944466639,0.23371953655613262,0.03595685177786656,0.12584898122253296,0.0,1.671993607670795,2.0135836995605274,0.2696763883339992,3.4878146224530564,0.575309628445865,1.15061925689173,2.121454254894127,0.6652017578905314
Sebastiano Luperto,Cremonese,ITA-Serie A,28,ITA,DF,12794.0,28.939999999999998,0.07,1.016,0.035172737220572146,0.035172737220572146,0.035172737220572146,0.0,0.11255275910583086,0.014069094888228858,0.7104892918555573,0.6260747225261842,0.021103642332343287,0.2180709707675473,0.9144911677348757,0.6612474597467562,0.49241832108801004,0.11958730654994529
Seko Fofana,Rennes,FRA-Ligue 1,30,CIV,MF,4572.0,28.833333333333332,0.07666666666666667,1.67,0.17716535433070865,0.11811023622047244,0.15748031496062992,0.01968503937007874,0.0984251968503937,0.0,0.6889763779527559,1.2598425196850394,0.0984251968503937,1.2992125984251968,0.5905511811023622,0.45275590551181105,2.322834645669291,0.6496062992125984
Sekou Mara,Strasbourg,FRA-Ligue 1,24-042,FRA,FW,2625.0,24.825,0.05,1.1575,0.17142857142857143,0.17142857142857143,0.17142857142857143,0.0,0.13714285714285715,0.0,2.262857142857143,1.7142857142857144,0.2742857142857143,0.13714285714285715,0.24,0.7885714285714286,2.3314285714285714,0.7885714285714286
Selim Amallah,Valladolid,ESP-La Liga,27,MAR,MF,2247.0,40.1,0.17666666666666667,0.9899999999999999,0.20026702269692923,0.12016021361815754,0.1602136181575434,0.04005340453938585,0.520694259012016,0.0801068090787717,2.5233644859813085,2.403204272363151,0.12016021361815754,1.4419225634178907,1.1615487316421895,1.5620827770360481,1.5620827770360481,0.6008010680907877
Semih Kılıçsoy,Cagliari,ITA-Serie A,19,TUR,FW,975.0,47.1,0.24,1.05,0.36923076923076925,0.0,0.36923076923076925,0.0,0.09230769230769231,0.0,1.2923076923076924,1.3846153846153846,0.18461538461538463,0.09230769230769231,0.09230769230769231,0.36923076923076925,1.5692307692307692,0.7384615384615385
Senne Lynen,Werder Bremen,Unknown,27-203,BEL,MF,7327.0,11.3,0.0,0.9500000000000001,0.0,0.049133342432100456,0.0,0.0,0.23338337655247715,0.0,1.3880169237068376,0.663300122833356,0.0,0.2825167189845776,2.2601337518766207,1.3143169100586871,0.7492834720895318,0.11055002047222602
Senny Mayulu,Paris SG,FRA-Ligue 1,20-116,FRA,MF,2823.0,15.85,0.0475,1.3125,0.19128586609989373,0.22316684378320936,0.19128586609989373,0.0,0.1275239107332625,0.0,1.6578108395324123,1.3071200850159406,0.06376195536663125,1.594048884165781,0.6376195536663124,1.8172157279489904,2.008501594048884,0.6057385759829969
Sepp van den Berg,Mainz 05,Unknown,21,NED,DF,8884.0,31.1,0.08,1.2850000000000001,0.040522287257991896,0.020261143628995948,0.040522287257991896,0.0,0.16208914903196758,0.0,0.7597928860873481,0.3444394416929311,0.010130571814497974,0.09117514633048177,1.0231877532642955,0.6179648806843764,0.7395317424583522,0.2532642953624494
Serge Aurier,Nottingham,ENG-Premier League,30,CIV,"DF,MF",2776.0,25.0,0.055,1.19,0.032420749279538905,0.06484149855907781,0.032420749279538905,0.0,0.12968299711815562,0.0,0.8429394812680114,0.9077809798270894,0.0,1.9452449567723344,1.1347262247838616,1.7831412103746398,0.4863112391930836,0.12968299711815562
Serge Gnabry,Bayern Munich,Unknown,30,GER,MF,4834.0,39.0,0.1625,2.21,0.5957798924286305,0.31650806785270996,0.5771617707902359,0.018618121638394703,0.018618121638394703,0.0,1.2474141497724451,0.44683491932147296,0.44683491932147296,1.6570128258171286,0.4282167976830782,0.9122879602813405,3.686388084402151,1.5266859743483658
Sergej Milinković-Savić,Lazio,ITA-Serie A,27,SRB,MF,3022.0,31.3,0.14,1.89,0.2680344142951688,0.23825281270681667,0.2680344142951688,0.0,0.29781601588352086,0.0,1.3401720714758438,2.14427531436135,0.05956320317670417,0.8636664460622104,0.8338848444738584,1.1019192587690272,1.9060225016545334,0.5956320317670417
Sergi,Leganés,ESP-La Liga,32,ESP,DF,2957.0,38.5,0.15,1.03,0.0608725059181603,0.0,0.0608725059181603,0.0,0.0608725059181603,0.03043625295908015,0.9130875887724045,0.36523503550896175,0.21305377071356105,0.03043625295908015,1.1565776124450458,0.8826513358133243,0.3956712884680419,0.15218126479540073
Sergi Altimira,Real Betis,ESP-La Liga,23,ESP,MF,3726.0,30.166666666666668,0.09333333333333334,1.5199999999999998,0.04830917874396135,0.07246376811594203,0.04830917874396135,0.0,0.1932367149758454,0.0,1.3768115942028987,1.5217391304347825,0.0,0.21739130434782608,1.2077294685990339,1.9565217391304348,0.8454106280193237,0.21739130434782608
Sergi Canós,Valencia,ESP-La Liga,27,ESP,MF,1676.0,22.266666666666666,0.006666666666666667,1.23,0.053699284009546544,0.16109785202863963,0.053699284009546544,0.0,0.21479713603818618,0.0,1.7183770883054894,1.3424821002386633,0.16109785202863963,3.0608591885441525,0.9665871121718377,1.0739856801909307,2.95346062052506,1.0739856801909307
Sergi Cardona,Villarreal,ESP-La Liga,27-064,ESP,DF,7819.0,19.25,0.0375,1.2349999999999999,0.03453126998337383,0.1496355032612866,0.03453126998337383,0.0,0.2992710065225732,0.0,1.3927612226627446,1.2776569893848317,0.10359380995012149,3.2114081084537665,1.4388029159739097,1.5999488425629875,0.7366670929786419,0.18416677324466046
Sergi Darder,Mallorca,ESP-La Liga,31,ESP,MF,10901.0,32.975,0.075,1.105,0.09081735620585267,0.1568663425373819,0.09081735620585267,0.0,0.12384184937161728,0.0,0.759563342812586,1.4778460691679662,0.06604898633152921,5.399504632602514,0.652233740023851,0.8256123291441152,1.1806256306760847,0.3880377946977342
Sergi Guardiola,Rayo Vallecano,ESP-La Liga,33,ESP,FW,2524.0,35.550000000000004,0.045,1.03,0.14263074484944532,0.03565768621236133,0.14263074484944532,0.0,0.17828843106180667,0.0,1.7115689381933439,2.1038034865293183,0.7131537242472267,1.3549920760697307,0.21394611727416799,0.8914421553090333,2.2464342313787635,0.8914421553090333
Sergi Gómez,Espanyol,ESP-La Liga,32,ESP,DF,3003.0,43.75,0.0,0.935,0.0,0.0,0.0,0.0,0.05994005994005994,0.05994005994005994,0.44955044955044954,0.26973026973026976,0.0,0.11988011988011987,1.1088911088911089,0.6593406593406593,0.2997002997002997,0.11988011988011987
Sergi Roberto,Como,ITA-Serie A,33,ESP,MF,3408.0,29.65,0.13,2.045,0.18485915492957747,0.1056338028169014,0.18485915492957747,0.0,0.36971830985915494,0.0,1.1355633802816902,1.1091549295774648,0.07922535211267606,1.1091549295774648,0.8714788732394365,1.1355633802816902,1.0827464788732395,0.34330985915492956
Sergio Akieme,Reims,FRA-Ligue 1,26,ESP,DF,7313.0,32.775,0.13,0.7825,0.08614795569533706,0.03692055244085875,0.08614795569533706,0.0,0.17229591139067413,0.0,0.972241214275947,0.8122521536988924,0.024613701627239165,2.978257896895939,0.6030356898673596,0.7137973471899357,0.8491727061397512,0.2584438670860112
Sergio Arribas,Real Betis,ESP-La Liga,21,ESP,DF,2156.0,12.233333333333334,0.049999999999999996,1.6666666666666667,0.37569573283859,0.16697588126159554,0.37569573283859,0.0,0.041743970315398886,0.0,0.5844155844155845,1.7532467532467533,0.08348794063079777,2.504638218923933,0.7096474953617811,0.8766233766233766,2.546382189239332,0.9183673469387754
Sergio Busquets,Barcelona,ESP-La Liga,34,ESP,MF,2339.0,22.2,0.0,2.43,0.0,0.1539119281744335,0.0,0.0,0.307823856348867,0.038477982043608375,1.231295425395468,1.5391192817443353,0.0,0.26934587430525864,1.115861479264643,1.0389055151774262,0.3463018383924754,0.07695596408721675
Sergio Camello,Rayo Vallecano,ESP-La Liga,25-212,ESP,FW,6266.0,42.64,0.19,1.15,0.31599106287902967,0.14363230130864985,0.31599106287902967,0.0,0.15799553143951484,0.014363230130864987,0.7325247366741143,0.8761570379827641,0.33035429300989466,0.25853814235556977,0.18672199170124482,0.4165336737950846,2.571018193424832,0.890520268113629
Sergio Canales,Racing Sant,ESP-La Liga,35-206,ESP,MF,2715.0,35.3,0.095,1.26,0.16574585635359115,0.0994475138121547,0.13259668508287292,0.03314917127071823,0.13259668508287292,0.06629834254143646,0.3314917127071823,1.12707182320442,0.13259668508287292,4.50828729281768,0.46408839779005523,0.46408839779005523,1.6574585635359118,0.5303867403314917
Sergio Carreira,Celta Vigo,ESP-La Liga,25-332,ESP,MF,4673.0,22.3,0.043333333333333335,1.1966666666666665,0.03851915257864327,0.09629788144660818,0.03851915257864327,0.0,0.07703830515728655,0.0,0.8281617804408303,0.9629788144660817,0.13481703402525144,1.4444682216991225,0.847421356730152,0.6933447464155789,0.6163064412582924,0.19259576289321637
Sergio Escudero,Valladolid,ESP-La Liga,32,ESP,"DF,MF",1439.0,33.3,0.04,1.13,0.06254343293954134,0.0,0.06254343293954134,0.0,0.18763029881862403,0.0,1.1883252258512855,1.1883252258512855,0.06254343293954134,3.5024322446143157,1.626129256428075,1.1883252258512855,1.6886726893676163,0.5628908964558722
Sergio Gómez,Real Sociedad,ESP-La Liga,26-006,ESP,DF,6272.0,11.120000000000001,0.022,1.89,0.028698979591836732,0.1865433673469388,0.028698979591836732,0.0,0.1434948979591837,0.014349489795918366,1.1623086734693877,0.48788265306122447,0.2152423469387755,6.055484693877551,0.8466198979591837,1.4779974489795917,0.6026785714285714,0.1434948979591837
Sergio León,Valladolid,ESP-La Liga,33,ESP,FW,1334.0,60.7,0.21,1.07,0.4047976011994003,0.06746626686656672,0.3373313343328336,0.06746626686656672,0.0,0.06746626686656672,0.5397301349325337,1.4842578710644678,1.3493253373313343,0.6071964017991005,0.0,0.2698650674662669,1.8890554722638682,1.1469265367316341
Sergio Ramos,PSG,FRA-Ligue 1,36,ESP,DF,5221.0,40.7,0.11,0.535,0.08619038498371959,0.017238076996743918,0.08619038498371959,0.0,0.17238076996743917,0.034476153993487836,1.0859988507948668,0.7929515418502203,0.22409500095767093,0.2585711549511588,1.1721892357785864,0.9480942348209155,0.8101896188469642,0.32752346293813445
Sergio Reguilón,Atlético Madrid,ESP-La Liga,25,ESP,DF,2035.0,12.174999999999999,0.0,0.95,0.0,0.1769041769041769,0.0,0.0,0.5307125307125307,0.08845208845208845,0.8845208845208845,1.6805896805896807,0.22113022113022113,5.439803439803439,1.1498771498771498,1.724815724815725,0.972972972972973,0.13267813267813267
Sergio Ruiz,Granada,ESP-La Liga,28,ESP,MF,2494.0,7.7,0.0,0.58,0.0,0.14434643143544507,0.0,0.0,0.3247794707297514,0.0,1.5878107457898958,2.3817161186848437,0.0,0.6134723336006416,0.9743384121892542,1.6960705693664795,0.46912590216519645,0.03608660785886127
Serhou Guirassy,Dortmund,Unknown,30-182,GUI,FW,8988.0,48.11666666666667,0.21,1.6883333333333332,0.7910547396528705,0.09012016021361817,0.6909212283044058,0.10013351134846461,0.11014686248331108,0.010013351134846462,0.911214953271028,1.9225634178905207,0.48064085447263016,0.14018691588785046,0.11014686248331108,0.130173564753004,3.2242990654205603,1.4819759679572764
Seydouba Cissé,Leganés,ESP-La Liga,23,GUI,MF,2435.0,20.8,0.13,1.12,0.11088295687885011,0.03696098562628337,0.11088295687885011,0.0,0.11088295687885011,0.03696098562628337,1.4414784394250513,0.9240246406570841,0.07392197125256673,0.3696098562628337,0.5174537987679672,1.3305954825462012,0.8870636550308009,0.18480492813141686
Shamar Nicholson,Clermont Foot,FRA-Ligue 1,26,JAM,FW,1484.0,50.0,0.1,0.81,0.24258760107816713,0.18194070080862534,0.18194070080862534,0.06064690026954178,0.12129380053908356,0.0,1.2129380053908356,1.5768194070080863,0.8490566037735848,0.3638814016172507,0.06064690026954178,0.12129380053908356,2.4258760107816713,1.2129380053908356
Shavy Babicka,Toulouse,FRA-Ligue 1,24,GAB,MF,1559.0,47.5,0.165,1.405,0.28864656831302116,0.11545862732520847,0.28864656831302116,0.0,0.11545862732520847,0.0,1.1545862732520846,1.443232841565106,0.46183450930083386,2.886465683130212,0.28864656831302116,1.2123155869146889,1.6164207825529187,0.750481077613855
Sheraldo Becker,Mainz 05,Unknown,31-213,SUR,FW,6203.0,42.457142857142856,0.09999999999999999,1.2814285714285716,0.27567306142189263,0.23214573593422536,0.27567306142189263,0.0,0.1305819764630018,0.014509108495889085,1.0446558117040143,0.8850556182492343,0.7980009672738997,5.165242624536514,0.15960019345477996,0.21763662743833628,2.350475576334032,1.030146703208125
Shon Weissman,Salernitana,ITA-Serie A,27,ISR,FW,1323.0,18.53333333333333,0.07666666666666667,0.55,0.1360544217687075,0.0,0.1360544217687075,0.0,0.06802721088435375,0.0,0.6122448979591837,1.2925170068027212,0.47619047619047616,0.20408163265306123,0.272108843537415,0.3401360544217687,1.7006802721088436,0.54421768707483
Shuto Machino,Gladbach,Unknown,25,JPN,"FW,MF",3029.0,44.55,0.16999999999999998,0.9249999999999999,0.4159788709144932,0.08913832948167713,0.3565533179267085,0.05942555298778475,0.1188511059755695,0.0,1.0102344007923407,1.0696599537801255,0.5348299768900627,1.277649389237372,0.29712776493892373,0.29712776493892373,2.2581710135358204,1.0102344007923407
Sidiki Cherif,Angers,FRA-Ligue 1,18,FRA,"FW,MF",1481.0,51.45,0.07,1.035,0.24307900067521945,0.0,0.24307900067521945,0.0,0.18230925050641458,0.0,1.1546252532072925,1.4584740040513167,0.9723160027008778,0.6076975016880486,0.36461850101282917,0.4861580013504389,2.0054017555705603,0.9115462525320729
Siebe Van Der Heyden,St Pauli,Unknown,26,BEL,"DF,MF",1255.0,22.233333333333334,0.11,1.0433333333333332,0.07171314741035857,0.0,0.07171314741035857,0.0,0.43027888446215135,0.14342629482071714,1.8645418326693228,0.7171314741035857,0.07171314741035857,1.4342629482071714,1.7211155378486054,1.0756972111553784,0.43027888446215135,0.14342629482071714
Silas Katompa,Mainz 05,Unknown,26,COD,FW,3226.0,55.63333333333333,0.15333333333333332,1.5833333333333333,0.3068815871047737,0.11159330440173588,0.27898326100433973,0.02789832610043397,0.13949163050216987,0.0,1.5065096094234345,1.1717296962182269,0.6137631742095474,2.008679479231246,0.22318660880347177,0.5579665220086795,2.092374457532548,0.948543087414755
Silvan Widmer,Mainz 05,Unknown,33-189,SUI,"DF,MF",5262.0,23.36,0.05600000000000001,1.296,0.0855188141391106,0.11972633979475483,0.0855188141391106,0.0,0.20524515393386544,0.0,0.6841505131128848,0.5815279361459521,0.20524515393386544,2.001140250855188,1.1801596351197263,1.009122006841505,0.9578107183580387,0.27366020524515394
Simon Adingra,Monaco,FRA-Ligue 1,23,CIV,"MF,FW",4827.0,31.775,0.1225,1.445,0.22374145431945305,0.09322560596643878,0.22374145431945305,0.0,0.09322560596643878,0.0,1.2492231199502797,0.6339341205717837,0.5220633934120572,3.2442510876320694,0.7085146053449348,0.9881914232442511,2.1068986948415165,0.7085146053449348
Simon Ebonog,Le Havre,FRA-Ligue 1,22-025,CMR,MF,2031.0,22.733333333333334,0.016666666666666666,0.55,0.044313146233382575,0.0,0.044313146233382575,0.0,0.3545051698670606,0.0,1.55096011816839,1.9497784342688331,0.0,0.7976366322008863,1.3737075332348596,1.0192023633677991,1.0635155096011817,0.22156573116691286
Simon Kjær,Milan,ITA-Serie A,34,DEN,DF,2178.0,0.0,0.0,2.06,0.0,0.04132231404958678,0.0,0.0,0.2066115702479339,0.0,0.7024793388429752,0.12396694214876033,0.0,0.12396694214876033,0.9090909090909092,0.9917355371900827,0.24793388429752067,0.0
Simon Sohm,Venezia,ITA-Serie A,25-152,SUI,MF,4485.0,15.8,0.03,0.835,0.0802675585284281,0.020066889632107024,0.0802675585284281,0.0,0.20066889632107024,0.0,0.8829431438127091,0.8829431438127091,0.0802675585284281,0.44147157190635455,0.7023411371237458,0.5618729096989967,0.8628762541806021,0.28093645484949836
Simon Terodde,Schalke 04,Unknown,34,GER,FW,1823.0,45.5,0.11,0.97,0.24684585847504115,0.0,0.24684585847504115,0.0,0.24684585847504115,0.0,1.8266593527153046,1.7772901810202963,1.2835984640702138,0.09873834339001646,0.24684585847504115,0.4443225452550741,2.172243554580362,0.9873834339001646
Simon Zoller,Bochum,Unknown,32,GER,"FW,MF",1502.0,16.15,0.05,0.48,0.17976031957390146,0.11984021304926765,0.17976031957390146,0.0,0.2996005326231691,0.0,1.1984021304926764,0.4793608521970706,0.4194407456724368,1.018641810918775,0.3595206391478029,0.2396804260985353,1.8575233022636486,0.5992010652463382
Simone Bastoni,Empoli,ITA-Serie A,26,ITA,"MF,DF",1934.0,23.05,0.115,1.01,0.13960703205791106,0.1861427094105481,0.13960703205791106,0.0,0.4653567735263702,0.0,2.140641158221303,1.1633919338159255,0.09307135470527406,6.421923474663909,0.9307135470527405,1.6752843846949328,1.3495346432264737,0.3722854188210962
Simone Canestrelli,Pisa,ITA-Serie A,24,ITA,DF,3201.0,18.8,0.06,0.49,0.028116213683223992,0.0,0.028116213683223992,0.0,0.11246485473289597,0.0,1.1808809746954076,0.6185567010309279,0.028116213683223992,0.3373945641986879,0.9278350515463918,0.7029053420805998,0.4498594189315839,0.08434864104967198
Simone Romagnoli,Frosinone,ITA-Serie A,33,ITA,DF,2882.0,4.15,0.04,0.84,0.031228313671061762,0.031228313671061762,0.031228313671061762,0.0,0.18736988202637056,0.0,0.8431644691186675,0.21859819569743233,0.0,0.031228313671061762,0.9056210964607911,0.655794587092297,0.40596807772380294,0.031228313671061762
Simone Verdi,Como,ITA-Serie A,32,ITA,"FW,MF",1215.0,45.56666666666666,0.05666666666666667,0.8633333333333333,0.3703703703703704,0.0,0.2962962962962963,0.07407407407407407,0.2962962962962963,0.0,1.1851851851851851,2.0,0.07407407407407407,6.666666666666666,0.0,0.8888888888888888,2.3703703703703702,0.962962962962963
Sinaly Diomande,Auxerre,FRA-Ligue 1,25-154,CIV,DF,7102.0,25.1,0.11000000000000001,0.8619999999999999,0.06336243311743171,0.05068994649394536,0.06336243311743171,0.0,0.19008729935229512,0.02534497324697268,1.1658687693607435,0.9884539566319347,0.03801745987045902,0.05068994649394536,1.6220782878062516,0.8617290903970712,0.4562095184455083,0.13939735285834975
Sirlord Conteh,Heidenheim,Unknown,29,GER,"MF,FW",1517.0,34.25,0.14,0.5449999999999999,0.17798286090969018,0.11865524060646011,0.17798286090969018,0.0,0.17798286090969018,0.0,0.889914304548451,1.2458800263678314,0.7119314436387607,2.254449571522742,0.23731048121292023,0.7119314436387607,1.3645352669742914,0.47462096242584045
Sofiane Boufal,Le Havre,FRA-Ligue 1,31,MAR,"MF,FW",1853.0,36.650000000000006,0.11000000000000001,0.77,0.24284943335132217,0.33998920669185106,0.1457096600107933,0.09713977334052887,0.24284943335132217,0.048569886670264434,2.088505126821371,2.5256341068537504,0.38855909336211547,4.808418780356179,0.38855909336211547,1.2628170534268752,2.0399352401511064,0.7771181867242309
Sofiane Diop,Nice,FRA-Ligue 1,26-093,MAR,MF,5220.0,51.083333333333336,0.16,1.745,0.27586206896551724,0.1896551724137931,0.24137931034482757,0.034482758620689655,0.15517241379310345,0.0,1.0,1.8448275862068966,0.3620689655172414,2.4655172413793105,0.9827586206896551,0.8103448275862069,2.103448275862069,0.7931034482758621
Sofyan Amrabat,Fiorentina,ITA-Serie A,27,MAR,MF,4411.0,10.825,0.0,1.4125,0.0,0.02040353661301292,0.0,0.0,0.42847426887327134,0.0,2.121967807753344,1.1834051235547496,0.0,0.8977556109725685,0.816141464520517,1.1425980503287236,0.4896848787123101,0.10201768306506462
Sokratis Papastathopoulos,Real Betis,ESP-La Liga,35,GRE,DF,1136.0,50.0,0.0,1.33,0.0,0.0,0.0,0.0,0.4753521126760563,0.0,1.0299295774647887,0.4753521126760563,0.0,0.0,0.4753521126760563,1.1883802816901408,0.15845070422535212,0.07922535211267606
Solly March,Brighton,ENG-Premier League,31,ENG,MF,3478.0,47.025,0.07250000000000001,1.5875,0.2328924669350201,0.20701552616446234,0.2328924669350201,0.0,0.12938470385278897,0.0,1.4749856239217942,1.2938470385278895,0.5692926969522715,5.123634272570443,0.8539390454284072,1.2679700977573318,2.3289246693502013,1.0350776308223117
Son Heung-min,Tottenham,ENG-Premier League,32,KOR,"FW,MF",7932.0,47.36666666666667,0.14666666666666667,1.4833333333333334,0.3857791225416036,0.283661119515885,0.3517397881996974,0.0340393343419062,0.04538577912254161,0.0,0.3517397881996974,1.1686838124054464,0.56732223903177,2.564296520423601,0.283661119515885,0.3857791225416036,2.5302571860816943,1.2027231467473525
Sorba Thomas,Nantes,FRA-Ligue 1,24,WAL,"MF,DF",1349.0,5.55,0.055,1.08,0.06671608598962193,0.20014825796886582,0.06671608598962193,0.0,0.20014825796886582,0.0,0.8673091178650852,1.134173461823573,0.13343217197924387,8.873239436619718,0.6004447739065975,0.40029651593773163,0.6004447739065975,0.06671608598962193
Soualiho Meïté,Cremonese,ITA-Serie A,28,FRA,MF,2366.0,17.6,0.0,0.84,0.0,0.0760777683854607,0.0,0.0,0.19019442096365174,0.0,1.0270498732037194,1.8258664412510566,0.0,0.3423499577345731,0.9509721048182587,1.331360946745562,0.6466610312764158,0.11411665257819104
Souleyman Doumbia,Angers,FRA-Ligue 1,25,CIV,"DF,MF",1790.0,28.6,0.0,0.38,0.0,0.0,0.0,0.0,0.10055865921787709,0.05027932960893854,1.3575418994413408,1.005586592178771,0.15083798882681565,2.4134078212290504,1.2067039106145252,1.6592178770949721,0.35195530726256985,0.10055865921787709
Souleymane Touré,Udinese,ITA-Serie A,21,FRA,DF,4469.0,25.0,0.088,1.6620000000000001,0.06041620049228016,0.020138733497426717,0.06041620049228016,0.0,0.281942268963974,0.06041620049228016,1.4701275453121505,0.6847169389125084,0.020138733497426717,0.24166480196912063,1.268740210337883,0.7048556724099351,0.6041620049228015,0.26180353546654733
Soumaïla Coulibaly,Dortmund,Unknown,18,FRA,DF,1821.0,11.1,0.0,1.2466666666666668,0.0,0.0,0.0,0.0,0.19769357495881384,0.0,1.927512355848435,1.0378912685337727,0.04942339373970346,0.09884678747940692,0.9390444810543657,0.6919275123558485,0.4942339373970346,0.09884678747940692
Soungoutou Magassa,Monaco,FRA-Ligue 1,20,FRA,MF,3434.0,25.9,0.035,1.4225,0.026208503203261502,0.026208503203261502,0.026208503203261502,0.0,0.41933605125218404,0.026208503203261502,2.044263249854397,1.3366336633663365,0.026208503203261502,0.52417006406523,1.5725101921956903,2.070471753057659,0.6027955736750146,0.20966802562609202
Srđan Babić,Almería,ESP-La Liga,27,SRB,DF,3088.0,27.8,0.165,0.575,0.08743523316062177,0.0,0.08743523316062177,0.0,0.14572538860103626,0.0,0.7577720207253886,0.2623056994818653,0.05829015544041451,0.05829015544041451,0.7869170984455959,0.6120466321243523,0.2914507772020725,0.14572538860103626
Stanislav Lobotka,Napoli,ITA-Serie A,31-289,SVK,MF,11708.0,29.660000000000004,0.044,1.766,0.015374103177314656,0.030748206354629312,0.015374103177314656,0.0,0.09224461906388795,0.0,0.7225828493337889,1.35292107960369,0.0,0.1076187222412026,0.7148957977451316,1.0531260676460539,0.33054321831226513,0.09993167065254528
Stanko Jurić,Valladolid,ESP-La Liga,27,CRO,MF,1729.0,25.0,0.0,0.58,0.0,0.0,0.0,0.0,0.3643724696356275,0.05205320994794679,1.978021978021978,0.4684788895315211,0.0,0.0,1.1972238288027761,1.0931174089068827,0.4164256795835743,0.10410641989589357
Stanley N'Soki,Union Berlin,Unknown,26,FRA,"DF,MF",4041.0,24.974999999999998,0.125,0.97,0.044543429844097995,0.044543429844097995,0.044543429844097995,0.0,0.22271714922048996,0.06681514476614699,1.0022271714922049,0.5345211581291759,0.0,0.4899777282850779,1.692650334075724,1.1135857461024499,0.26726057906458794,0.08908685968819599
Stefan Bajcetic,Las Palmas,ESP-La Liga,19,ESP,"MF,DF",1521.0,30.0,0.12333333333333334,1.91,0.1183431952662722,0.0,0.1183431952662722,0.0,0.3550295857988166,0.0,1.7159763313609468,1.4792899408284024,0.0,0.5325443786982248,1.242603550295858,1.3609467455621302,0.650887573964497,0.2958579881656805
Stefan Bell,Mainz 05,Unknown,33,GER,DF,5536.0,38.4,0.0425,1.1175000000000002,0.03251445086705202,0.04877167630057803,0.03251445086705202,0.0,0.32514450867052025,0.0,1.5606936416184969,0.6015173410404624,0.14631502890173412,0.2763728323699422,1.5932080924855492,0.8778901734104047,0.5690028901734104,0.21134393063583817
Stefan Lainer,Gladbach,Unknown,31,AUT,DF,2325.0,30.566666666666666,0.08333333333333333,1.2166666666666666,0.03870967741935484,0.03870967741935484,0.03870967741935484,0.0,0.23225806451612904,0.0,1.1225806451612903,0.7741935483870968,0.1935483870967742,2.5548387096774197,1.2000000000000002,1.470967741935484,0.5032258064516129,0.1935483870967742
Stefan Mitrović,Hellas Verona,ITA-Serie A,20,SRB,MF,2770.0,38.1,0.3333333333333333,1.2466666666666668,0.032490974729241874,0.0,0.032490974729241874,0.0,0.259927797833935,0.0,1.1696750902527075,0.3574007220216607,0.032490974729241874,0.48736462093862815,0.7148014440433214,0.3898916967509025,0.2924187725631769,0.06498194945848375
Stefan Posch,Mainz 05,Unknown,29-119,AUT,DF,7935.0,23.375,0.051250000000000004,1.6975,0.09073724007561436,0.04536862003780718,0.09073724007561436,0.0,0.23818525519848774,0.011342155009451795,1.4291115311909264,0.8620037807183365,0.04536862003780718,1.4744801512287333,0.998109640831758,1.5765595463137998,0.7939508506616257,0.23818525519848774
Stefan Savić,Atlético Madrid,ESP-La Liga,32,MNE,DF,3573.0,35.0,0.0,1.9300000000000002,0.0,0.0,0.0,0.0,0.2770780856423174,0.07556675062972291,1.1838790931989924,0.35264483627204024,0.05037783375314862,0.12594458438287154,1.4609571788413098,1.1335012594458438,0.17632241813602012,0.05037783375314862
Stefan Schimmer,Heidenheim,Unknown,31,GER,FW,1220.0,19.166666666666668,0.05333333333333334,0.6066666666666667,0.36885245901639346,0.14754098360655737,0.36885245901639346,0.0,0.14754098360655737,0.0,1.180327868852459,0.5163934426229508,0.4426229508196722,0.9590163934426229,0.36885245901639346,0.36885245901639346,3.4672131147540983,1.0327868852459017
Stefan de Vrij,Inter,ITA-Serie A,33,NED,DF,5927.0,29.1,0.095,2.3225000000000002,0.07592373882233845,0.0,0.07592373882233845,0.0,0.10629323435127383,0.0,0.5618356672853045,0.28851020752488615,0.0,0.0,1.3666272988020922,0.8351611270457229,0.7440526404589168,0.21258646870254766
Stefano Moreo,Pisa,ITA-Serie A,32,ITA,"FW,MF",2307.0,38.5,0.13,0.49,0.27308192457737324,0.03901170351105331,0.19505851755526657,0.07802340702210663,0.07802340702210663,0.0,0.8582574772431729,0.7802340702210663,0.19505851755526657,1.092327698309493,0.8192457737321196,0.42912873862158646,2.0286085825747726,0.7802340702210663
Stefano Sabelli,Genoa,ITA-Serie A,33-240,ITA,MF,5445.0,12.5,0.0,1.0050000000000001,0.0,0.04958677685950413,0.0,0.0,0.1487603305785124,0.0,1.140495867768595,1.305785123966942,0.08264462809917356,3.0578512396694215,0.8099173553719008,1.1239669421487604,0.38016528925619836,0.06611570247933884
Stefano Sensi,Monza,ITA-Serie A,28,ITA,MF,1938.0,22.5,0.10333333333333335,1.5366666666666668,0.18575851393188852,0.09287925696594426,0.1393188854489164,0.04643962848297213,0.37151702786377705,0.0,0.9752321981424149,2.6470588235294117,0.09287925696594426,2.8792569659442724,1.021671826625387,1.3931888544891642,1.2538699690402477,0.4179566563467492
Steffen Tigges,Paderborn 07,Unknown,28-041,GER,FW,2392.0,25.066666666666663,0.10333333333333335,0.87,0.338628762541806,0.03762541806020067,0.338628762541806,0.0,0.03762541806020067,0.0,0.7525083612040133,0.7525083612040133,0.45150501672240806,0.8277591973244148,0.338628762541806,0.4138795986622074,2.3327759197324416,0.790133779264214
Stephan El Shaarawy,Roma,ITA-Serie A,32,ITA,"MF,FW",5025.0,39.225,0.10500000000000001,1.775,0.25074626865671645,0.21492537313432836,0.25074626865671645,0.0,0.19701492537313434,0.0,0.8417910447761194,1.2000000000000002,0.4119402985074627,1.5044776119402983,0.7701492537313434,0.7343283582089551,2.292537313432836,0.8955223880597015
Stephy Mavididi,Montpellier,FRA-Ligue 1,24,ENG,"MF,FW",2903.0,34.5,0.13,0.905,0.24801929038925252,0.09300723389596968,0.24801929038925252,0.0,0.09300723389596968,0.031002411298656565,1.1780916293489494,1.1160868067516363,0.18601446779193936,2.480192903892525,0.37202893558387873,1.1780916293489494,1.9841543231140202,0.713055459869101
Steve Cook,Nottingham,ENG-Premier League,31,ENG,DF,957.0,0.0,0.0,0.83,0.0,0.0,0.0,0.0,0.3761755485893417,0.0,0.4702194357366771,0.18808777429467086,0.0,0.09404388714733543,1.128526645768025,0.3761755485893417,0.28213166144200624,0.0
Steve Mounié,Augsburg,Unknown,29,BEN,MF,3771.0,37.0,0.08333333333333333,1.4000000000000001,0.31026252983293556,0.04773269689737471,0.2863961813842482,0.023866348448687354,0.1431980906921241,0.023866348448687354,2.124105011933174,1.3126491646778042,0.4534606205250597,0.5966587112171838,0.16706443914081145,0.38186157517899766,3.3412887828162288,1.2410501193317423
Steven Skrzybski,Holstein Kiel,Unknown,31,GER,"FW,MF",1323.0,39.4,0.18,0.79,0.40816326530612246,0.20408163265306123,0.3401360544217687,0.06802721088435375,0.0,0.0,1.08843537414966,1.4965986394557822,0.1360544217687075,2.0408163265306123,0.8843537414965987,0.54421768707483,2.2448979591836737,0.8843537414965987
Stijn Spierings,Toulouse,FRA-Ligue 1,27,NED,MF,4754.0,9.966666666666667,0.02666666666666667,0.8799999999999999,0.03786285233487589,0.018931426167437947,0.03786285233487589,0.0,0.2461085401766933,0.0,1.9120740429112326,1.3251998317206564,0.0,0.6436684896928901,1.400925536390408,2.006731173748422,0.6625999158603282,0.11358855700462768
Strahinja Pavlović,Milan,ITA-Serie A,25-109,SRB,DF,5003.0,23.400000000000002,0.10333333333333333,1.92,0.12592444533280034,0.035978412952228665,0.12592444533280034,0.0,0.14391365180891466,0.017989206476114333,0.9174495302818308,0.8814711173296023,0.10793523885668597,0.4497301619028583,0.6656006396162303,1.187287627423546,0.7915250849490305,0.2518488906656007
Stuart Armstrong,Southampton,ENG-Premier League,30,SCO,MF,1408.0,30.4,0.09,0.56,0.1278409090909091,0.06392045454545454,0.1278409090909091,0.0,0.38352272727272724,0.0,1.0866477272727273,1.2784090909090908,0.06392045454545454,2.428977272727273,0.6392045454545454,1.3423295454545454,1.4701704545454546,0.4474431818181818
Stéphane Diarra,Lorient,FRA-Ligue 1,23,FRA,"MF,FW",1066.0,40.0,0.1,1.46,0.16885553470919323,0.0,0.16885553470919323,0.0,0.08442776735459662,0.0,0.5909943714821764,1.7729831144465291,0.33771106941838647,1.2664165103189493,1.5196998123827392,1.4352720450281424,1.6885553470919326,0.6754221388367729
Suat Serdar,Hertha BSC,Unknown,25,GER,MF,6164.0,31.125,0.08750000000000001,0.865,0.11680726800778714,0.07300454250486697,0.11680726800778714,0.0,0.30661907852044124,0.014600908500973392,1.8105126541207008,1.153471771576898,0.029201817001946784,0.4234263465282284,0.9052563270603504,1.5622972096041532,1.3870863075924724,0.4234263465282284
Suso,Sevilla,ESP-La Liga,30,ESP,"MF,FW",3188.0,29.366666666666664,0.04,1.2666666666666666,0.08469259723964868,0.2823086574654956,0.08469259723964868,0.0,0.25407779171894607,0.02823086574654956,1.157465495608532,2.0043914680050188,0.33877038895859474,7.594102885821831,0.2823086574654956,0.9880803011292346,1.8914680050188204,0.5646173149309912
Sven Botman,Newcastle,ENG-Premier League,26-241,NED,DF,7021.0,23.7,0.054000000000000006,1.59,0.0384560603902578,0.0384560603902578,0.0384560603902578,0.0,0.10254949437402079,0.0,0.5383848454636092,0.4871100982765988,0.051274747187010396,0.0384560603902578,0.9485828229596923,0.7819398946019085,0.6793904002278878,0.192280301951289
Sven Michel,Augsburg,Unknown,33,GER,"FW,MF",1078.0,37.5,0.165,1.355,0.4174397031539889,0.16697588126159554,0.2504638218923933,0.16697588126159554,0.3339517625231911,0.0,2.0037105751391464,0.6679035250463822,0.6679035250463822,2.337662337662338,0.0,0.8348794063079777,2.504638218923933,0.9183673469387754
Szymon Żurkowski,Empoli,ITA-Serie A,26,POL,MF,1433.0,25.45,0.0625,1.1025,0.2512212142358688,0.0628053035589672,0.2512212142358688,0.0,0.314026517794836,0.0,2.3237962316817864,1.7585484996510816,0.1256106071179344,0.6908583391486391,0.628053035589672,0.8164689462665736,1.6957431960921143,0.5024424284717376
Sávio,Girona,ESP-La Liga,19,BRA,"MF,FW",5635.0,34.4,0.0675,1.7725,0.1756876663708962,0.30346051464063883,0.1756876663708962,0.0,0.15971606033717836,0.0,0.9103815439219166,1.756876663708962,0.3673469387755102,3.9609582963620236,0.4631765749778172,0.7666370896184561,1.932564330079858,0.8305235137533273
Séamus Coleman,Everton,ENG-Premier League,36,IRL,DF,2557.0,32.15,0.035,1.3475000000000001,0.03519749706687524,0.0,0.03519749706687524,0.0,0.07039499413375049,0.0,0.5631599530700039,0.9855299178725069,0.07039499413375049,1.4078998826750098,1.0559249120062575,1.4782948768087603,0.28157997653500194,0.10559249120062572
Sébastien Haller,Dortmund,Unknown,29,CIV,FW,2025.0,37.46666666666667,0.08666666666666667,1.7233333333333334,0.4,0.17777777777777778,0.4,0.0,0.13333333333333333,0.0,1.1111111111111112,1.288888888888889,0.6666666666666667,0.13333333333333333,0.044444444444444446,0.17777777777777778,2.0,1.0222222222222221
Tahith Chong,Luton Town,ENG-Premier League,23,CUW,"MF,FW",1982.0,23.3,0.13,0.45,0.18163471241170534,0.0,0.18163471241170534,0.0,0.18163471241170534,0.0,0.9535822401614531,2.951564076690212,0.2270433905146317,1.5893037336024218,0.31786074672048437,0.9081735620585268,1.3622603430877902,0.31786074672048437
Taiwo Awoniyi,Coventry City,ENG-Premier League,29-029,NGA,FW,3537.0,45.239999999999995,0.186,1.016,0.5343511450381679,0.1272264631043257,0.5343511450381679,0.0,0.15267175572519084,0.0,1.3740458015267174,1.3740458015267174,0.9160305343511451,0.17811704834605596,0.15267175572519084,0.5343511450381679,2.213740458015267,1.0178117048346056
Tajon Buchanan,Inter,ITA-Serie A,25,CAN,"DF,MF",2647.0,28.860000000000003,0.13,1.766,0.3060068001511145,0.10200226671703816,0.3060068001511145,0.0,0.3740083112958066,0.0,1.258027956176804,2.4820551567812617,0.47601057801284474,2.5500566679259538,0.8840196448809974,0.9180204004533434,1.4280317340385342,0.5440120891575368
Takefusa Kubo,Real Sociedad,ESP-La Liga,25-098,JPN,MF,8667.0,32.58,0.094,1.3439999999999999,0.2388369678089304,0.12461059190031154,0.2388369678089304,0.0,0.1142263759086189,0.0,0.9345794392523366,2.3779854620976115,0.49844236760124616,3.5721703011422634,0.4672897196261683,0.8618899273104881,1.9833852544132917,0.7995846313603323
Takehiro Tomiyasu,Crystal Palace,ENG-Premier League,27-309,JPN,DF,1912.0,4.4,0.03,1.9475,0.09414225941422594,0.09414225941422594,0.09414225941422594,0.0,0.18828451882845187,0.04707112970711297,0.9884937238493723,0.5648535564853556,0.04707112970711297,1.4121338912133892,1.600418410041841,1.2709205020920502,0.9884937238493723,0.1412133891213389
Takuma Asano,Bochum,Unknown,28,JPN,"FW,MF",5417.0,27.975,0.07,1.02,0.1993723463171497,0.08307181096547905,0.1993723463171497,0.0,0.08307181096547905,0.0,0.6479601255307366,1.1796197157098025,0.7310319364962157,1.6946649436957726,0.36551596824810784,0.5648883145652575,2.6915266752815215,0.8639468340409822
Takumi Minamino,Monaco,FRA-Ligue 1,30,JPN,MF,6016.0,38.5,0.1125,1.775,0.2842420212765957,0.20944148936170212,0.2842420212765957,0.0,0.20944148936170212,0.0,1.346409574468085,1.0920877659574468,0.3291223404255319,1.3912898936170213,0.4637632978723404,0.703125,2.4085771276595747,0.9724069148936171
Tammy Abraham,Roma,ITA-Serie A,26,ENG,FW,3927.0,29.683333333333334,0.11833333333333333,1.215,0.32085561497326204,0.16042780748663102,0.2979373567608862,0.022918258212375857,0.09167303284950343,0.0,1.4896867838044308,1.4896867838044308,0.4354469060351413,0.38961038961038963,0.1145912910618793,0.5271199388846448,2.3605805958747133,1.1000763941940412
Tanguy Coulibaly,Stuttgart,Unknown,21,FRA,MF,2434.0,50.53333333333333,0.16333333333333333,0.9733333333333333,0.29580936729663104,0.0,0.2588331963845522,0.03697617091207888,0.33278553820870993,0.07395234182415776,2.4034511092851276,1.4790468364831555,0.2218570254724733,1.4420706655710762,0.5546425636811833,1.6269515201314708,2.144617912900575,1.0353327855382088
Tanguy Ndombele,Napoli,ITA-Serie A,25,FRA,MF,2213.0,19.933333333333334,0.049999999999999996,1.6900000000000002,0.08133755083596927,0.12200632625395391,0.08133755083596927,0.0,0.28468142792589246,0.0,1.0573881608676006,2.358788974243109,0.0,0.20334387708992316,0.8133755083596926,1.2607320379575238,1.3014008133755084,0.24401265250790782
Tanguy Nianzou,Sevilla,ESP-La Liga,23,FRA,DF,2857.0,4.175,0.0425,1.25,0.03150157507875394,0.0,0.03150157507875394,0.0,0.37801890094504725,0.09450472523626181,1.3860693034651732,0.9135456772838642,0.03150157507875394,0.03150157507875394,0.8820441022051102,1.1655582779138958,0.5670283514175709,0.03150157507875394
Tani Oluwaseyi,Villarreal,ESP-La Liga,26-118,CAN,FW,931.0,21.9,0.065,1.055,0.19334049409237378,0.19334049409237378,0.19334049409237378,0.0,0.09667024704618689,0.0,1.2567132116004298,0.7733619763694951,0.966702470461869,0.2900107411385607,0.09667024704618689,0.4833512352309345,1.5467239527389902,0.6766917293233082
Tanner Tessmann,Lyon,FRA-Ligue 1,24-351,USA,MF,3213.0,28.8,0.03333333333333333,2.2600000000000002,0.056022408963585436,0.0,0.056022408963585436,0.0,0.16806722689075632,0.0,1.0364145658263304,0.9243697478991597,0.08403361344537816,0.8683473389355741,0.896358543417367,1.0084033613445378,1.2605042016806722,0.5042016806722689
Tarik Muharemovic,Sassuolo,ITA-Serie A,22,BIH,DF,3105.0,67.5,0.05,1.4449999999999998,0.057971014492753624,0.057971014492753624,0.057971014492753624,0.0,0.2028985507246377,0.0,0.7246376811594202,0.6666666666666667,0.028985507246376812,0.08695652173913043,1.4782608695652175,0.7246376811594202,0.6086956521739131,0.2318840579710145
Tariq Lamptey,Fiorentina,ITA-Serie A,24,GHA,MF,2252.0,8.325,0.0825,1.08,0.07992895204262877,0.1998223801065719,0.07992895204262877,0.0,0.15985790408525755,0.0,1.2788632326820604,1.678507992895204,0.11989342806394317,3.676731793960924,0.7593250444049733,1.2788632326820604,0.6793960923623446,0.07992895204262877
Taylor Harwood-Bellis,Southampton,ENG-Premier League,22,ENG,DF,2825.0,40.0,0.05,0.35,0.03185840707964602,0.0,0.03185840707964602,0.0,0.2867256637168142,0.0,1.1150442477876106,0.44601769911504424,0.0,0.3185840707964602,0.9238938053097345,0.7008849557522124,0.6371681415929203,0.25486725663716814
Teddy Teuma,Reims,FRA-Ligue 1,30,MLT,MF,2863.0,27.75,0.10500000000000001,1.29,0.2200488997555012,0.09430667132378624,0.15717778553964373,0.06287111421585749,0.25148445686342996,0.0,1.4146000698567935,1.1631156129933637,0.09430667132378624,5.784142507858889,0.8801955990220048,1.4146000698567935,1.8232623122598672,0.5658400279427175
Teden Mengi,Luton Town,ENG-Premier League,21,ENG,DF,2469.0,36.4,0.09,0.73,0.03645200486026732,0.0,0.03645200486026732,0.0,0.10935601458080194,0.0,1.275820170109356,0.2551640340218712,0.03645200486026732,0.07290400972053464,1.968408262454435,0.8019441069258809,0.40097205346294046,0.14580801944106928
Terem Moffi,Hamburger SV,Unknown,27-108,NGA,FW,5296.0,53.0,0.16666666666666666,1.2083333333333333,0.5438066465256798,0.08496978851963746,0.4758308157099698,0.06797583081570997,0.11895770392749246,0.0,1.1216012084592146,0.8157099697885197,0.5268126888217523,0.20392749244712993,0.13595166163141995,0.30589123867069484,2.583081570996979,1.308534743202417
Terry Yegbe,Metz,FRA-Ligue 1,24,GHA,DF,1963.0,33.3,0.0,0.58,0.0,0.04584819154355578,0.0,0.0,0.13754457463066735,0.0,0.87111563932756,0.36678553234844624,0.0,0.22924095771777891,1.0086602139582272,0.32093734080489045,0.2750891492613347,0.09169638308711156
Tete Morente,Lecce,ITA-Serie A,28,ESP,"FW,MF",6106.0,17.78,0.05800000000000001,0.818,0.11791680314444808,0.07369800196528006,0.11791680314444808,0.0,0.20635440550278414,0.0,1.4444808385194892,1.0317720275139208,0.22109400589584016,3.6849000982640026,0.8254176220111366,0.8548968227972485,1.6360956436292173,0.4421880117916803
Tetê,Lyon,FRA-Ligue 1,22,BRA,"FW,MF",1841.0,28.299999999999997,0.135,0.9850000000000001,0.34220532319391633,0.0977729494839761,0.34220532319391633,0.0,0.14665942422596415,0.0,0.6355241716458446,1.7599130907115696,0.4399782726778924,2.982074959261271,0.6844106463878327,0.8799565453557848,2.199891363389462,0.7332971211298207
Teun Koopmeiners,Juventus,ITA-Serie A,28-194,NED,"DF,MF",9350.0,33.46,0.158,1.8379999999999999,0.2502673796791444,0.1251336898395722,0.2117647058823529,0.03850267379679144,0.1925133689839572,0.0,1.6171122994652405,0.6737967914438503,0.16363636363636364,4.254545454545455,0.5390374331550802,0.8085561497326202,1.7903743315508023,0.6352941176470589
Theo Bair,Auxerre,FRA-Ligue 1,27-014,CAN,FW,969.0,17.933333333333334,0.02666666666666667,0.9466666666666667,0.18575851393188852,0.09287925696594426,0.18575851393188852,0.0,0.09287925696594426,0.0,1.8575851393188854,0.46439628482972134,0.7430340557275541,0.6501547987616099,0.2786377708978328,0.2786377708978328,2.5077399380804954,1.3003095975232197
Theo Bongonda,Cádiz,ESP-La Liga,26,COD,MF,1938.0,34.9,0.09,1.19,0.18575851393188852,0.1393188854489164,0.1393188854489164,0.04643962848297213,0.09287925696594426,0.0,0.6965944272445821,1.718266253869969,0.2786377708978328,3.111455108359133,0.2786377708978328,0.9752321981424149,1.9969040247678018,0.6965944272445821
Theo Hernández,Milan,ITA-Serie A,26,FRA,"DF,MF",8258.0,30.5,0.08666666666666667,1.9433333333333334,0.1416807943812061,0.10898522644708161,0.11988374909178978,0.021797045289416322,0.23976749818357956,0.021797045289416322,0.8391862436425284,1.6347783967062244,0.07628965851295713,2.9752966820053284,0.5994187454589489,0.7955921530636959,1.6674739646403487,0.5013320416565754
Theo Walcott,Southampton,ENG-Premier League,33,ENG,"MF,FW",1129.0,40.0,0.1,0.55,0.15943312666076173,0.15943312666076173,0.15943312666076173,0.0,0.07971656333038087,0.0,0.5580159433126661,0.7971656333038087,1.195748449955713,1.5943312666076175,0.7174490699734278,0.47829937998228517,1.5943312666076175,0.6377325066430469
Thiago Alcántara,Liverpool,ENG-Premier League,32,ESP,MF,1260.0,5.0,0.0,0.86,0.0,0.0,0.0,0.0,0.14285714285714285,0.0,1.2857142857142856,1.8571428571428572,0.0,0.2857142857142857,1.4285714285714284,1.9285714285714286,0.7142857142857142,0.07142857142857142
Thiago Almada,Lyon,FRA-Ligue 1,23,ARG,MF,2262.0,34.65,0.09000000000000001,1.7650000000000001,0.15915119363395225,0.19893899204244034,0.15915119363395225,0.0,0.19893899204244034,0.03978779840848806,0.9151193633952255,0.9549071618037135,0.11936339522546419,3.4217506631299734,0.636604774535809,1.0742705570291777,1.750663129973475,0.596816976127321
Thiago Fernández,Levante,ESP-La Liga,22-160,ARG,MF,1041.0,29.25,0.0,1.335,0.0,0.345821325648415,0.0,0.0,0.345821325648415,0.0,0.69164265129683,0.9510086455331411,0.25936599423631124,2.76657060518732,0.69164265129683,0.9510086455331411,1.5561959654178676,0.5187319884726225
Thiago Mendes,Lyon,FRA-Ligue 1,30,BRA,"MF,DF",2063.0,28.6,0.07,1.55,0.043625787687833255,0.043625787687833255,0.043625787687833255,0.0,0.13087736306349976,0.0,1.0033931168201649,1.047018904507998,0.0,0.2617547261269995,1.9631604459524965,1.177896267571498,0.6107610276296656,0.17450315075133302
Thiago Silva,Chelsea,ENG-Premier League,38,BRA,DF,4879.0,20.950000000000003,0.105,1.42,0.05533920885427341,0.05533920885427341,0.05533920885427341,0.0,0.11067841770854682,0.0,0.3689280590284894,0.3689280590284894,0.01844640295142447,0.11067841770854682,1.0883377741340439,0.7378561180569788,0.5349456855913097,0.11067841770854682
Thibault De Smet,Paris FC,FRA-Ligue 1,27,BEL,DF,4925.0,0.0,0.0,1.3074999999999999,0.0,0.0365482233502538,0.0,0.0,0.27411167512690354,0.05482233502538071,1.3705583756345179,0.6030456852791878,0.10964467005076142,1.9187817258883249,0.950253807106599,1.2243654822335026,0.16446700507614212,0.0
Thierno Balde,Troyes,FRA-Ligue 1,20,FRA,"MF,DF",2153.0,14.3,0.0,0.65,0.0,0.04180213655364608,0.0,0.0,0.04180213655364608,0.0,0.3344170924291686,1.4212726428239666,0.08360427310729215,1.4630747793776124,0.9196470041802136,0.6270320483046911,0.29261495587552255,0.04180213655364608
Thierno Barry,Villarreal,ESP-La Liga,21,FRA,FW,4474.0,34.766666666666666,0.15666666666666665,1.5866666666666667,0.4023245417970496,0.08046490835940992,0.3822083147071971,0.02011622708985248,0.14081358962896737,0.0,1.8708091193562806,1.2673223066607062,0.6638354939651319,0.22127849798837732,0.1005811354492624,0.28162717925793473,2.413947250782298,0.8448815377738041
Thierry Correia,Venezia,ITA-Serie A,27-185,POR,MF,6411.0,27.24,0.0,0.8220000000000001,0.0,0.05615348619560131,0.0,0.0,0.21057557323350493,0.014038371548900327,1.7828731867103416,1.7407580720636406,0.0982686008423023,2.7515208235844644,1.0809546092653253,1.7969115582592419,0.36499766027140845,0.0982686008423023
Thijs Dallinga,Köln,Unknown,26-038,NED,FW,6854.0,42.86,0.242,1.7259999999999998,0.43332360665304936,0.09191712868398016,0.4201925882696235,0.013131018383425735,0.17070323898453457,0.0,1.5363291508608112,1.1949226728917421,0.7090749927049897,0.5383717537204552,0.11817916545083162,0.40706156988619785,2.691858768602276,1.1030055442077618
Thilo Kehrer,Monaco,FRA-Ligue 1,29-354,GER,DF,8313.0,19.8,0.06833333333333334,1.9016666666666666,0.05413208228076506,0.032479249368459036,0.05413208228076506,0.0,0.20570191266690727,0.032479249368459036,1.0934680620714543,0.714543486106099,0.032479249368459036,0.3464453265968964,1.3749548899314328,1.1800793937206784,0.5196679898953446,0.1515698303861422
Thomas Delaine,Le Havre,FRA-Ligue 1,33,FRA,"MF,DF",3323.0,20.85,0.02,1.7725,0.027083960276858263,0.08125188083057477,0.027083960276858263,0.0,0.24375564249172432,0.0,1.5979536563346373,0.9208546494131808,0.027083960276858263,5.0917845320493536,0.9750225699668973,0.9208546494131808,0.5687631658140234,0.16250376166114955
Thomas Foket,Reims,FRA-Ligue 1,28,BEL,"DF,MF",3809.0,25.0,0.0,1.49,0.0,0.047256497768443165,0.0,0.0,0.21265423995799423,0.023628248884221582,1.2286689419795223,0.8269887109477553,0.16539774218955106,2.197427146232607,1.1341559464426358,1.0396429509057494,0.11814124442110789,0.023628248884221582
Thomas Henry,Hellas Verona,ITA-Serie A,28,FRA,FW,1364.0,38.9,0.16,0.6950000000000001,0.3299120234604106,0.0,0.3299120234604106,0.0,0.3958944281524927,0.13196480938416422,2.771260997067449,1.3856304985337244,0.7917888563049854,0.46187683284457476,0.0,0.26392961876832843,2.1114369501466275,0.7917888563049854
Thomas Kristensen,Udinese,ITA-Serie A,23,DEN,DF,6322.0,36.5,0.17333333333333334,1.1500000000000001,0.05694400506168934,0.014236001265422335,0.05694400506168934,0.0,0.18506801645049034,0.014236001265422335,1.1531161024992092,0.27048402404302435,0.07118000632711168,0.213540018981335,1.0961720974375198,0.8256880733944955,0.3559000316355584,0.14236001265422335
Thomas Lemar,Elche,ESP-La Liga,30-302,FRA,MF,2795.0,35.32,0.11800000000000002,1.226,0.16100178890876565,0.1288014311270125,0.16100178890876565,0.0,0.19320214669051877,0.0,0.998211091234347,1.3202146690518783,0.06440071556350625,3.6386404293381034,0.38640429338103754,1.1592128801431127,1.1914132379248659,0.51520572450805
Thomas Mangani,Ajaccio,FRA-Ligue 1,35,FRA,MF,1332.0,18.2,0.09,0.77,0.06756756756756757,0.06756756756756757,0.0,0.06756756756756757,0.2702702702702703,0.06756756756756757,1.6891891891891893,0.8108108108108109,0.0,5.337837837837838,1.4189189189189189,1.2162162162162162,0.7432432432432432,0.13513513513513514
Thomas Meunier,Dortmund,Unknown,31,BEL,DF,5251.0,30.619999999999997,0.036,1.782,0.06855836983431728,0.03427918491715864,0.06855836983431728,0.0,0.17139592458579317,0.0,1.3711673966863454,0.17139592458579317,0.10283755475147591,2.605218053704056,1.1826318796419728,1.1483526947248142,1.0969339173490764,0.34279184917158634
Thomas Müller,Bayern Munich,Unknown,34,GER,"MF,FW",4544.0,40.9,0.10666666666666667,2.1966666666666668,0.2574823943661972,0.4159330985915493,0.2574823943661972,0.0,0.05941901408450704,0.0,0.6932218309859155,0.8912852112676057,0.43573943661971826,2.673855633802817,0.15845070422535212,0.6139964788732394,2.2183098591549295,0.9308978873239436
Thomas Ouwejan,Schalke 04,Unknown,25,NED,"DF,MF",903.0,20.0,0.0,0.47,0.0,0.09966777408637874,0.0,0.0,0.09966777408637874,0.0,0.5980066445182725,0.6976744186046512,0.09966777408637874,9.667774086378738,1.3953488372093024,0.8970099667774086,0.49833887043189373,0.09966777408637874
Thomas Partey,Villarreal,ESP-La Liga,32,GHA,MF,7002.0,23.025000000000002,0.065,2.2424999999999997,0.08997429305912596,0.02570694087403599,0.08997429305912596,0.0,0.16709511568123395,0.0,1.3110539845758353,0.8483290488431877,0.012853470437017995,0.3341902313624679,1.0796915167095116,1.4138817480719794,0.9383033419023137,0.2185089974293059
Théo Le Bris,Lorient,FRA-Ligue 1,23-344,FRA,MF,5028.0,36.65,0.08,1.32,0.07159904534606205,0.10739856801909309,0.07159904534606205,0.0,0.03579952267303103,0.0,0.37589498806682575,0.39379474940334125,0.0,2.416467780429594,0.8949880668257757,1.324582338902148,0.7517899761336515,0.25059665871121717
Théo Sainte-Luce,Montpellier,FRA-Ligue 1,25,FRA,DF,1898.0,50.0,0.15333333333333335,0.89,0.09483667017913593,0.04741833508956796,0.09483667017913593,0.0,0.18967334035827185,0.0,1.1380400421496313,0.6638566912539515,0.09483667017913593,1.9441517386722866,1.1854583772391991,1.375131717597471,0.6638566912539515,0.33192834562697576
Tiago Djaló,Juventus,ITA-Serie A,23,POR,DF,2034.0,13.35,0.065,2.34,0.08849557522123894,0.0,0.08849557522123894,0.0,0.30973451327433627,0.0,0.84070796460177,0.84070796460177,0.04424778761061947,0.1327433628318584,0.9292035398230089,1.0619469026548671,0.6637168141592921,0.17699115044247787
Tiago Gabriel,Lecce,ITA-Serie A,21-258,POR,DF,3467.0,40.0,0.3666666666666667,0.8333333333333334,0.07787712719930776,0.0,0.07787712719930776,0.0,0.18171329679838474,0.0,0.8047303143928468,1.0643207383905395,0.02595904239976925,0.0519180847995385,1.246034035188924,1.1421978655898473,0.5451398903951543,0.12979521199884628
Tiago Santos,Lille,FRA-Ligue 1,24-049,POR,DF,3748.0,36.55,0.07,1.82,0.048025613660619,0.048025613660619,0.048025613660619,0.0,0.16808964781216648,0.0,1.392742796157951,2.953575240128068,0.048025613660619,3.4578441835645677,0.6003201707577375,1.3687299893276414,1.2966915688367129,0.33617929562433296
Tiago Tomás,Stuttgart,Unknown,24-086,POR,FW,5288.0,40.28,0.082,1.002,0.2552950075642965,0.1361573373676248,0.2552950075642965,0.0,0.2723146747352496,0.0,1.1573373676248109,2.655068078668684,0.2552950075642965,1.6168683812405444,0.3574130105900151,0.5956883509833585,2.382753403933434,0.9190620272314673
Tiemoué Bakayoko,Milan,ITA-Serie A,27,FRA,MF,1355.0,29.15,0.085,1.475,0.13284132841328414,0.06642066420664207,0.13284132841328414,0.0,0.33210332103321033,0.0,1.859778597785978,1.5940959409594095,0.13284132841328414,0.06642066420664207,1.6605166051660516,1.4612546125461254,0.7970479704797048,0.4649446494464945
Tijjani Noslin,Lazio,ITA-Serie A,27-065,NED,"FW,MF",3398.0,27.6,0.09,1.8275000000000001,0.2913478516774573,0.21188934667451442,0.2913478516774573,0.0,0.26486168334314303,0.026486168334314303,1.6951147733961154,1.2713360800470865,0.2913478516774573,1.0594467333725721,0.15891701000588582,0.4767510300176574,2.4102413184226017,0.9005297233666862
Tijjani Reijnders,Milan,ITA-Serie A,26,NED,MF,7579.0,29.866666666666664,0.10000000000000002,1.8666666666666665,0.21374851563530808,0.10687425781765404,0.21374851563530808,0.0,0.14249901042353874,0.011874917535294892,0.8074943924000527,0.676870299511809,0.08312442274706426,1.5318643620530412,0.7956194748647579,0.49874653648238554,2.018735981000132,0.6293706293706294
Tim Drexler,Hoffenheim,Unknown,19,GER,DF,930.0,50.0,0.0,1.065,0.0,0.0,0.0,0.0,0.2903225806451613,0.0,1.1612903225806452,0.6774193548387097,0.0,0.0967741935483871,0.8709677419354839,1.6451612903225807,0.1935483870967742,0.1935483870967742
Tim Iroegbunam,Everton,ENG-Premier League,23-072,ENG,MF,2230.0,2.075,0.0,1.1875,0.0,0.1210762331838565,0.0,0.0,0.5246636771300448,0.0,2.179372197309417,1.4125560538116593,0.0,0.16143497757847533,1.5739910313901344,2.4618834080717487,0.6860986547085202,0.04035874439461883
Tim Kleindienst,Gladbach,Unknown,31-010,GER,FW,5779.0,27.425,0.0875,1.23,0.43606160235334834,0.15573628655476726,0.38934071638691814,0.046720885966430176,0.171309915210244,0.015573628655476726,2.61636961412009,0.6073715175635923,0.622945146219069,0.5762242602526388,0.38934071638691814,0.4516352310088251,2.554075099498183,1.1524485205052777
Tim Lemperle,Hoffenheim,Unknown,24-217,GER,FW,2159.0,29.866666666666664,0.13333333333333333,1.1466666666666667,0.3751736915238536,0.08337193144974525,0.333487725798981,0.041685965724872626,0.12505789717461788,0.041685965724872626,2.5845298749421026,0.666975451597962,0.7503473830477072,1.2088930060213061,0.2918017600741084,0.8754052802223251,2.459471977767485,0.9587772116720704
Tim Oermann,Leverkusen,Unknown,21,GER,DF,3139.0,0.0,0.0,1.025,0.0,0.05734310289901243,0.0,0.0,0.05734310289901243,0.0,0.7741318891366678,0.4874163746416056,0.0,0.6307741318891367,0.802803440586174,1.2328767123287672,0.401401720293087,0.0
Tim Ream,Fulham,ENG-Premier League,35,USA,DF,4400.0,83.35,0.665,1.29,0.04090909090909091,0.0,0.04090909090909091,0.0,0.12272727272727274,0.020454545454545454,0.5318181818181819,0.26590909090909093,0.04090909090909091,0.10227272727272727,1.3909090909090909,0.5727272727272728,0.08181818181818182,0.06136363636363637
Tim Siersleben,Heidenheim,Unknown,25,GER,DF,3173.0,36.666666666666664,0.0,1.0,0.0,0.0,0.0,0.0,0.19855026788528207,0.0,1.2763945792625275,0.7091080995902931,0.02836432398361172,0.6807437756066813,1.7585880869839268,1.1629372833280807,0.34037188780334066,0.1418216199180586
Tim Skarke,Union Berlin,Unknown,30-003,GER,"FW,MF",4742.0,43.800000000000004,0.10166666666666667,0.7999999999999999,0.2087726697595951,0.07591733445803459,0.2087726697595951,0.0,0.1708140025305778,0.0,1.081822016026993,1.3665120202446224,0.645297342893294,3.188528047237453,0.24673133698861238,0.7781526781948545,2.2964993673555463,0.7971320118093632
Timo Becker,Schalke 04,Unknown,29-169,GER,DF,2625.0,11.75,0.0,0.615,0.0,0.06857142857142857,0.0,0.0,0.06857142857142857,0.0,0.30857142857142855,0.34285714285714286,0.0,0.7542857142857143,0.6514285714285715,1.3714285714285714,0.5828571428571429,0.13714285714285715
Timo Hübers,Köln,Unknown,29,GER,DF,6012.0,23.133333333333336,0.06666666666666667,1.1666666666666667,0.044910179640718556,0.0,0.044910179640718556,0.0,0.20958083832335328,0.0,1.2574850299401197,0.8682634730538922,0.029940119760479042,0.08982035928143711,1.7814371257485029,1.2574850299401197,0.5538922155688624,0.17964071856287422
Timo Werner,RB Leipzig,Unknown,29,GER,"FW,MF",3483.0,33.86,0.088,1.452,0.3359173126614987,0.23255813953488372,0.31007751937984496,0.02583979328165375,0.07751937984496124,0.0,0.36175710594315247,0.5943152454780362,1.1111111111111112,2.325581395348837,0.3359173126614987,0.36175710594315247,2.764857881136951,1.0594315245478036
Timothee Pembele,Le Havre,FRA-Ligue 1,24-001,FRA,"MF,DF",1962.0,30.2,0.0325,0.6375,0.045871559633027525,0.045871559633027525,0.045871559633027525,0.0,0.1834862385321101,0.0,0.8256880733944955,0.8256880733944955,0.13761467889908258,1.9724770642201834,1.0091743119266054,1.6055045871559632,0.7798165137614679,0.27522935779816515
Timothy Castagne,Fulham,ENG-Premier League,30-279,BEL,DF,9629.0,39.88,0.036,0.942,0.028040294942361616,0.07477411984629764,0.028040294942361616,0.0,0.11216117976944646,0.0,0.8131685533284868,0.4392979540969986,0.11216117976944646,1.8786997611382281,1.2618132724062727,1.1683456225984008,0.542112368885658,0.2056288295773185
Timothy Weah,Juventus,ITA-Serie A,24,USA,"MF,DF",7167.0,32.82,0.062,1.6440000000000001,0.08790288823775638,0.08790288823775638,0.08790288823775638,0.0,0.20092088740058603,0.0,1.0925073252406865,0.7660108832147341,0.12557555462536626,2.5617413143574717,0.7157806613645877,1.1176224361657598,1.1929677689409794,0.4143993302637087
Tino Kadewere,Nantes,FRA-Ligue 1,28,ZIM,MF,2131.0,43.325,0.07,1.04,0.12670107930549038,0.08446738620366025,0.12670107930549038,0.0,0.12670107930549038,0.0,1.3092444861567338,0.7602064758329422,0.5912717034256217,0.7179727827311122,0.9291412482402628,0.7602064758329422,1.8160488033786955,0.7602064758329422
Tino Livramento,Newcastle,ENG-Premier League,23-302,ENG,"DF,MF",5511.0,16.66,0.05,1.28,0.01633097441480675,0.0326619488296135,0.01633097441480675,0.0,0.048992923244420256,0.0,0.261295590636908,1.3228089275993467,0.08165487207403375,1.8617310832879697,0.8818726183995644,1.0288513881328252,0.21230266739248776,0.065323897659227
Tobias Kempe,Darmstadt 98,Unknown,34,GER,MF,1350.0,19.0,0.14,0.54,0.2,0.13333333333333333,0.0,0.2,0.06666666666666667,0.0,0.9333333333333333,0.7333333333333333,0.0,5.333333333333334,0.5333333333333333,0.8666666666666667,1.4,0.26666666666666666
Tolgay Arslan,Udinese,ITA-Serie A,31,GER,MF,1211.0,20.0,0.04,1.28,0.07431874483897605,0.0,0.07431874483897605,0.0,0.22295623451692814,0.0,1.1147811725846408,2.601156069364162,0.0,2.0809248554913293,0.8918249380677126,1.263418662262593,1.8579686209744015,0.37159372419488024
Tolu Arokodare,Wolves,ENG-Premier League,24,NGA,FW,1419.0,34.8,0.07,0.61,0.19027484143763215,0.06342494714587738,0.19027484143763215,0.0,0.06342494714587738,0.0,1.1416490486257929,1.0782241014799154,0.3805496828752643,0.0,0.31712473572938693,0.2536997885835095,2.917547568710359,1.014799154334038
Tom Bischof,Bayern Munich,Unknown,21-074,GER,MF,4378.0,22.78,0.04,1.424,0.16445865692096848,0.1439013248058474,0.16445865692096848,0.0,0.1439013248058474,0.0,1.4595705801735954,0.9867519415258109,0.10278666057560529,3.905893101873001,1.027866605756053,1.7473732297852902,1.9323892188213796,0.6167199634536318
Tom Cairney,Fulham,ENG-Premier League,34,SCO,MF,3879.0,27.4,0.11499999999999999,1.3,0.16241299303944318,0.09280742459396753,0.16241299303944318,0.0,0.2552204176334107,0.023201856148491882,0.951276102088167,1.740139211136891,0.0,2.0185614849187936,0.5568445475638051,0.7424593967517402,1.531322505800464,0.39443155452436196
Tom Krauß,Köln,Unknown,25-080,GER,MF,6895.0,22.5,0.028000000000000004,1.032,0.03915881073241479,0.05221174764321972,0.03915881073241479,0.0,0.26105873821609865,0.0,1.527193618564177,1.148658448150834,0.0,0.6526468455402465,1.2008701957940537,2.1015228426395938,0.8745467730239304,0.2088469905728789
Tom Lockyer,Luton Town,ENG-Premier League,28,WAL,DF,1169.0,14.3,0.14,0.64,0.07698887938408897,0.07698887938408897,0.07698887938408897,0.0,0.30795551753635586,0.0,1.1548331907613345,0.7698887938408896,0.0,0.07698887938408897,1.7707442258340462,1.2318220701454234,0.5389221556886228,0.07698887938408897
Tom Louchet,Nice,FRA-Ligue 1,22,FRA,MF,2551.0,37.300000000000004,0.24,1.3366666666666667,0.1764014112112897,0.10584084672677381,0.1764014112112897,0.0,0.10584084672677381,0.03528028224225794,1.093688749509996,0.9172873382987063,0.0,4.233633869070952,0.9525676205409643,1.3759310074480595,1.2348098784790278,0.3880831046648373
Tom Rothe,Union Berlin,Unknown,21-316,GER,DF,2905.0,29.3,0.0625,1.045,0.1549053356282272,0.0929432013769363,0.1549053356282272,0.0,0.1549053356282272,0.06196213425129088,1.2392426850258176,0.5886402753872634,0.12392426850258176,2.757314974182444,1.3012048192771084,1.6110154905335627,1.3631669535283994,0.4647160068846816
Toma Bašić,Venezia,ITA-Serie A,29-289,CRO,MF,3558.0,23.45,0.04,0.9299999999999999,0.07588532883642496,0.07588532883642496,0.07588532883642496,0.0,0.17706576728499157,0.025295109612141653,1.1888701517706577,1.3406408094435076,0.025295109612141653,2.630691399662732,0.7335581787521078,0.9359190556492412,1.3406408094435076,0.4553119730185497
Tommaso Augello,Cagliari,ITA-Serie A,29,ITA,"MF,DF",8192.0,22.133333333333336,0.09333333333333334,0.84,0.032958984375,0.142822265625,0.032958984375,0.0,0.120849609375,0.0,0.472412109375,0.5712890625,0.054931640625,5.82275390625,0.46142578125,0.670166015625,0.318603515625,0.076904296875
Tommaso Baldanzi,Genoa,ITA-Serie A,23-171,ITA,MF,4859.0,27.0,0.05714285714285715,1.0957142857142856,0.14817863757974892,0.055566989092405844,0.14817863757974892,0.0,0.16670096727721753,0.0,0.7779378472936818,1.9818892776291417,0.11113397818481169,1.240996089730397,0.3148796048569664,0.6112368800164643,2.018933937024079,0.5927145503189957
Tommaso Barbieri,Cremonese,ITA-Serie A,22,ITA,MF,1816.0,6.25,0.0,0.9299999999999999,0.0,0.04955947136563877,0.0,0.0,0.39647577092511016,0.0,2.2301762114537445,1.486784140969163,0.04955947136563877,4.212555066079295,0.6938325991189427,1.4372246696035242,0.7929515418502203,0.09911894273127754
Tommaso Pobega,Bologna,ITA-Serie A,27-057,ITA,MF,3930.0,35.660000000000004,0.06,1.6620000000000001,0.1603053435114504,0.06870229007633588,0.1603053435114504,0.0,0.2748091603053435,0.06870229007633588,2.450381679389313,0.8702290076335878,0.0,0.34351145038167935,1.1221374045801527,1.465648854961832,1.7404580152671756,0.6183206106870229
Tommy Doyle,Wolves,ENG-Premier League,22,ENG,MF,1710.0,21.799999999999997,0.0,1.02,0.0,0.052631578947368425,0.0,0.0,0.15789473684210525,0.0,0.8421052631578948,0.47368421052631576,0.0,2.210526315789474,0.9473684210526315,1.0526315789473684,1.2105263157894737,0.2631578947368421
Tomoya Ando,St Pauli,Unknown,26,JPN,DF,1260.0,25.0,0.0,0.6,0.0,0.07142857142857142,0.0,0.0,0.2142857142857143,0.0,0.8571428571428572,0.8571428571428572,0.0,0.4285714285714286,1.0,1.642857142857143,0.5714285714285714,0.14285714285714285
Tomás Rincón,Sampdoria,ITA-Serie A,34,VEN,MF,2555.0,27.3,0.0,0.47,0.0,0.07045009784735812,0.0,0.0,0.24657534246575344,0.03522504892367906,2.0782778864970646,0.9863013698630138,0.0,0.7397260273972602,1.0567514677103718,1.0215264187866928,0.3874755381604697,0.10567514677103718
Tomáš Souček,West Ham,ENG-Premier League,30,CZE,MF,10452.0,40.1,0.14500000000000002,1.1875,0.19804822043628012,0.05166475315729047,0.19804822043628012,0.0,0.18082663605051666,0.008610792192881746,1.5068886337543053,0.7577497129735936,0.18082663605051666,0.46498277841561425,1.0935706084959815,1.0505166475315728,1.351894374282434,0.5166475315729048
Tomáš Suslov,Hellas Verona,ITA-Serie A,23,SVK,FW,4618.0,28.666666666666668,0.02,0.8300000000000001,0.0584668687743612,0.1169337375487224,0.0389779125162408,0.0194889562581204,0.292334343871806,0.0389779125162408,2.007362494586401,2.5725422260718926,0.0584668687743612,2.786920744911217,0.4677349501948896,1.4226938068427892,1.8709398007795583,0.5262018189692508
Tomáš Čvančara,Gladbach,Unknown,23,CZE,"MF,FW",1727.0,36.8,0.095,1.075,0.3126809496236248,0.05211349160393746,0.26056745801968734,0.05211349160393746,0.4690214244354372,0.05211349160393746,1.0422698320787493,0.9901563404748117,0.26056745801968734,0.9901563404748117,0.3126809496236248,0.1563404748118124,3.1268094962362483,1.1464968152866242
Toni Kroos,Real Madrid,ESP-La Liga,33,GER,MF,4279.0,36.3,0.045,2.24,0.0630988548726338,0.2523954194905352,0.0630988548726338,0.0,0.10516475812105631,0.021032951624211264,0.9464828230895068,1.5564384201916335,0.0630988548726338,5.068941341434915,0.8623510165926618,1.367141855573732,1.3881748071979434,0.5047908389810704
Toni Lato,Mallorca,ESP-La Liga,27,ESP,"DF,MF",3662.0,12.775,0.0275,1.04,0.024576734025122882,0.049153468050245765,0.024576734025122882,0.0,0.19661387220098306,0.024576734025122882,1.228836701256144,0.8110322228290551,0.19661387220098306,3.194975423265975,0.835608956854178,1.3025669033315128,0.3440742763517204,0.07373020207536865
Toni Martínez,Alavés,ESP-La Liga,29-072,ESP,FW,3959.0,23.76666666666667,0.08,1.47,0.40919424096994195,0.06819904016165698,0.3864612275827229,0.022733013387218996,0.06819904016165698,0.0,1.4776458701692345,1.2275827229098257,0.47739328113159885,0.4546602677443799,0.09093205354887599,0.5228593079060369,3.3190199545339736,1.1593836827481687
Toni Villa,Girona,ESP-La Liga,28,ESP,MF,999.0,39.199999999999996,0.02,0.9433333333333334,0.09009009009009009,0.2702702702702703,0.09009009009009009,0.0,0.18018018018018017,0.0,1.0810810810810811,1.8018018018018018,0.7207207207207207,2.8828828828828827,0.7207207207207207,1.7117117117117118,1.6216216216216217,0.36036036036036034
Tonny Vilhena,Salernitana,ITA-Serie A,27,NED,MF,2265.0,29.0,0.13,1.12,0.15894039735099338,0.039735099337748346,0.15894039735099338,0.0,0.1986754966887417,0.0,1.390728476821192,1.3509933774834437,0.039735099337748346,2.1059602649006623,0.6357615894039735,0.8741721854304636,1.2317880794701987,0.3576158940397351
Torbjørn Heggem,Bologna,ITA-Serie A,27-241,NOR,DF,2383.0,9.1,0.0,0.8150000000000001,0.0,0.0,0.0,0.0,0.03776751993285774,0.03776751993285774,1.3596307175828788,0.5287452790600085,0.0,0.03776751993285774,1.0197230381871591,0.7553503986571548,0.4532102391942929,0.07553503986571548
Tosin Adarabioyo,Chelsea,ENG-Premier League,27,ENG,DF,5906.0,18.650000000000002,0.07,1.535,0.06095496105655266,0.015238740264138165,0.06095496105655266,0.0,0.18286488316965796,0.0,0.5943108703013884,0.2895360650186251,0.07619370132069082,0.06095496105655266,1.0362343379613952,0.6857433118862174,0.7009820521503556,0.1676261429055198
Tosin Aiyegun,Lorient,FRA-Ligue 1,28-076,BEN,"FW,MF",2021.0,22.433333333333334,0.11666666666666665,0.7766666666666667,0.31172686788718457,0.0,0.31172686788718457,0.0,0.044532409698169226,0.044532409698169226,1.0687778327560613,1.2914398812469075,0.31172686788718457,0.6234537357743691,0.13359722909450766,0.400791687283523,1.8703612073231075,0.6679861454725383
Toti Gomes,Wolves,ENG-Premier League,26,POR,DF,7794.0,43.225,0.07500000000000001,1.09,0.023094688221709007,0.046189376443418015,0.023094688221709007,0.0,0.25404157043879905,0.011547344110854504,1.0277136258660509,0.5080831408775981,0.06928406466512702,0.5311778290993071,0.8314087759815242,0.9930715935334873,0.3117782909930716,0.13856812933025403
Trai Hume,Sunderland,ENG-Premier League,24-176,NIR,MF,3232.0,10.3,0.03,1.375,0.055693069306930694,0.027846534653465347,0.055693069306930694,0.0,0.2506188118811881,0.0,0.9467821782178218,1.113861386138614,0.08353960396039603,2.5897277227722775,0.724009900990099,1.448019801980198,1.0024752475247525,0.19492574257425743
Trent Alexander-Arnold,Real Madrid,ESP-La Liga,27-338,ENG,DF,8734.0,24.96,0.036,2.02,0.082436455232425,0.24730936569727502,0.082436455232425,0.0,0.20609113808106252,0.0,0.5358369590107626,0.2988321502175406,0.07213189832837189,7.398671857110144,1.2056331577742156,1.2880696130066407,1.4838561941836501,0.2782230364094344
Trevoh Chalobah,Como,ITA-Serie A,27-067,ENG,DF,7583.0,55.46666666666667,0.16,1.7133333333333336,0.08308057497032836,0.011868653567189765,0.08308057497032836,0.0,0.13055518923908743,0.011868653567189765,0.6290386390610576,0.6171699854938678,0.0356059607015693,0.33232229988131345,1.2106026638533562,0.9376236318079916,0.5459580640907292,0.20176711064222605
Tuta,Frankfurt,Unknown,25,BRA,"DF,MF",7592.0,32.733333333333334,0.11666666666666665,1.593333333333333,0.059272918861959956,0.04741833508956796,0.059272918861959956,0.0,0.2252370916754478,0.02370916754478398,1.0787671232876712,0.5097471022128557,0.01185458377239199,0.26080084299262385,1.4699683877766068,1.1498946259220233,0.5571654373024236,0.1778187565858799
Tylel Tati,Nantes,FRA-Ligue 1,17,FRA,DF,1721.0,0.0,0.0,0.7,0.0,0.0,0.0,0.0,0.26147588611272515,0.05229517722254503,1.307379430563626,0.7844276583381754,0.0,0.05229517722254503,0.7321324811156305,0.6798373038930854,0.1568855316676351,0.0
Tyler Adams,Bournemouth,ENG-Premier League,27-208,USA,MF,6127.0,16.44,0.04,1.322,0.029378162232740333,0.07344540558185082,0.029378162232740333,0.0,0.3084707034437735,0.014689081116370167,1.7920678961971603,0.8960339480985802,0.029378162232740333,0.11751264893096133,1.4395299494042761,1.8802023828953813,0.3378488656765138,0.11751264893096133
Tyler Dibling,Everton,ENG-Premier League,19,ENG,MF,2232.0,16.05,0.035,0.705,0.08064516129032258,0.0,0.08064516129032258,0.0,0.3225806451612903,0.0,1.653225806451613,2.5,0.08064516129032258,1.411290322580645,0.5241935483870968,0.967741935483871,1.2903225806451613,0.3629032258064516
Tyler Morton,Lyon,FRA-Ligue 1,23-314,ENG,MF,2714.0,14.3,0.035,2.08,0.06632277081798084,0.06632277081798084,0.06632277081798084,0.0,0.23212969786293292,0.03316138540899042,1.094325718496684,0.630066322770818,0.0,2.984524686809138,0.862196020633751,0.9616801768607222,0.9948415622697125,0.26529108327192336
Tyrell Malacia,Manchester Utd,ENG-Premier League,25,NED,DF,1514.0,13.333333333333334,0.0,1.6666666666666667,0.0,0.0,0.0,0.0,0.41611624834874505,0.0,2.4966974900924703,0.8916776750330251,0.178335535006605,0.9511228533685601,1.5455746367239103,2.080581241743725,0.29722589167767505,0.11889035667107001
Tyrhys Dolan,Espanyol,ESP-La Liga,24-256,ENG,MF,2757.0,30.15,0.155,1.0550000000000002,0.09793253536452666,0.16322089227421108,0.09793253536452666,0.0,0.22850924918389556,0.03264417845484222,1.4036996735582155,1.6974972796517953,0.19586507072905332,3.754080522306855,0.6855277475516867,1.2404787812840044,1.2404787812840044,0.4243743199129488
Tyrick Mitchell,Crystal Palace,ENG-Premier League,27-009,ENG,MF,12691.0,30.360000000000003,0.12400000000000003,1.204,0.03545819872350484,0.08509967693641163,0.03545819872350484,0.0,0.13474115514931842,0.00709163974470097,0.7375305334489007,0.5602395398313765,0.07091639744700969,2.538807028602947,0.8368134898747144,1.616893861791821,0.3829485462138524,0.12055787565991648
Tyrone Mings,Aston Villa,ENG-Premier League,33-181,ENG,DF,5731.0,10.16,0.028000000000000004,1.1540000000000001,0.01570406560809632,0.03140813121619264,0.01570406560809632,0.0,0.14133659047286687,0.0,0.5025300994590822,0.6595707555400453,0.04711219682428895,0.12563252486477056,1.1149886581748385,0.2669691153376374,0.45541790263479326,0.06281626243238528
Tyronne Ebuehi,Empoli,ITA-Serie A,28,NGA,DF,3096.0,13.700000000000001,0.03666666666666667,1.1566666666666665,0.05813953488372093,0.1453488372093023,0.05813953488372093,0.0,0.0,0.0,0.5523255813953488,0.8139534883720929,0.1744186046511628,1.5406976744186047,0.5813953488372092,0.7267441860465116,0.6976744186046512,0.1453488372093023
Téji Savanier,Montpellier,FRA-Ligue 1,32,FRA,MF,7674.0,39.5,0.11333333333333334,1.0,0.26974198592650506,0.17591868647380765,0.09382329945269742,0.17591868647380765,0.18764659890539484,0.058639562157935886,1.395621579358874,2.7795152462861608,0.04691164972634871,7.775605942142299,0.8795934323690383,0.9382329945269742,2.2634870992963254,0.8913213448006254
Ulisses Garcia,Sassuolo,ITA-Serie A,29,SUI,DF,2991.0,34.1,0.15,1.244,0.09027081243731194,0.12036108324974924,0.09027081243731194,0.0,0.18054162487462388,0.03009027081243731,1.1133400200601806,0.7221664994984955,0.09027081243731194,3.58074222668004,0.6920762286860582,1.1735205616850553,0.6920762286860582,0.27081243731193577
Umar Sadiq,Valencia,ESP-La Liga,29-220,NGA,FW,3675.0,43.525,0.265,1.1275,0.39183673469387753,0.07346938775510205,0.39183673469387753,0.0,0.34285714285714286,0.0,3.110204081632653,1.493877551020408,1.8367346938775508,0.5142857142857142,0.09795918367346938,0.563265306122449,2.4000000000000004,0.8326530612244898
Umut Tohumcu,Hoffenheim,Unknown,20,GER,MF,1793.0,13.325,0.0,0.9575,0.0,0.1505856107083101,0.0,0.0,0.501952035694367,0.0,1.1042944785276074,1.8572225320691578,0.0,0.8031232571109872,0.5521472392638037,1.3050752928053542,1.204684885666481,0.2007808142777468
Unai Elgezabal,Levante,ESP-La Liga,32,ESP,"DF,MF",958.0,33.3,0.33,0.42,0.0939457202505219,0.0,0.0939457202505219,0.0,0.1878914405010438,0.0,1.033402922755741,0.5636743215031316,0.0,0.0,0.3757828810020876,0.3757828810020876,0.2818371607515658,0.0939457202505219
Unai García,Osasuna,ESP-La Liga,32,ESP,DF,2338.0,30.0,0.16666666666666666,1.2833333333333334,0.03849443969204448,0.03849443969204448,0.03849443969204448,0.0,0.4619332763045338,0.07698887938408897,1.3088109495295124,0.30795551753635586,0.0,0.2694610778443114,1.0008554319931564,0.8468776732249785,0.2694610778443114,0.11548331907613345
Unai Gómez,Udinese,ITA-Serie A,23-108,ESP,MF,3205.0,33.7,0.055,1.5775000000000001,0.11232449297971919,0.11232449297971919,0.11232449297971919,0.0,0.11232449297971919,0.0,1.0109204368174727,1.3198127925117005,0.11232449297971919,1.965678627145086,0.1965678627145086,0.7301092043681746,1.7129485179407178,0.5616224648985959
Unai López,Rayo Vallecano,ESP-La Liga,30-315,ESP,MF,7012.0,32.92,0.038,1.286,0.06417569880205362,0.1540216771249287,0.06417569880205362,0.0,0.3593839132915003,0.025670279520821446,1.8354249857387335,0.9754706217912151,0.08984597832287508,3.157444381061038,0.9883057615516259,1.167997718197376,1.3861950941243584,0.39788933257273246
Unai Núñez,Hellas Verona,ITA-Serie A,28,ESP,DF,9128.0,13.566666666666665,0.008333333333333333,1.2316666666666667,0.00985977212971078,0.0,0.00985977212971078,0.0,0.24649430324276952,0.0,1.0944347063978965,0.7887817703768624,0.01971954425942156,0.1971954425942156,1.6761612620508328,0.9859772129710781,0.5422874671340929,0.11831726555652937
Unai Vencedor Paris,Levante,ESP-La Liga,24,ESP,MF,1005.0,33.35,0.0,1.14,0.0,0.0,0.0,0.0,0.44776119402985076,0.08955223880597014,3.3134328358208958,0.8955223880597015,0.0,2.238805970149254,0.44776119402985076,1.2537313432835822,0.26865671641791045,0.1791044776119403
Urko González,Espanyol,ESP-La Liga,25-174,ESP,MF,4431.0,9.266666666666667,0.0,0.9916666666666667,0.0,0.060934326337169935,0.0,0.0,0.26404874746106977,0.0,1.2389979688557888,1.1780636425186188,0.040622884224779957,0.3046716316858497,0.8124576844955991,1.2593094109681788,0.4874746106973595,0.060934326337169935
Valentin Atangana Edoa,Reims,FRA-Ligue 1,18,FRA,MF,3583.0,13.466666666666667,0.01,1.1466666666666667,0.025118615685180017,0.0,0.025118615685180017,0.0,0.1758303097962601,0.0,2.0597264861847613,1.682947250907061,0.2511861568518002,0.5526095450739603,1.0801004744627407,1.582472788166341,1.0801004744627407,0.20094892548144014
Valentin Carboni,Genoa,ITA-Serie A,20,ARG,MF,1656.0,28.424999999999997,0.0225,0.97,0.10869565217391304,0.16304347826086957,0.10869565217391304,0.0,0.2717391304347826,0.0,2.010869565217391,1.5760869565217392,0.16304347826086957,1.3043478260869565,0.5434782608695652,1.3043478260869565,1.684782608695652,0.5434782608695652
Valentin Gendrey,Hoffenheim,Unknown,25,FRA,DF,7798.0,24.7,0.144,0.9800000000000001,0.046165683508591945,0.08078994614003591,0.046165683508591945,0.0,0.11541420877147986,0.0,0.7501923570146191,1.1195178250833548,0.06924852526288792,2.2159528084124136,1.0271864580661707,1.2003077712233905,0.47319825596306747,0.11541420877147986
Valentin Mihaila,Parma,ITA-Serie A,24,ROU,"MF,FW",1288.0,35.5,0.0,0.81,0.0,0.2096273291925466,0.0,0.0,0.13975155279503104,0.0,1.187888198757764,1.3975155279503106,0.06987577639751552,2.3059006211180124,0.4891304347826087,1.0481366459627328,2.1661490683229814,0.7686335403726708
Valentin Rongier,Rennes,FRA-Ligue 1,31-277,FRA,MF,8443.0,48.739999999999995,0.27,1.916,0.07461802676773659,0.08527774487741324,0.07461802676773659,0.0,0.22385408030320977,0.0,1.6202771526708517,0.7994788582257492,0.0,0.4263887243870662,1.4923605353547318,1.6522563069998815,0.7355205495676893,0.26649295274191637
Valentin Rosier,Nice,FRA-Ligue 1,26,FRA,"DF,MF",5195.0,14.800000000000002,0.04,0.86,0.03464870067372473,0.05197305101058711,0.03464870067372473,0.0,0.24254090471607317,0.017324350336862367,1.3339749759384023,0.6756496631376323,0.19056785370548604,1.4725697786333012,1.645813282001925,1.4898941289701637,0.5890279114533205,0.12127045235803659
Valentino Lazaro,Torino,ITA-Serie A,29,AUT,MF,7926.0,22.075,0.0,1.205,0.0,0.17032551097653292,0.0,0.0,0.19303557910673733,0.0,1.0560181680545042,0.3974261922785769,0.05677517032551098,5.541256623769872,0.48826646479939445,0.6018168054504164,0.5563966691900076,0.11355034065102196
Valentín Barco,Strasbourg,FRA-Ligue 1,21,ARG,MF,3929.0,19.4,0.014000000000000002,1.862,0.04581318401628913,0.1374395520488674,0.04581318401628913,0.0,0.18325273606515652,0.022906592008144565,1.2827691524560958,2.3364723848307456,0.04581318401628913,4.329345889539323,0.7788241282769153,1.580554848561975,1.1224230083990836,0.29778569610587935
Valentín Castellanos,Lazio,ITA-Serie A,26,ARG,FW,8739.0,39.480000000000004,0.10600000000000001,1.472,0.3604531410916581,0.09268795056642636,0.329557157569516,0.030895983522142123,0.30895983522142123,0.010298661174047374,1.596292481977343,1.565396498455201,0.8341915550978373,0.6797116374871267,0.2780638516992791,0.3604531410916581,3.2749742533470645,1.2770339855818744
Valentín Gómez,Real Betis,ESP-La Liga,23-076,ARG,DF,1972.0,22.75,0.045,2.34,0.04563894523326572,0.0,0.04563894523326572,0.0,0.2281947261663286,0.0,1.2322515212981744,0.5020283975659229,0.04563894523326572,0.5476673427991886,1.140973630831643,1.2778904665314401,0.5020283975659229,0.2281947261663286
Valery Fernández,Mallorca,ESP-La Liga,24,ESP,MF,1782.0,46.666666666666664,0.3566666666666667,1.6000000000000003,0.20202020202020204,0.10101010101010102,0.20202020202020204,0.0,0.15151515151515152,0.0,0.8080808080808082,1.5151515151515151,0.4040404040404041,2.02020202020202,0.5555555555555556,1.1111111111111112,0.7575757575757576,0.2525252525252525
Vanderson,Monaco,FRA-Ligue 1,25-081,BRA,DF,6764.0,20.439999999999998,0.038,2.0,0.06652868125369604,0.13305736250739209,0.06652868125369604,0.0,0.27942046126552333,0.039917208752217624,1.7164399763453577,0.8249556475458308,0.06652868125369604,3.259905381431106,1.809580130100532,2.0756948551153163,1.0777646363098758,0.3459491425192194
Vedat Muriqi,Mallorca,ESP-La Liga,31,KVX,FW,10450.0,39.25,0.16,1.1525,0.44784688995215316,0.06889952153110047,0.3444976076555024,0.10334928229665072,0.13779904306220095,0.03444976076555024,1.464114832535885,1.6105263157894736,0.8095693779904307,0.32727272727272727,0.24976076555023924,0.1722488038277512,2.661244019138756,1.0679425837320573
Victor Bernth Kristiansen,Bologna,ITA-Serie A,20,DEN,DF,5681.0,11.1,0.0,1.1333333333333333,0.0,0.07921140644252772,0.0,0.0,0.11089596901953883,0.0,1.045590565041366,0.5386375638091886,0.06336912515402218,2.5506072874493926,0.8237986270022883,1.7109663791585987,0.19010737546206652,0.03168456257701109
Victor Boniface,Leverkusen,Unknown,25-261,NGA,FW,2893.0,37.15,0.08499999999999999,1.4825,0.6844106463878327,0.34220532319391633,0.5599723470445904,0.12443829934324231,0.1555478741790529,0.0,0.9643968199101278,0.9643968199101278,0.8399585205668856,0.34220532319391633,0.0,0.24887659868648462,4.666436225371587,1.8354649153128242
Victor Lindelöf,Aston Villa,ENG-Premier League,32-055,SWE,DF,4615.0,13.34,0.034,1.532,0.01950162513542795,0.0390032502708559,0.01950162513542795,0.0,0.0780065005417118,0.0,0.6825568797399784,0.13651137594799567,0.05850487540628386,0.05850487540628386,0.9165763813651138,0.6435536294691224,0.23401950162513543,0.0780065005417118
Victor Nelsson,Hellas Verona,ITA-Serie A,26,DEN,DF,3502.0,6.25,0.0,1.525,0.0,0.0,0.0,0.0,0.10279840091376356,0.0,1.182181610508281,0.6424900057110223,0.0,0.12849800114220444,1.9788692175899487,1.2335808109651627,0.23129640205596802,0.02569960022844089
Victor Osimhen,Napoli,ITA-Serie A,24,NGA,FW,4548.0,43.150000000000006,0.18,1.8699999999999999,0.8113456464379948,0.13852242744063326,0.712401055408971,0.09894459102902375,0.1978891820580475,0.01978891820580475,1.4050131926121372,1.3852242744063326,1.2862796833773087,0.6530343007915568,0.13852242744063326,0.2770448548812665,4.452506596306068,1.8997361477572559
Victor Parada,Alavés,ESP-La Liga,23,ESP,DF,2149.0,12.5,0.0,2.115,0.0,0.12563983248022337,0.0,0.0,0.37691949744067005,0.041879944160074456,1.2145183806421591,0.6281991624011168,0.16751977664029782,1.298278268962308,0.37691949744067005,0.6281991624011168,0.5025593299208935,0.12563983248022337
Viktor Gyökeres,Arsenal,ENG-Premier League,28-098,SWE,"FW,MF",2237.0,20.0,0.125,2.625,0.5632543585158695,0.04023245417970496,0.44255699597675463,0.1206973625391149,0.2011622708985248,0.0,1.4483683504693785,1.2472060795708537,0.16092981671881984,0.3218596334376397,0.04023245417970496,0.2011622708985248,2.212784979883773,0.8851139919535093
Viktor Kovalenko,Empoli,ITA-Serie A,28,UKR,MF,1238.0,26.266666666666666,0.03,0.5533333333333333,0.07269789983844911,0.07269789983844911,0.07269789983844911,0.0,0.14539579967689822,0.0,1.308562197092084,1.7447495961227786,0.21809369951534732,2.108239095315024,0.43618739903069464,0.7269789983844911,1.817447495961228,0.43618739903069464
Viktor Tsyhankov,Girona,ESP-La Liga,27,UKR,"MF,FW",8084.0,38.4,0.13,1.4324999999999999,0.21152894606630382,0.25606135576447303,0.21152894606630382,0.0,0.044532409698169226,0.0,0.6457199406234537,1.3916378030677883,0.15586343394359228,3.996783770410688,0.6011875309252845,0.7013854527461653,1.6588322612568036,0.6234537357743691
Vincent Le Goff,Lorient,FRA-Ligue 1,33,FRA,"MF,DF",3871.0,29.15,0.125,1.135,0.02324980625161457,0.02324980625161457,0.02324980625161457,0.0,0.04649961250322914,0.0,0.5114957375355206,0.5579953500387497,0.11624903125807286,1.2787393438388015,0.9532420563161973,0.7439938000516663,0.5114957375355206,0.162748643761302
Vincent Marchetti,Paris FC,FRA-Ligue 1,29-068,FRA,"DF,MF",3285.0,34.5,0.19333333333333333,1.67,0.0821917808219178,0.0821917808219178,0.0821917808219178,0.0,0.21917808219178084,0.0,1.1232876712328768,1.1232876712328768,0.05479452054794521,0.1917808219178082,0.6575342465753424,1.0684931506849316,1.726027397260274,0.4657534246575343
Vincent Sierro,Parma,ITA-Serie A,30-337,SUI,MF,5373.0,24.05,0.0825,1.22,0.18425460636515914,0.05025125628140704,0.08375209380234507,0.10050251256281408,0.25125628140703515,0.0,1.775544388609715,1.507537688442211,0.06700167504187604,3.38358458961474,0.7872696817420435,1.139028475711893,1.273031825795645,0.3852596314907873
Vincenzo Grifo,Freiburg,Unknown,33-156,ITA,"FW,MF",8892.0,34.54,0.148,1.81,0.38461538461538464,0.28340080971659914,0.2125506072874494,0.17206477732793524,0.07085020242914979,0.0,0.45546558704453444,0.7186234817813766,0.16194331983805668,5.819838056680162,0.5668016194331983,0.6376518218623481,2.1356275303643724,0.9412955465587044
Vinicius Júnior,Real Madrid,ESP-La Liga,26-060,BRA,MF,10108.0,40.94,0.142,2.2380000000000004,0.47190344281757024,0.25821131776810446,0.40957657301147604,0.062326869806094184,0.3116343490304709,0.01780767708745548,1.2732489117530668,3.0629204590423424,0.4986149584487535,2.2793826671943016,0.10684606252473289,0.5609418282548477,3.0896319746735257,1.3533834586466165
Vinicius Souza,Wolfsburg,Unknown,26,BRA,MF,6860.0,35.03333333333333,0.05666666666666667,0.7733333333333333,0.026239067055393587,0.013119533527696793,0.026239067055393587,0.0,0.23615160349854228,0.013119533527696793,2.0072886297376096,0.9839650145772594,0.026239067055393587,0.23615160349854228,1.3644314868804666,2.243440233236152,0.4329446064139941,0.1574344023323615
Virgil van Dijk,Liverpool,ENG-Premier League,35-064,NED,DF,13032.0,38.38,0.092,1.908,0.09668508287292818,0.027624309392265192,0.09668508287292818,0.0,0.11049723756906077,0.006906077348066298,0.4903314917127072,0.324585635359116,0.034530386740331494,0.020718232044198894,0.9875690607734806,0.5248618784530387,0.9185082872928176,0.324585635359116
Vitaliy Mykolenko,Everton,ENG-Premier League,27-104,UKR,DF,11434.0,15.7,0.030000000000000006,1.304,0.023613783452859895,0.023613783452859895,0.023613783452859895,0.0,0.11806891726429945,0.0,0.818611159699143,0.7477698093405633,0.03148504460381319,2.455833479097429,1.2121742172468077,1.086234038831555,0.4644044079062445,0.08658387266048627
Vitaly Janelt,Brentford,ENG-Premier League,28-123,GER,MF,9229.0,37.86,0.21600000000000003,1.4140000000000001,0.07801495286596598,0.10727056019070322,0.07801495286596598,0.0,0.24379672770614366,0.0,0.9946906490410662,0.7606457904431683,0.05851121464947449,1.7650883085924804,1.2579911149637013,1.0727056019070322,0.6241196229277278,0.2047892512731607
Viti,Las Palmas,ESP-La Liga,26,ESP,DF,1982.0,66.7,0.0,0.9,0.0,0.09081735620585267,0.0,0.0,0.2270433905146317,0.0,1.2714429868819375,1.4076690211907164,0.0,2.0887991927346117,1.1352169525731584,2.134207870837538,0.136226034308779,0.09081735620585267
Vitinha,Genoa,ITA-Serie A,26-179,POR,MF,14404.0,34.17272727272727,0.09,1.0372727272727273,0.18744793113024158,0.13746181616217718,0.17495140238822549,0.012496528742016108,0.09997222993612886,0.0,1.0059705637322967,1.2746459316856429,0.21868925298528188,1.5183282421549569,0.7872813107470147,0.9622327131352402,2.0369341849486253,0.6748125520688698
Vitinho,Burnley,ENG-Premier League,24,BRA,"DF,MF",2314.0,16.0,0.0,0.63,0.0,0.07778738115816768,0.0,0.0,0.03889369057908384,0.0,1.0501296456352636,1.0890233362143475,0.23336214347450301,2.139152981849611,0.3500432152117545,1.3223854796888506,0.9723422644770959,0.15557476231633535
Vitor Reis,Girona,ESP-La Liga,19,BRA,DF,3141.0,7.033333333333334,0.016666666666666666,2.3433333333333333,0.02865329512893983,0.02865329512893983,0.02865329512893983,0.0,0.25787965616045844,0.02865329512893983,1.1461318051575933,0.6876790830945558,0.02865329512893983,0.0,1.002865329512894,0.9169054441260746,0.5444126074498568,0.11461318051575932
Vitor Roque,Real Betis,ESP-La Liga,19,BRA,FW,1563.0,46.25,0.125,2.12,0.345489443378119,0.0,0.345489443378119,0.0,0.4606525911708253,0.05758157389635316,2.476007677543186,2.3608445297504796,0.4030710172744722,0.5182341650671786,0.4030710172744722,0.4606525911708253,3.109404990403071,1.4395393474088292
Vlad Chiricheș,Cremonese,ITA-Serie A,32,ROU,DF,983.0,0.0,0.0,0.81,0.0,0.0,0.0,0.0,0.18311291963377416,0.0,1.4649033570701933,0.7324516785350966,0.0,0.0,2.014242115971516,1.8311291963377416,0.0,0.0
Vladimír Coufal,Hoffenheim,Unknown,34-019,CZE,DF,9527.0,18.68,0.008,1.036,0.009446835310171093,0.17004303558307968,0.009446835310171093,0.0,0.19838354151359294,0.009446835310171093,1.114726566600189,1.0202582134984781,0.028340505930513276,4.525034113571953,1.1808544137713866,1.1808544137713866,0.4534480948882124,0.10391518841188202
Vladyslav Vanat,Girona,ESP-La Liga,23,UKR,FW,1942.0,66.7,0.33,1.37,0.41709577754891863,0.04634397528321318,0.2780638516992791,0.13903192584963955,0.1853759011328527,0.0,1.297631307929969,0.7878475798146242,0.9268795056642637,0.23171987641606592,0.13903192584963955,0.13903192584963955,1.251287332646756,0.8341915550978373
Václav Černý,Wolfsburg,Unknown,27,CZE,"FW,MF",968.0,12.5,0.1,1.455,0.371900826446281,0.09297520661157024,0.371900826446281,0.0,0.1859504132231405,0.0,0.8367768595041323,0.1859504132231405,0.371900826446281,3.2541322314049586,0.6508264462809917,0.371900826446281,1.9524793388429753,0.46487603305785125
Víctor Chust,Elche,ESP-La Liga,26-189,ESP,DF,5355.0,45.825,0.1525,0.8049999999999999,0.03361344537815126,0.03361344537815126,0.03361344537815126,0.0,0.23529411764705882,0.050420168067226885,1.1092436974789917,0.3025210084033614,0.03361344537815126,0.7394957983193278,0.7899159663865546,1.0588235294117647,0.2857142857142857,0.10084033613445377
Víctor García,Levante,ESP-La Liga,28-359,ESP,MF,1147.0,21.05,0.055,1.215,0.15693112467306017,0.07846556233653008,0.15693112467306017,0.0,0.07846556233653008,0.0,1.176983435047951,0.941586748038361,0.23539668700959024,5.492589363557105,0.6277244986922407,1.2554489973844813,1.4908456843940714,0.6277244986922407
Víctor Muñoz,Osasuna,ESP-La Liga,22,ESP,"MF,FW",2873.0,18.333333333333332,0.08,1.47,0.21928297946397493,0.06265227984684998,0.21928297946397493,0.0,0.12530455969369997,0.0,1.2217194570135748,1.8482422554820743,0.15663069961712495,3.414549251653324,0.40723981900452494,0.40723981900452494,2.756700313261399,1.0024364775495997
Wahbi Khazri,Montpellier,FRA-Ligue 1,33,TUN,"FW,MF",3884.0,31.733333333333334,0.05333333333333334,0.9700000000000001,0.13903192584963955,0.04634397528321318,0.13903192584963955,0.0,0.34757981462409887,0.02317198764160659,1.4366632337796086,2.0159629248197737,0.625643666323378,2.247682801235839,0.3939237899073121,1.2049433573635426,2.734294541709578,0.8805355303810504
Walace,Udinese,ITA-Serie A,28,BRA,MF,6428.0,26.049999999999997,0.035,1.08,0.028002489110143122,0.014001244555071561,0.028002489110143122,0.0,0.1820161792159303,0.0,1.1481020535158681,1.1901057871810827,0.0,0.4620410703173615,1.2881144990665836,1.1761045426260113,0.8260734287492221,0.2100186683260734
Waldemar Anton,Dortmund,Unknown,30-052,GER,DF,10829.0,20.1,0.05600000000000001,2.004,0.04155508357189029,0.06648813371502448,0.04155508357189029,0.0,0.14959830085880504,0.0,0.8560347215809401,0.7812355711515376,0.01662203342875612,0.6648813371502447,1.2715855572998431,0.9640779388678549,0.7147474374365131,0.17453135100193923
Walid Cheddira,Sassuolo,ITA-Serie A,27,MAR,FW,3993.0,28.5,0.09,0.9019999999999999,0.270473328324568,0.067618332081142,0.24793388429752067,0.022539444027047332,0.135236664162284,0.0,1.893313298271976,2.3441021788129226,0.8564988730277986,0.2930127723516153,0.135236664162284,0.22539444027047334,2.3891810668670175,0.9917355371900827
Warmed Omari,Hamburger SV,Unknown,25,COM,DF,5047.0,22.9,0.0625,1.71,0.017832375668714085,0.017832375668714085,0.017832375668714085,0.0,0.12482662968099861,0.03566475133742817,0.78462452942342,0.5171388943927085,0.05349712700614226,0.07132950267485634,1.4265900534971272,0.9094511591044185,0.1783237566871409,0.05349712700614226
Warren Bondo,Cremonese,ITA-Serie A,21,FRA,MF,5077.0,31.24,0.012,1.056,0.017727004136300965,0.017727004136300965,0.017727004136300965,0.0,0.3722670868623203,0.017727004136300965,1.8436084301753004,1.6840653929485918,0.017727004136300965,0.23045105377191255,0.3722670868623203,1.1877092771321647,0.7090801654520386,0.14181603309040772
Warren Kamanzi,Toulouse,FRA-Ligue 1,24,NOR,MF,3744.0,27.4,0.05500000000000001,1.44,0.04807692307692308,0.1201923076923077,0.04807692307692308,0.0,0.14423076923076922,0.0,1.0336538461538463,0.985576923076923,0.07211538461538461,1.3221153846153846,0.7692307692307693,1.442307692307692,0.6490384615384616,0.14423076923076922
Warren Zaïre-Emery,Paris SG,FRA-Ligue 1,20-186,FRA,"DF,MF",7600.0,35.2,0.11600000000000002,1.026,0.09473684210526316,0.10657894736842106,0.09473684210526316,0.0,0.13026315789473686,0.0,1.0657894736842106,0.8763157894736843,0.04736842105263158,0.48552631578947364,0.7342105263157894,1.1368421052631579,0.7460526315789474,0.2723684210526316
Wataru Endo,Stuttgart,Unknown,29,JPN,MF,5092.0,16.4,0.052500000000000005,1.9275,0.10604870384917518,0.08837391987431265,0.10604870384917518,0.0,0.2474469756480754,0.0,1.8912018853102905,1.5907305577376278,0.05302435192458759,0.2827965435978005,0.9190887666928516,1.3609583660644147,0.9897879025923016,0.33582089552238803
Wes Burns,Ipswich Town,ENG-Premier League,29,WAL,MF,926.0,14.3,0.0,0.67,0.0,0.09719222462203024,0.0,0.0,0.09719222462203024,0.0,0.38876889848812096,1.0691144708423326,0.0,4.373650107991361,0.9719222462203023,1.0691144708423326,0.6803455723542117,0.09719222462203024
Wesley,Roma,ITA-Serie A,23-004,BRA,MF,2775.0,17.333333333333332,0.06666666666666667,1.9333333333333333,0.16216216216216217,0.032432432432432434,0.16216216216216217,0.0,0.227027027027027,0.06486486486486487,1.3297297297297297,1.9783783783783784,0.12972972972972974,3.6648648648648647,0.745945945945946,1.427027027027027,0.8756756756756756,0.4216216216216216
Wesley Fofana,Chelsea,ENG-Premier League,25-267,FRA,DF,4414.0,19.16,0.034,1.3039999999999998,0.020389669234254646,0.020389669234254646,0.020389669234254646,0.0,0.4281830539193475,0.04077933846850929,1.3661078386950611,1.2233801540552787,0.04077933846850929,0.12233801540552787,1.6311735387403714,0.917535115541459,0.3874037154508382,0.08155867693701858
Wesley Saïd,Lens,FRA-Ligue 1,30,FRA,MF,4560.0,41.35,0.1825,1.895,0.5328947368421053,0.05921052631578947,0.5131578947368421,0.019736842105263157,0.17763157894736842,0.0,2.210526315789474,0.6513157894736842,0.5723684210526315,1.006578947368421,0.3355263157894737,0.631578947368421,2.94078947368421,1.243421052631579
Weston McKennie,Juventus,ITA-Serie A,28-013,USA,MF,10318.0,28.233333333333334,0.056666666666666664,1.8183333333333334,0.06978096530335336,0.15700717193254507,0.06978096530335336,0.0,0.18317503392130258,0.0,1.1426633068424112,0.47974413646055436,0.15700717193254507,1.2037216514828455,0.7937584803256444,0.7414227563481295,0.9682108935840279,0.3227369645280093
Wilfred Ndidi,Leicester City,ENG-Premier League,27,NGA,MF,4003.0,32.5,0.0,0.745,0.0,0.11241568823382464,0.0,0.0,0.26979765176117915,0.0,1.528853359980015,0.7194604046964777,0.06744941294029479,0.7194604046964777,1.4164376717461904,2.0009992505620784,0.6520109917561828,0.22483137646764928
Wilfried Gnonto,Fiorentina,ITA-Serie A,22-309,ITA,"FW,MF",1936.0,23.23333333333333,0.03,0.6566666666666666,0.09297520661157024,0.23243801652892562,0.09297520661157024,0.0,0.46487603305785125,0.0,1.6270661157024793,2.324380165289256,0.13946280991735538,3.068181818181818,0.32541322314049587,1.3481404958677687,1.6270661157024793,0.41838842975206614
Wilfried Kanga,Hertha BSC,Unknown,24,CIV,FW,1417.0,36.0,0.08,0.65,0.12702893436838392,0.0,0.12702893436838392,0.0,0.19054340155257588,0.0,1.1432604093154553,0.7621736062103035,0.6986591390261115,0.5081157374735357,0.12702893436838392,0.25405786873676783,1.5878616796047988,0.5716302046577276
Wilfried Singo,Torino,ITA-Serie A,21,CIV,MF,6329.0,31.866666666666664,0.056666666666666664,1.7133333333333336,0.05688102385842945,0.05688102385842945,0.05688102385842945,0.0,0.2844051192921473,0.014220255964607362,1.6211091799652395,1.5073471322483805,0.08532153578764418,1.2371622689208406,1.4789066203191659,0.9243166376994786,0.9954179175225154,0.312845631221362
Wilfried Zaha,Lyon,FRA-Ligue 1,31,CIV,FW,2361.0,66.65,0.055,1.8599999999999999,0.2668360864040661,0.07623888182973317,0.2668360864040661,0.0,0.19059720457433288,0.0,1.4104193138500636,3.0114358322744597,0.5717916137229987,1.4866581956797966,0.6861499364675985,0.8005082592121983,2.554002541296061,0.8767471410419314
Will Hughes,Crystal Palace,ENG-Premier League,31-146,ENG,MF,6429.0,21.740000000000002,0.034,1.6179999999999999,0.013999066728884742,0.0699953336444237,0.013999066728884742,0.0,0.39197386840877274,0.0,2.057862809146057,1.301913205786281,0.013999066728884742,2.1978534764349043,0.9799346710219319,1.4139057396173587,0.7419505366308913,0.11199253383107793
Willem Geubbels,Lecce,ITA-Serie A,25-025,FRA,FW,1139.0,40.0,0.085,1.395,0.39508340649692714,0.0,0.3160667251975417,0.07901668129938542,0.0,0.0,1.8173836698858647,0.3160667251975417,0.8691834942932397,0.7111501316944688,0.4741000877963125,0.23705004389815626,2.5285338015803336,0.7901668129938543
Willi Orban,RB Leipzig,Unknown,33-311,HUN,DF,9884.0,33.480000000000004,0.096,1.796,0.10016187778227438,0.0,0.10016187778227438,0.0,0.11837312828814245,0.01821125050586807,0.7011331444759207,0.764872521246459,0.09105625252934034,0.17300687980574667,1.1017806556050183,0.9014569000404694,0.7284500202347227,0.264063132335087
William Carvalho,Real Betis,ESP-La Liga,32,POR,MF,3602.0,32.36666666666667,0.08333333333333333,1.5833333333333333,0.09994447529150473,0.09994447529150473,0.09994447529150473,0.0,0.2248750694058856,0.024986118822876182,1.2243198223209328,1.1493614658523044,0.049972237645752364,0.27484730705163796,0.6996113270405331,1.0494169905607995,0.9494725152692948,0.32481954469739033
William Mikelbrencis,Hamburger SV,Unknown,21,FRA,"MF,DF",1372.0,50.0,0.0,1.04,0.0,0.26239067055393583,0.0,0.0,0.1967930029154519,0.0,1.1807580174927115,0.3279883381924198,0.3279883381924198,3.542274052478134,0.3935860058309038,1.4431486880466473,0.7871720116618076,0.3935860058309038
William Osula,Newcastle,ENG-Premier League,23-037,DEN,FW,1794.0,28.825000000000003,0.1375,0.905,0.4013377926421405,0.05016722408026756,0.4013377926421405,0.0,0.20066889632107024,0.0,2.157190635451505,1.4548494983277593,0.45150501672240806,0.45150501672240806,0.3010033444816054,0.4013377926421405,2.508361204013378,1.0535117056856187
William Saliba,Arsenal,ENG-Premier League,24,FRA,DF,11488.0,40.0,0.265,2.26,0.054839832869080785,0.015668523676880222,0.054839832869080785,0.0,0.09401114206128135,0.007834261838440111,0.7129178272980502,0.4857242339832869,0.015668523676880222,0.12534818941504178,0.6580779944289693,0.7990947075208913,0.211525069637883,0.08617688022284123
Willian,Fulham,ENG-Premier League,35,BRA,"MF,FW",4436.0,27.96666666666667,0.06999999999999999,1.3733333333333333,0.18259693417493236,0.14201983769161405,0.14201983769161405,0.0405770964833183,0.060865644724977463,0.0,0.4260595130748422,1.0955816050495943,0.10144274120829576,3.063570784490532,0.3854824165915239,0.4260595130748422,1.8868349864743013,0.7303877366997295
Willian José,Real Betis,ESP-La Liga,31,BRA,FW,2702.0,41.65,0.155,1.565,0.3997039230199852,0.1998519615099926,0.36639526276831974,0.03330866025166543,0.03330866025166543,0.03330866025166543,0.5995558845299778,0.8660251665433013,0.3997039230199852,0.36639526276831974,0.0999259807549963,0.2997779422649889,2.298297557364915,1.0325684678016285
Willian Pacho,Frankfurt,Unknown,21,ECU,DF,7286.0,13.125,0.0,1.045,0.0,0.04940982706560527,0.0,0.0,0.11117211089761186,0.0,0.6052703815536645,0.35822124622563817,0.03705737029920395,0.08646719736480922,1.40818007136975,1.2228932198737303,0.28410650562723033,0.04940982706560527
Williot Swedberg,Celta Vigo,ESP-La Liga,22-221,SWE,FW,3328.0,43.160000000000004,0.154,0.95,0.3786057692307692,0.27043269230769235,0.3786057692307692,0.0,0.13521634615384617,0.0,1.6225961538461537,2.4068509615384612,0.40564903846153844,0.9194711538461539,0.24338942307692307,1.1087740384615383,1.8930288461538463,0.9465144230769231
Willy Boly,Nottingham,ENG-Premier League,33,CIV,DF,2273.0,64.3,0.04666666666666667,1.6033333333333333,0.07919049714034317,0.07919049714034317,0.07919049714034317,0.0,0.23757149142102946,0.03959524857017158,1.029476462824461,0.27716673999120106,0.15838099428068633,0.03959524857017158,1.50461944566652,1.4650241970963485,0.6731192256929168,0.31676198856137266
Willy Kambwala,Villarreal,ESP-La Liga,20,FRA,DF,1533.0,8.333333333333334,0.0,1.5166666666666666,0.0,0.0,0.0,0.0,0.11741682974559686,0.05870841487279843,0.5283757338551859,0.11741682974559686,0.0,0.0,0.821917808219178,0.7045009784735812,0.23483365949119372,0.05870841487279843
Wilson Isidor,Sunderland,ENG-Premier League,26-014,HAI,"FW,MF",1242.0,39.75,0.17,1.385,0.5072463768115942,0.0,0.5072463768115942,0.0,0.07246376811594203,0.0,1.1594202898550725,0.8695652173913043,0.7246376811594202,0.0,0.14492753623188406,0.5797101449275363,3.4782608695652173,1.3768115942028987
Wilson Odobert,Troyes,FRA-Ligue 1,17,FRA,MF,5697.0,38.275,0.0725,0.81,0.1263823064770932,0.0947867298578199,0.1263823064770932,0.0,0.04739336492890995,0.0,0.33175355450236965,0.7582938388625592,0.0947867298578199,1.9273301737756714,0.3791469194312796,0.6003159557661927,1.7377567140600316,0.6477093206951027
Wissam Ben Yedder,Monaco,FRA-Ligue 1,32,FRA,FW,4430.0,54.75,0.255,1.7650000000000001,0.7110609480812642,0.16252821670428894,0.5891647855530474,0.1218961625282167,0.1218961625282167,0.0,0.5891647855530474,0.8329571106094809,1.0767494356659142,0.528216704288939,0.2234762979683973,0.20316027088036115,2.762979683972912,1.523702031602709
Wout Faes,Monaco,FRA-Ligue 1,27,BEL,DF,7012.0,12.850000000000001,0.04,1.03,0.025670279520821446,0.025670279520821446,0.025670279520821446,0.0,0.19252709640616086,0.012835139760410723,0.7957786651454649,0.43639475185396465,0.012835139760410723,0.07701083856246435,1.0781517398745009,0.9241300627495721,0.3850541928123217,0.06417569880205362
Wout Weghorst,Hoffenheim,Unknown,30,NED,FW,2774.0,37.1,0.09,1.6099999999999999,0.22710886806056235,0.12977649603460706,0.1946647440519106,0.032444124008651765,0.16222062004325882,0.0,1.2328767123287672,1.395097332372026,0.5839942321557318,0.12977649603460706,0.32444124008651765,0.3568853640951694,1.7195385724585435,0.6488824801730353
Wouter Burger,Hoffenheim,Unknown,25-206,NED,MF,2598.0,18.05,0.055,0.95,0.13856812933025403,0.17321016166281755,0.13856812933025403,0.0,0.27713625866050806,0.03464203233256351,2.0785219399538106,0.45034642032332567,0.03464203233256351,3.187066974595843,0.6581986143187066,1.5242494226327943,1.28175519630485,0.45034642032332567
Woyo Coulibaly,Sassuolo,ITA-Serie A,26,MLI,DF,2247.0,22.233333333333334,0.0,1.0999999999999999,0.0,0.04005340453938585,0.0,0.0,0.1602136181575434,0.04005340453938585,1.1615487316421895,1.0013351134846462,0.04005340453938585,0.6008010680907877,0.9612817089452603,1.081441922563418,0.44058744993324434,0.0801068090787717
Xaver Schlager,RB Leipzig,Unknown,27,AUT,MF,6198.0,13.52,0.068,1.642,0.05808325266214908,0.10164569215876088,0.05808325266214908,0.0,0.23233301064859632,0.0,1.3213939980638916,1.0019361084220715,0.07260406582768635,0.42110358180058083,0.6389157792836399,1.5682478218780254,0.7405614714424007,0.15972894482090996
Xavi Simons,RB Leipzig,Unknown,22,NED,MF,6648.0,27.625,0.08750000000000001,1.105,0.27075812274368233,0.29783393501805056,0.2572202166064982,0.013537906137184115,0.2842960288808664,0.02707581227436823,1.055956678700361,2.3555956678700363,0.0812274368231047,2.8294223826714804,0.6227436823104693,0.8122743682310469,2.342057761732852,0.8935018050541517
Xavier Chavalerin,Troyes,FRA-Ligue 1,31,FRA,MF,2426.0,40.7,0.15,0.65,0.1483924154987634,0.0741962077493817,0.1483924154987634,0.0,0.11129431162407255,0.0,1.1500412201154164,0.4451772464962902,0.0741962077493817,1.0387469084913439,1.4097279472382522,1.8178070898598515,1.001648804616653,0.40807914262159933
Yacine Adli,Fiorentina,ITA-Serie A,24,FRA,MF,2785.0,53.56666666666666,0.18000000000000002,1.593333333333333,0.16157989228007183,0.25852782764811494,0.16157989228007183,0.0,0.22621184919210055,0.03231597845601437,1.26032315978456,0.9694793536804309,0.06463195691202873,3.8132854578096946,0.7755834829443446,1.2926391382405746,0.6463195691202873,0.25852782764811494
Yael Mouanga,Montpellier,FRA-Ligue 1,19,FRA,DF,946.0,0.0,0.0,0.29,0.0,0.0,0.0,0.0,0.2854122621564482,0.0,0.9513742071881607,0.47568710359408034,0.09513742071881608,0.19027484143763215,0.9513742071881607,0.7610993657505286,0.09513742071881608,0.0
Yan Couto,Dortmund,Unknown,23,BRA,MF,5530.0,32.279999999999994,0.076,1.918,0.0650994575045208,0.2115732368896926,0.0650994575045208,0.0,0.325497287522604,0.0,1.236889692585895,1.2531645569620253,0.19529837251356238,4.670886075949367,0.6184448462929475,1.3670886075949367,0.895117540687161,0.30922242314647375
Yan Diomandé,RB Leipzig,Unknown,18,CIV,"FW,MF",3104.0,25.46666666666667,0.1366666666666667,1.8399999999999999,0.40592783505154634,0.2609536082474227,0.40592783505154634,0.0,0.08698453608247422,0.0,0.8118556701030927,1.4497422680412368,0.2609536082474227,1.826675257731959,0.6958762886597938,0.8118556701030927,1.8556701030927836,0.8408505154639175
Yan Valery,Angers,FRA-Ligue 1,23,TUN,DF,2542.0,11.55,0.0,0.265,0.0,0.0,0.0,0.0,0.10621557828481511,0.0,1.6286388670338316,0.7081038552321007,0.03540519276160504,2.867820613690008,1.168371361132966,1.4162077104642015,0.4602675059008655,0.10621557828481511
Yangel Herrera,Real Sociedad,ESP-La Liga,28-239,VEN,MF,6257.0,28.96666666666667,0.08833333333333333,1.2166666666666666,0.17260668051782005,0.07191945021575835,0.17260668051782005,0.0,0.38836503116509513,0.01438389004315167,2.7329391081988175,2.574716317724149,0.17260668051782005,1.3664695540994087,0.8774172926322519,1.4383890043151668,1.7979862553939585,0.6185072718555218
Yanis Zouaoui,Le Havre,FRA-Ligue 1,28-137,ALG,MF,3353.0,23.766666666666666,0.02,0.6633333333333334,0.02684163435729198,0.08052490307187593,0.0,0.02684163435729198,0.26841634357291977,0.0,0.8320906650760513,1.073665374291679,0.05368326871458396,7.998807038473009,0.9394572025052192,1.0468237399343872,0.5636743215031316,0.1878914405010438
Yankuba Minteh,Brighton,ENG-Premier League,21,GAM,MF,4229.0,36.95,0.125,1.425,0.19153464175928114,0.1702530148971388,0.19153464175928114,0.0,0.19153464175928114,0.0,1.1279262236935446,0.7022936864506976,0.3405060297942776,5.299125088673446,0.5746039252778434,1.5535587609363914,1.5961220146606763,0.5746039252778434
Yann Aurel Bisseck,Inter,ITA-Serie A,25-285,GER,DF,4659.0,34.599999999999994,0.19,2.505,0.17385705086928527,0.05795235028976175,0.17385705086928527,0.0,0.1159047005795235,0.0,0.8306503541532517,0.6954282034771411,0.1159047005795235,0.5408886027044431,0.9851899549259499,0.7726980038634901,1.1783644558918223,0.4249839021249195
Yann Gboho,Toulouse,FRA-Ligue 1,25-239,FRA,MF,6296.0,28.725,0.0925,1.175,0.2287166454891995,0.14294790343074967,0.2287166454891995,0.0,0.05717916137229988,0.01429479034307497,0.6289707750952986,2.4729987293519695,0.14294790343074967,1.0721092757306225,0.35736975857687425,0.6003811944091486,1.8869123252858957,0.7147395171537485
Yann Karamoh,Torino,ITA-Serie A,26,FRA,"MF,FW",2208.0,48.5,0.1,1.2774999999999999,0.20380434782608697,0.04076086956521739,0.20380434782608697,0.0,0.20380434782608697,0.0,1.3043478260869565,1.5081521739130437,0.8152173913043479,2.0380434782608696,0.12228260869565218,0.16304347826086957,2.119565217391304,0.8967391304347825
Yannick Carrasco,Atlético Madrid,ESP-La Liga,29,BEL,"DF,MF",2538.0,42.15,0.05,2.1950000000000003,0.24822695035460993,0.14184397163120568,0.2127659574468085,0.03546099290780142,0.07092198581560284,0.0,0.9219858156028368,0.8156028368794326,0.24822695035460993,4.042553191489362,0.4609929078014184,0.673758865248227,2.446808510638298,0.851063829787234
Yannick Gerhardt,Wolfsburg,Unknown,31,GER,MF,6082.0,32.35,0.125,1.3875,0.147977638934561,0.0887865833607366,0.147977638934561,0.0,0.20716869450838538,0.014797763893456101,1.1246300559026636,0.9322591252877342,0.0887865833607366,1.1394278197961196,0.6067083196317001,0.8582703058204537,1.0506412364353832,0.3847418612298586
Yannik Engelhardt,Freiburg,Unknown,25-215,GER,MF,3822.0,16.266666666666666,0.07666666666666667,1.8833333333333335,0.0706436420722135,0.0706436420722135,0.0706436420722135,0.0,0.282574568288854,0.0,1.554160125588697,1.2951334379905808,0.023547880690737835,0.16483516483516483,1.1538461538461537,0.8712715855572998,0.7299843014128728,0.16483516483516483
Yannik Keitel,Augsburg,Unknown,26-207,GER,MF,2128.0,29.660000000000004,0.034,2.148,0.042293233082706765,0.08458646616541353,0.042293233082706765,0.0,0.29605263157894735,0.0,1.607142857142857,0.718984962406015,0.0,0.3383458646616541,1.2265037593984962,1.43796992481203,0.6343984962406015,0.29605263157894735
Yarek Gasiorowski,Valencia,ESP-La Liga,19,ESP,DF,1682.0,0.0,0.0,0.9650000000000001,0.0,0.0,0.0,0.0,0.1070154577883472,0.0,0.8561236623067776,0.2140309155766944,0.0,0.4815695600475624,2.140309155766944,1.5517241379310345,0.2140309155766944,0.0
Yaser Asprilla,Girona,ESP-La Liga,21,COL,"FW,MF",2016.0,31.099999999999998,0.04,0.9650000000000001,0.13392857142857142,0.04464285714285714,0.13392857142857142,0.0,0.08928571428571427,0.0,1.0267857142857142,1.3839285714285714,0.26785714285714285,5.758928571428571,0.5357142857142857,0.7142857142857142,2.3660714285714284,0.7142857142857142
Yasin Ayari,Brighton,ENG-Premier League,22-339,SWE,MF,4114.0,19.5,0.035,1.8075,0.10938259601361205,0.08750607681088964,0.10938259601361205,0.0,0.10938259601361205,0.0,1.3563441905687896,1.2907146329606223,0.06562955760816723,2.0563928050559066,1.006319883325231,1.2907146329606223,1.6188624210014584,0.4156538648517258
Yasser Larouci,Le Mans,FRA-Ligue 1,25-252,ALG,MF,2421.0,35.56666666666667,0.03333333333333333,0.5933333333333333,0.03717472118959108,0.03717472118959108,0.03717472118959108,0.0,0.07434944237918216,0.0,0.6691449814126393,1.3754646840148699,0.14869888475836432,2.2676579925650557,1.2639405204460965,0.8178438661710037,0.6691449814126393,0.22304832713754646
Yassin Belkhdim,Angers,FRA-Ligue 1,24-208,FRA,MF,3922.0,32.666666666666664,0.056666666666666664,1.0733333333333333,0.06884242733299337,0.06884242733299337,0.06884242733299337,0.0,0.2065272819989801,0.0,1.3997960224375319,1.0785313615502294,0.09178990311065784,1.4686384497705254,1.3309535951045386,1.7210606833248343,1.009688934217236,0.4360020397756247
Yassine Kechta,Le Havre,FRA-Ligue 1,23,MAR,MF,5277.0,39.63333333333333,0.09000000000000001,1.0133333333333334,0.1023308698123934,0.03411028993746447,0.1023308698123934,0.0,0.1876065946560546,0.0,1.824900511654349,1.3644115974985787,0.11938601478112564,1.3985218874360432,1.0744741330301306,1.3473564525298465,1.1938601478112563,0.4604889141557703
Yehor Yarmoliuk,Brentford,ENG-Premier League,22-193,UKR,MF,4888.0,23.175,0.015,1.4475,0.018412438625204582,0.036824877250409165,0.018412438625204582,0.0,0.2945990180032733,0.0,1.2888707037643208,0.5891980360065466,0.07364975450081833,1.1231587561374796,0.88379705400982,1.6571194762684125,0.6996726677577741,0.20253682487725042
Yellu Santiago,Hellas Verona,ITA-Serie A,21,ESP,MF,1034.0,30.0,0.06666666666666667,1.0533333333333335,0.08704061895551257,0.0,0.08704061895551257,0.0,0.7833655705996132,0.0,2.6982591876208897,1.653771760154739,0.0,0.6092843326885881,0.2611218568665377,1.3926499032882012,0.6963249516441006,0.2611218568665377
Yeray Álvarez,Athletic Club,ESP-La Liga,31-229,ESP,DF,6003.0,12.66,0.048,1.448,0.029985007496251877,0.029985007496251877,0.029985007496251877,0.0,0.17991004497751123,0.029985007496251877,0.8395802098950524,0.8695652173913043,0.014992503748125939,0.2848575712143928,1.6491754122938531,0.7196401799100449,0.4197901049475262,0.07496251874062969
Yerry Mina,Cagliari,ITA-Serie A,30,COL,DF,6572.0,35.5,0.23200000000000004,1.372,0.09586122945830797,0.0,0.08216676810712112,0.013694461351186854,0.24650030432136338,0.027388922702373707,1.2598904443091905,1.6981132075471697,0.06847230675593426,0.06847230675593426,1.027084601339014,0.9996956786366403,0.657334144856969,0.2328058429701765
Yerson Mosquera,Villarreal,ESP-La Liga,22,COL,DF,3806.0,20.0,0.06666666666666667,0.9666666666666667,0.04729374671571203,0.023646873357856014,0.04729374671571203,0.0,0.42564372044140836,0.0,1.276931161324225,1.8444561219127695,0.04729374671571203,0.6384655806621125,1.2532842879663688,1.324224908039937,0.9931686810299528,0.23646873357856016
Ylber Ramadani,Lecce,ITA-Serie A,29,ALB,MF,7980.0,23.13333333333333,0.04,0.9933333333333333,0.03383458646616542,0.011278195488721804,0.03383458646616542,0.0,0.30451127819548873,0.0,1.1616541353383458,1.2067669172932332,0.0,0.406015037593985,1.2744360902255638,1.387218045112782,0.924812030075188,0.1917293233082707
Yoane Wissa,Newcastle,ENG-Premier League,30-007,COD,"FW,MF",7809.0,41.059999999999995,0.172,1.358,0.46100653092585475,0.13830195927775643,0.46100653092585475,0.0,0.23050326546292738,0.0,1.187091817134076,1.6250480215136383,0.6684594698424895,0.6338839800230504,0.2650787552823665,0.5186323472915867,2.397233960814445,1.0487898578563197
Yoann Cathline,Lorient,FRA-Ligue 1,20,FRA,MF,1090.0,37.0,0.04,1.22,0.08256880733944955,0.08256880733944955,0.08256880733944955,0.0,0.0,0.0,0.9908256880733946,2.3119266055045875,0.08256880733944955,3.8807339449541285,0.6605504587155964,0.9908256880733946,2.229357798165138,0.8256880733944955
Yoann Salmier,Le Havre,FRA-Ligue 1,31,GUF,DF,5011.0,40.46666666666667,0.05666666666666667,0.8566666666666666,0.03592097385751347,0.017960486928756736,0.03592097385751347,0.0,0.19756535621632407,0.017960486928756736,1.0057872680103772,0.7184194771502693,0.0538814607862702,0.30532827778886446,1.2213131111554578,0.8980243464378368,0.5208541209339453,0.17960486928756733
Yoel Lago,Celta Vigo,ESP-La Liga,22-169,ESP,DF,2016.0,0.0,0.0,1.025,0.0,0.04464285714285714,0.0,0.0,0.3125,0.0,1.830357142857143,1.294642857142857,0.08928571428571427,0.04464285714285714,0.8035714285714285,0.9375,0.04464285714285714,0.0
Yohann Magnin,Clermont Foot,FRA-Ligue 1,26,FRA,MF,4086.0,24.4,0.035,1.13,0.022026431718061675,0.0,0.022026431718061675,0.0,0.1762114537444934,0.0,1.8722466960352422,1.5638766519823788,0.0881057268722467,0.6167400881057269,0.9471365638766519,1.8942731277533038,0.6828193832599119,0.15418502202643172
Yorbe Vertessen,Union Berlin,Unknown,23,BEL,"MF,FW",1311.0,28.0,0.085,0.97,0.2745995423340961,0.13729977116704806,0.2745995423340961,0.0,0.20594965675057209,0.0,1.5102974828375286,1.9221967963386728,0.20594965675057209,1.7848970251716245,0.2745995423340961,0.41189931350114417,3.5011441647597255,0.9610983981693364
Youcef Atal,Nice,FRA-Ligue 1,27,ALG,DF,1138.0,31.75,0.165,1.615,0.15817223198594024,0.0,0.15817223198594024,0.0,0.23725834797891038,0.0,0.9490333919156415,1.5026362038664325,0.23725834797891038,3.717047451669596,1.344463971880492,2.1353251318101933,1.344463971880492,0.47451669595782076
Youcef Belaïli,Brest,FRA-Ligue 1,30,ALG,"MF,FW",1506.0,26.75,0.09,0.855,0.35856573705179284,0.29880478087649404,0.0597609561752988,0.29880478087649404,0.29880478087649404,0.0,2.151394422310757,1.9123505976095616,0.35856573705179284,3.824701195219123,0.41832669322709165,0.7768924302788844,2.50996015936255,0.896414342629482
Youri Tielemans,Manchester Utd,ENG-Premier League,29-126,BEL,MF,9100.0,37.22,0.06200000000000001,1.552,0.07912087912087912,0.18791208791208794,0.06923076923076923,0.00989010989010989,0.1087912087912088,0.0,1.2065934065934065,1.542857142857143,0.01978021978021978,2.3736263736263736,0.8307692307692308,1.5824175824175823,1.1472527472527474,0.38571428571428573
Youssef El-Arabi,Nantes,FRA-Ligue 1,38,MAR,FW,941.0,60.0,0.2,0.56,0.2869287991498406,0.0,0.2869287991498406,0.0,0.0,0.0,2.104144527098831,2.199787460148778,0.9564293304994687,0.19128586609989373,0.38257173219978746,0.8607863974495219,1.434643995749203,0.8607863974495219
Youssef En-Nesyri,Sevilla,ESP-La Liga,26,MAR,FW,4231.0,40.900000000000006,0.185,1.315,0.5105176081304656,0.0638147010163082,0.4892460411250295,0.021271567005436066,0.17017253604348853,0.0,0.659418577168518,0.6806901441739541,0.914677381233751,0.17017253604348853,0.2552588040652328,0.27653037107066886,2.7014890096903805,1.1061214842826754
Youssef Lekhedim,Alavés,ESP-La Liga,20-338,ESP,DF,1439.0,13.65,0.0,1.825,0.0,0.06254343293954134,0.0,0.0,0.43780403057678946,0.0,1.5635858234885338,1.0006949270326615,0.0,4.1904100069492705,0.7505211952744961,0.8756080611535789,0.6879777623349548,0.18763029881862403
Youssef Maleh,Lecce,ITA-Serie A,28-019,MAR,MF,6743.0,18.52857142857143,0.01,0.8857142857142858,0.013347174847990508,0.04004152454397153,0.013347174847990508,0.0,0.3336793711997627,0.026694349695981015,2.0821592762865193,1.30802313510307,0.05338869939196203,1.8419101290226902,0.814177665727421,1.3213703099510603,0.9609965890553167,0.1468189233278956
Youssouf Fofana,Milan,ITA-Serie A,26,FRA,MF,10527.0,20.919999999999998,0.04,1.6640000000000001,0.07694499857509261,0.12824166429182102,0.07694499857509261,0.0,0.13679110857794244,0.017098888572242805,1.1712738671986322,0.8976916500427473,0.02564833285836421,0.3419777714448561,1.0772299800512966,1.1541749786263893,1.5047021943573669,0.40182388144770587
Youssouf Koné,Ajaccio,FRA-Ligue 1,27,MLI,DF,916.0,100.0,0.0,0.77,0.0,0.0,0.0,0.0,0.3930131004366812,0.0,1.3755458515283843,1.6703056768558953,0.0,2.7510917030567685,1.0807860262008733,2.0633187772925767,0.0982532751091703,0.0982532751091703
Youssouf M'Changama,Auxerre,FRA-Ligue 1,31,COM,MF,1081.0,10.5,0.0,0.77,0.0,0.0,0.0,0.0,0.08325624421831637,0.0,0.9990749306197965,1.4986123959296949,0.0,2.830712303422757,0.9990749306197965,0.9158186864014801,1.581868640148011,0.16651248843663274
Youssouf Ndayishimiye,Nice,FRA-Ligue 1,27-318,BDI,DF,4554.0,21.56,0.08,1.508,0.07905138339920949,0.0,0.07905138339920949,0.0,0.2964426877470356,0.039525691699604744,0.8695652173913043,0.6126482213438735,0.019762845849802372,0.11857707509881424,1.0474308300395256,0.9881422924901185,0.6719367588932806,0.21739130434782608
Youssouf Sabaly,Real Betis,ESP-La Liga,31,SEN,DF,4307.0,6.066666666666666,0.03,1.61,0.020896215463199443,0.06268864638959833,0.020896215463199443,0.0,0.1044810773159972,0.0,0.9821221267703738,1.044810773159972,0.06268864638959833,1.5463199442767586,0.8358486185279776,1.1701880659391688,0.4179243092639888,0.04179243092639889
Youssoufa Moukoko,Dortmund,Unknown,18,GER,FW,1970.0,45.86666666666667,0.2966666666666667,1.7366666666666666,0.6395939086294417,0.18274111675126906,0.6395939086294417,0.0,0.045685279187817264,0.0,0.7766497461928934,0.6395939086294417,0.5939086294416244,0.41116751269035534,0.18274111675126906,0.45685279187817257,2.512690355329949,1.2791878172588833
Yuito Suzuki,Freiburg,Unknown,24-320,JPN,MF,1828.0,48.93333333333334,0.4033333333333333,1.76,0.3938730853391685,0.09846827133479212,0.3938730853391685,0.0,0.19693654266958424,0.0,1.1816192560175054,0.5908096280087527,0.09846827133479212,1.1323851203501094,0.5415754923413567,0.5908096280087527,2.2155361050328226,0.8862144420131292
Yukinari Sugawara,Werder Bremen,Unknown,25,JPN,"DF,MF",3985.0,39.8,0.035,0.68,0.022584692597239647,0.15809284818067754,0.022584692597239647,0.0,0.1355081555834379,0.022584692597239647,0.8356336260978671,0.47427854454203267,0.1355081555834379,3.2521957340025094,0.5420326223337516,0.8582183186951067,0.9937264742785445,0.38393977415307406
Yunis Abdelhamid,Saint-Étienne,FRA-Ligue 1,36,MAR,DF,7144.0,31.833333333333332,0.06999999999999999,1.2033333333333334,0.062989921612542,0.025195968645016796,0.05039193729003359,0.012597984322508398,0.16377379619260918,0.0,1.1338185890257557,0.5669092945128779,0.025195968645016796,0.10078387458006718,1.423572228443449,1.234602463605823,0.7180851063829786,0.15117581187010076
Yunus Musah,Milan,ITA-Serie A,23-285,USA,MF,6093.0,16.76666666666667,0.023333333333333334,1.9716666666666667,0.014771048744460856,0.08862629246676515,0.014771048744460856,0.0,0.310192023633678,0.014771048744460856,1.6100443131462332,1.5066469719350073,0.1329394387001477,1.5066469719350073,0.5612998522895125,1.1078286558345642,0.9748892171344166,0.22156573116691286
Yuri Berchiche,Athletic Club,ESP-La Liga,36-212,ESP,DF,9275.0,21.54,0.042,1.6460000000000001,0.03881401617250674,0.09703504043126686,0.03881401617250674,0.0,0.24258760107816713,0.01940700808625337,1.0382749326145553,1.1644204851752022,0.11644204851752021,2.1347708894878705,1.1644204851752022,1.0673854447439353,0.863611859838275,0.22318059299191373
Yussuf Poulsen,Hamburger SV,Unknown,32-087,DEN,"FW,MF",2349.0,38.86,0.12000000000000002,1.3039999999999998,0.3831417624521073,0.1149425287356322,0.3831417624521073,0.0,0.2298850574712644,0.0,2.0306513409961684,2.1455938697318007,0.3448275862068965,0.42145593869731796,0.19157088122605365,0.689655172413793,2.413793103448276,1.2260536398467434
Yusuf Yazıcı,Lille,FRA-Ligue 1,26,TUR,"MF,FW",1512.0,47.5,0.165,1.565,0.3571428571428571,0.17857142857142855,0.3571428571428571,0.0,0.2976190476190476,0.0,1.369047619047619,0.8928571428571428,0.23809523809523808,1.607142857142857,0.2976190476190476,0.6547619047619048,2.6785714285714284,1.0119047619047619
Yvan Neyou,Getafe,ESP-La Liga,28,CMR,MF,2379.0,9.4,0.03,1.45,0.03783102143757881,0.03783102143757881,0.03783102143757881,0.0,0.605296343001261,0.0,1.3997477931904163,1.9672131147540983,0.0,0.5674653215636822,1.0214375788146282,1.2862547288776798,0.605296343001261,0.11349306431273644
Yves Bissouma,Tottenham,ENG-Premier League,28,MLI,MF,5089.0,24.299999999999997,0.045,1.3125,0.03537040675967774,0.0,0.03537040675967774,0.0,0.4775004912556494,0.03537040675967774,1.5739831008056593,1.1318530163096876,0.01768520337983887,0.1061112202790332,1.2379642365887207,1.8392611515032422,0.8135193554725879,0.19453723717822755
Yéremy Pino,Villarreal,ESP-La Liga,22,ESP,MF,7286.0,31.3,0.043333333333333335,1.5666666666666667,0.12352456766401317,0.19763930826242107,0.12352456766401317,0.0,0.3335163326928356,0.0,2.1246225638210268,1.4822948119681583,0.5929179247872632,2.223442217952237,0.5188031841888553,1.358770244304145,1.716991490529783,0.543508097721658
Zachary Athekame,Milan,ITA-Serie A,20,SUI,"MF,DF",1103.0,40.4,0.325,2.015,0.24478694469628287,0.24478694469628287,0.24478694469628287,0.0,0.24478694469628287,0.0,1.4687216681776971,1.2239347234814144,0.16319129646418856,5.222121486854034,0.48957388939256574,0.8975521305530372,1.2239347234814144,0.40797824116047143
Zaid Romero,Getafe,ESP-La Liga,26-269,ARG,DF,1685.0,10.0,0.05,1.4,0.05341246290801187,0.0,0.05341246290801187,0.0,0.37388724035608306,0.10682492581602374,0.7477744807121661,0.8011869436201781,0.0,0.42729970326409494,1.8694362017804154,1.3887240356083086,0.5875370919881306,0.10682492581602374
Zakaria Aboukhlal,Torino,ITA-Serie A,26-204,MAR,"FW,MF",5667.0,28.439999999999998,0.06799999999999999,0.93,0.31762837480148226,0.1111699311805188,0.285865537321334,0.03176283748014823,0.2223398623610376,0.0,1.683430386447856,1.5404976177871892,0.7623080995235575,1.3658020116463738,0.4605611434621493,0.8893594494441504,2.890418210693489,1.127580730545262
Zeki Amdouni,Burnley,ENG-Premier League,24,SUI,"FW,MF",2026.0,39.099999999999994,0.05,0.56,0.22211253701875616,0.044422507403751234,0.17769002961500494,0.044422507403751234,0.08884501480750247,0.0,1.0217176702862785,1.7769002961500493,0.08884501480750247,0.31095755182625867,0.4442250740375123,0.8440276406712734,2.309970384995064,1.0217176702862785
Zeki Çelik,Juventus,ITA-Serie A,29-205,TUR,DF,7399.0,23.8,0.01,1.8219999999999998,0.01216380591971888,0.06081902959859441,0.01216380591971888,0.0,0.1946208947155021,0.02432761183943776,1.325854845249358,0.4622246249493175,0.08514664143803216,2.2016488714691174,0.7906473847817272,1.447492904446547,0.510879848628193,0.12163805919718881
Zian Flemming,Ipswich Town,ENG-Premier League,28-040,NED,"FW,MF",1794.0,70.2,0.105,0.33,0.5518394648829431,0.0,0.45150501672240806,0.10033444816053512,0.2508361204013378,0.0,2.608695652173913,1.3043478260869565,0.20066889632107024,0.3010033444816054,0.3010033444816054,0.5016722408026756,2.6588628762541804,1.1036789297658862
Zito Luvumbo,Cagliari,ITA-Serie A,23,ANG,"MF,FW",4389.0,44.15,0.042499999999999996,0.9225,0.12303485987696515,0.18455228981544772,0.12303485987696515,0.0,0.18455228981544772,0.0,1.7634996582365003,3.1784005468215994,0.6356801093643198,3.547505126452495,0.12303485987696515,0.30758714969241285,1.948051948051948,0.6766917293233082
Zuriko Davitashvili,Saint-Étienne,FRA-Ligue 1,23,GEO,"FW,MF",2778.0,38.6,0.13,0.82,0.2915766738660907,0.25917926565874727,0.22678185745140386,0.06479481641468682,0.09719222462203024,0.0,0.6155507559395248,1.2958963282937366,0.16198704103671707,2.7537796976241897,0.4535637149028077,0.4535637149028077,2.267818574514039,0.8747300215982722
Zé Pedro Figueiredo,Cagliari,ITA-Serie A,29-096,POR,DF,1944.0,0.0,0.0,1.565,0.0,0.0462962962962963,0.0,0.0,0.32407407407407407,0.0,1.3888888888888888,0.6944444444444444,0.0,0.5555555555555556,0.9722222222222222,0.9722222222222222,0.3703703703703704,0.0
Álex Baena,Atlético Madrid,ESP-La Liga,25-052,ESP,FW,8919.0,35.92,0.146,1.7079999999999997,0.20181634712411706,0.2926337033299697,0.20181634712411706,0.0,0.39354187689202824,0.020181634712411706,1.8466195761856712,1.9475277497477297,0.272452068617558,5.418768920282543,0.6357214934409687,0.6458123107971746,2.4318869828456107,0.7870837537840565
Álex Berenguer,Athletic Club,ESP-La Liga,31-068,ESP,MF,8618.0,38.68,0.132,1.458,0.2088651659317707,0.14620561615223948,0.19842190763518217,0.010443258296588535,0.15664887444882805,0.0,1.4307263866326294,1.2218612207008586,0.44906010675330704,7.278951032722209,0.4386168484567185,0.8667904386168486,1.9737758180552332,0.7519145973543746
Álex Centelles,Almería,ESP-La Liga,25,ESP,DF,2103.0,55.0,0.1,0.8500000000000001,0.042796005706134094,0.12838801711840228,0.042796005706134094,0.0,0.08559201141226819,0.042796005706134094,0.7275320970042796,0.7703281027104137,0.042796005706134094,3.8088445078459343,1.1126961483594864,0.8559201141226819,0.2995720399429387,0.17118402282453637
Álex Fernández,Cádiz,ESP-La Liga,30,ESP,MF,2861.0,33.6,0.09,0.98,0.09437259699405803,0.03145753233135267,0.06291506466270534,0.03145753233135267,0.09437259699405803,0.0,0.37749038797623213,0.9437259699405802,0.0,2.23348479552604,0.7235232436211114,0.5347780496329955,0.7549807759524643,0.3145753233135267
Álex Grimaldo,Leverkusen,Unknown,29,ESP,MF,8211.0,37.15,0.08,1.9625,0.21921812203142124,0.2959444647424187,0.1863354037267081,0.03288271830471319,0.13153087321885276,0.010960906101571063,0.4603580562659847,0.876872488125685,0.2082572159298502,6.6971136280599195,0.6466934599926927,0.7672634271099744,1.9729630982827915,0.6576543660942638
Álex Jiménez,Fiorentina,ITA-Serie A,21-125,ESP,DF,3808.0,10.459999999999999,0.01,1.232,0.023634453781512604,0.023634453781512604,0.023634453781512604,0.0,0.44905462184873945,0.0,1.1817226890756303,0.9690126050420168,0.11817226890756304,2.2452731092436977,1.0399159663865547,1.4653361344537816,0.8744747899159664,0.21271008403361344
Álex Moreno,Girona,ESP-La Liga,32,ESP,DF,7224.0,25.5,0.05,1.5779999999999998,0.024916943521594685,0.12458471760797343,0.024916943521594685,0.0,0.16196013289036545,0.0,1.1088039867109636,0.872093023255814,0.14950166112956811,2.441860465116279,0.9966777408637875,1.1710963455149503,0.6976744186046512,0.18687707641196014
Álex Muñoz,Las Palmas,ESP-La Liga,30,ESP,DF,1415.0,55.6,0.33,0.9,0.1908127208480565,0.0,0.1908127208480565,0.0,0.1908127208480565,0.0,1.9081272084805656,0.8904593639575972,0.127208480565371,1.717314487632509,1.017667844522968,1.7809187279151943,0.5724381625441697,0.31802120141342755
Álex Suárez,Las Palmas,ESP-La Liga,31,ESP,DF,5022.0,60.7,0.145,0.9650000000000001,0.035842293906810034,0.0,0.035842293906810034,0.0,0.34050179211469533,0.0,0.9498207885304659,0.878136200716846,0.07168458781362007,0.2867383512544803,0.5913978494623656,1.1290322580645162,0.23297491039426524,0.14336917562724014
Álex Valle,Como,ITA-Serie A,22-138,ESP,DF,3326.0,16.433333333333334,0.03,1.9166666666666667,0.027059530968129887,0.13529765484064943,0.027059530968129887,0.0,0.13529765484064943,0.0,1.3800360793746242,1.0553217077570656,0.054119061936259774,1.7859290438965725,0.9741431148526759,1.1635598316295852,0.6764882742032472,0.10823812387251955
Álvaro Aguado,Espanyol,ESP-La Liga,28,ESP,MF,2331.0,20.0,0.025,1.045,0.03861003861003861,0.11583011583011582,0.03861003861003861,0.0,0.2702702702702703,0.0,0.7335907335907337,1.5830115830115832,0.0,2.664092664092664,0.6563706563706564,0.5791505791505791,1.1583011583011582,0.2702702702702703
Álvaro Carreras,Real Madrid,ESP-La Liga,23-171,ESP,DF,2918.0,15.866666666666665,0.07333333333333333,1.57,0.061686086360520906,0.09252912954078135,0.061686086360520906,0.0,0.21590130226182316,0.030843043180260453,0.8944482522275531,1.3879369431117203,0.1850582590815627,1.4496230294722412,1.4804660726525016,0.8327621658670322,0.49348869088416725,0.12337217272104181
Álvaro García,Rayo Vallecano,ESP-La Liga,33-318,ESP,"MF,FW",10273.0,46.04,0.126,1.1480000000000001,0.1752165871702521,0.1489340990947143,0.1752165871702521,0.0,0.20149907524578994,0.008760829358512606,0.8848437652097731,0.7621921541905967,0.6132580550958824,4.266523897595639,1.0688211817385378,0.8322787890586977,1.9186216295142606,0.7534313248320841
Álvaro Morata,Como,ITA-Serie A,32,ESP,FW,5833.0,42.25,0.1475,1.8699999999999999,0.5091719526830105,0.09257671866963826,0.5091719526830105,0.0,0.26230070289730845,0.030858906223212756,1.7435282016115206,2.206411794959712,1.2189267958169039,0.5554603120178296,0.10800617178124464,0.6480370306874679,2.9007371849819985,1.3115035144865421
Álvaro Núñez,Celta Vigo,ESP-La Liga,26-065,ESP,"MF,DF",2148.0,50.0,0.0,0.96,0.0,0.08379888268156424,0.0,0.0,0.08379888268156424,0.0,0.6703910614525139,0.963687150837989,0.16759776536312848,2.6396648044692737,0.7960893854748603,0.7122905027932961,0.29329608938547486,0.08379888268156424
Álvaro Rodríguez,Elche,ESP-La Liga,21,URU,FW,3143.0,24.4,0.134,1.588,0.28635062042634424,0.17181037225580656,0.28635062042634424,0.0,0.2290804963410754,0.0,2.0330894050270443,2.0044543429844097,0.8017817371937639,0.40089086859688194,0.20044543429844097,0.6299713649379574,2.9207763283487114,1.0022271714922049
Álvaro Tejero,Espanyol,ESP-La Liga,28,ESP,"MF,DF",1238.0,23.5,0.06,0.96,0.07269789983844911,0.29079159935379645,0.07269789983844911,0.0,0.14539579967689822,0.0,1.0177705977382876,1.381260096930533,0.07269789983844911,8.069466882067852,0.8723747980613893,0.21809369951534732,1.235864297253635,0.29079159935379645
Ángel Algobia,Getafe,ESP-La Liga,23,ESP,MF,1138.0,14.3,0.0,1.19,0.0,0.0,0.0,0.0,0.23725834797891038,0.0,2.4516695957820738,0.7908611599297013,0.0,0.9490333919156415,0.3163444639718805,0.9490333919156415,0.5536028119507909,0.07908611599297012
Ángel Correa,Atlético Madrid,ESP-La Liga,29,ARG,FW,3788.0,43.199999999999996,0.18000000000000002,1.96,0.5227032734952481,0.09503695881731784,0.5227032734952481,0.0,0.21383315733896516,0.04751847940865892,1.4493136219640972,1.4968321013727561,0.8315733896515312,2.0908130939809926,0.3801478352692714,0.5702217529039071,2.851108764519535,1.2354804646251318
Ángel Di María,Juventus,ITA-Serie A,34,ARG,"FW,MF",1363.0,34.2,0.11,1.81,0.26412325752017607,0.26412325752017607,0.19809244314013205,0.06603081438004402,0.06603081438004402,0.06603081438004402,0.3961848862802641,1.5847395451210564,0.26412325752017607,6.338958180484226,0.4622157006603081,0.3301540719002201,2.5091709464416727,0.8584005869405723
Ángel Ortíz,Real Betis,ESP-La Liga,22-047,ESP,DF,1007.0,0.0,0.0,1.9799999999999998,0.0,0.08937437934458788,0.0,0.0,0.08937437934458788,0.0,1.429990069513406,1.3406156901688182,0.0,3.3962264150943393,0.5362462760675273,2.5918570009930484,0.3574975173783515,0.0
Ángel Pérez,Alavés,ESP-La Liga,24-012,ESP,"MF,DF",1591.0,34.3,0.035,1.815,0.056568196103079824,0.33940917661847897,0.056568196103079824,0.0,0.2262727844123193,0.0,1.1313639220615965,1.0747957259585166,0.5656819610307983,5.826524198617222,0.6788183532369579,0.7919547454431175,1.0747957259585166,0.33940917661847897
Ângelo,Strasbourg,FRA-Ligue 1,18,BRA,"MF,FW",1094.0,44.4,0.0,1.05,0.0,0.24680073126142596,0.0,0.0,0.08226691042047532,0.0,0.9872029250457038,1.809872029250457,0.16453382084095064,3.455210237659964,0.7404021937842779,0.9872029250457038,0.7404021937842779,0.3290676416819013
Éder Militão,Real Madrid,ESP-La Liga,27,BRA,DF,5276.0,53.45,0.10750000000000001,2.2275,0.13646702047005307,0.03411675511751327,0.13646702047005307,0.0,0.13646702047005307,0.0,1.2452615617892344,1.0917361637604246,0.0511751326762699,0.27293404094010615,1.1429112964366945,1.1258529188779378,0.938210765731615,0.3923426838514026
Éderson Silva,Atalanta,ITA-Serie A,27-065,BRA,MF,10430.0,43.78,0.136,1.782,0.12080536912751677,0.03451581975071908,0.11217641418983701,0.00862895493767977,0.1725790987535954,0.00862895493767977,1.2166826462128475,1.5186960690316396,0.01725790987535954,0.5953978906999041,1.1735378715244487,1.3288590604026846,1.3029721955896452,0.40556088207094915
Édgar González,Almería,ESP-La Liga,26,ESP,"DF,MF",4294.0,28.2,0.075,1.15,0.04191895668374476,0.0,0.04191895668374476,0.0,0.3143921751280857,0.06287843502561714,1.0898928737773637,0.39823008849557523,0.08383791336748952,0.04191895668374476,1.152771308802981,0.7964601769911505,0.46110852352119236,0.1257568700512343
Érik Lamela,Sevilla,ESP-La Liga,31,ARG,MF,2307.0,48.349999999999994,0.18,1.2650000000000001,0.3120936280884265,0.0,0.3120936280884265,0.0,0.5071521456436932,0.03901170351105331,2.808842652795839,1.0533159947984396,0.42912873862158646,1.7165149544863458,0.3511053315994799,1.599479843953186,2.0676202860858255,1.0533159947984396
Étienne Capoue,Villarreal,ESP-La Liga,35,FRA,MF,3410.0,40.95,0.095,1.405,0.10557184750733138,0.026392961876832845,0.10557184750733138,0.0,0.31671554252199413,0.0,1.1348973607038122,2.164222873900293,0.05278592375366569,0.4222873900293255,1.1085043988269796,0.844574780058651,1.0557184750733137,0.4486803519061584
Ísak Jóhannesson,Köln,Unknown,23-171,ISL,MF,1989.0,17.85,0.035,1.2349999999999999,0.045248868778280535,0.09049773755656107,0.045248868778280535,0.0,0.2714932126696833,0.0,0.6334841628959276,0.3167420814479638,0.09049773755656107,3.484162895927602,0.3619909502262443,0.8597285067873304,0.7239819004524886,0.22624434389140274
Íñigo Eguaras,Almería,ESP-La Liga,30,ESP,MF,967.0,37.5,0.13,1.4,0.09307135470527406,0.09307135470527406,0.09307135470527406,0.0,0.5584281282316442,0.0,0.6514994829369183,0.7445708376421925,0.0,0.2792140641158221,0.6514994829369183,0.7445708376421925,0.7445708376421925,0.2792140641158221
Óliver Torres,Sevilla,ESP-La Liga,28,ESP,MF,3753.0,35.7,0.07,1.2650000000000001,0.07194244604316546,0.047961630695443645,0.07194244604316546,0.0,0.11990407673860912,0.0,1.2949640287769786,1.6067146282973621,0.3117505995203837,2.446043165467626,0.4316546762589928,1.0311750599520384,0.7194244604316546,0.2637889688249401
Óscar Gil,Espanyol,ESP-La Liga,25,ESP,DF,2559.0,16.7,0.0,1.06,0.0,0.035169988276670575,0.0,0.0,0.492379835873388,0.0,1.8640093786635403,1.3364595545134819,0.0,1.3012895662368114,1.2309495896834701,1.3364595545134819,0.42203985932004684,0.07033997655334115
Óscar Melendo,Granada,ESP-La Liga,25,ESP,"MF,FW",1122.0,33.3,0.0,0.31,0.0,0.0,0.0,0.0,0.16042780748663102,0.0,0.8823529411764706,2.9679144385026737,0.08021390374331551,0.7219251336898397,0.32085561497326204,0.48128342245989303,0.48128342245989303,0.16042780748663102
Óscar Mingueza,Celta Vigo,ESP-La Liga,26,ESP,MF,8997.0,22.48,0.052000000000000005,1.3439999999999999,0.07002334111370456,0.12004001333777925,0.07002334111370456,0.0,0.160053351117039,0.010003334444814937,0.800266755585195,1.110370123374458,0.05001667222407469,3.821273757919306,0.6202067355785261,1.0803601200400132,0.800266755585195,0.28009336445481825
Óscar Plano,Valladolid,ESP-La Liga,31,ESP,"MF,FW",2038.0,36.7,0.03,1.0,0.04416094210009813,0.04416094210009813,0.04416094210009813,0.0,0.1324828263002944,0.0,1.015701668302257,2.2080471050049066,0.30912659470068693,1.015701668302257,1.1923454367026496,1.1481844946025515,1.3248282630029442,0.4857703631010795
Óscar Rodríguez Arnaiz,Leganés,ESP-La Liga,26,ESP,MF,4072.0,29.03333333333333,0.04666666666666667,1.0933333333333333,0.11051080550098231,0.11051080550098231,0.11051080550098231,0.0,0.4641453831041258,0.02210216110019646,1.3482318271119842,1.4587426326129667,0.08840864440078584,3.425834970530452,1.1272102161100197,1.1714145383104126,2.431237721021611,0.7293713163064833
Óscar Trejo,Rayo Vallecano,ESP-La Liga,37,ARG,MF,4165.0,47.5,0.0825,1.0825,0.08643457382953182,0.10804321728691475,0.06482593037214886,0.021608643457382955,0.3457382953181273,0.021608643457382955,2.960384153661465,2.63625450180072,0.19447779111644659,1.4909963985594237,0.4105642256902761,1.2100840336134455,1.0372148859543817,0.3025210084033614
Óscar Valentín,Rayo Vallecano,ESP-La Liga,32-021,ESP,MF,9449.0,21.04,0.030000000000000006,1.252,0.019049634881998095,0.0,0.019049634881998095,0.0,0.2571700709069743,0.019049634881998095,2.3431050904857655,1.4096729812678592,0.009524817440999048,0.17144671393798286,1.3048999894168696,1.971637210286803,0.4381416022859562,0.1238226267329876
Óscar de Marcos,Athletic Club,ESP-La Liga,35,ESP,DF,6641.0,38.333333333333336,0.15,1.6966666666666665,0.027104351754253877,0.20328263815690406,0.027104351754253877,0.0,0.16262611052552328,0.0,1.097726246047282,0.44722180394518896,0.10841740701701551,4.092757114892335,0.7589218491191085,1.2739045324499323,0.23038698991115794,0.08131305526276164
Þórir Jóhann Helgason,Lecce,ITA-Serie A,24,ISL,MF,1525.0,32.666666666666664,0.0,0.6566666666666666,0.0,0.2360655737704918,0.0,0.0,0.0,0.0,0.7081967213114754,0.7081967213114754,0.1180327868852459,5.016393442622951,0.6491803278688525,0.5311475409836065,1.239344262295082,0.4131147540983607
İlkay Gündoğan,Barcelona,ESP-La Liga,32,GER,MF,7570.0,34.13333333333333,0.10333333333333333,2.1733333333333333,0.16644649933949804,0.22589167767503301,0.15455746367239104,0.011889035667107,0.071334214002642,0.0,0.630118890356671,1.1175693527080581,0.15455746367239104,2.9603698811096435,0.6420079260237781,0.6182298546895642,1.4742404227212682,0.523117569352708
